Entity,Code,Year,Internet,Productivity,Human Development Index,region
Afghanistan,AFG,1990,0.0,,0.285,Asia
Afghanistan,AFG,1991,0.0,,0.291,Asia
Afghanistan,AFG,1992,0.0,,0.301,Asia
Afghanistan,AFG,1993,0.0,,0.311,Asia
Afghanistan,AFG,1994,0.0,,0.305,Asia
Afghanistan,AFG,1995,0.0,,0.329,Asia
Afghanistan,AFG,2001,0.00472257,,0.355,Asia
Afghanistan,AFG,2002,0.0045614,,0.383,Asia
Afghanistan,AFG,2003,0.0878913,,0.392,Asia
Afghanistan,AFG,2004,0.105809,,0.408,Asia
Afghanistan,AFG,2005,1.22415,,0.417,Asia
Afghanistan,AFG,2006,2.10712,,0.426,Asia
Afghanistan,AFG,2007,1.9,,0.442,Asia
Afghanistan,AFG,2008,1.84,,0.446,Asia
Afghanistan,AFG,2009,3.55,,0.458,Asia
Afghanistan,AFG,2010,4.0,,0.465,Asia
Afghanistan,AFG,2011,5.0,,0.474,Asia
Afghanistan,AFG,2012,5.45455,,0.484,Asia
Afghanistan,AFG,2013,5.9,,0.492,Asia
Afghanistan,AFG,2014,7.0,,0.497,Asia
Afghanistan,AFG,2015,8.26,,0.496,Asia
Afghanistan,AFG,2016,11.0,,0.495,Asia
Afghanistan,AFG,2017,13.5,,0.496,Asia
Afghanistan,AFG,2018,16.8,,0.498,Asia
Afghanistan,AFG,2019,17.6,,0.507,Asia
Afghanistan,AFG,2020,18.4,,0.501,Asia
Albania,ALB,1990,0.0,,0.654,Europe
Albania,ALB,1991,0.0,,0.638,Europe
Albania,ALB,1992,0.0,,0.622,Europe
Albania,ALB,1993,0.0,,0.624,Europe
Albania,ALB,1994,0.0,,0.629,Europe
Albania,ALB,1995,0.011168695,,0.638,Europe
Albania,ALB,1996,0.032196827,,0.647,Europe
Albania,ALB,1997,0.04859392,,0.645,Europe
Albania,ALB,1998,0.06502737,,0.659,Europe
Albania,ALB,1999,0.081437044,,0.671,Europe
Albania,ALB,2000,0.114097,,0.682,Europe
Albania,ALB,2001,0.325798,,0.691,Europe
Albania,ALB,2002,0.390081,,0.697,Europe
Albania,ALB,2003,0.9719,,0.705,Europe
Albania,ALB,2004,2.42039,,0.71,Europe
Albania,ALB,2005,6.04389,10.353054,0.723,Europe
Albania,ALB,2006,9.60999,11.228283,0.732,Europe
Albania,ALB,2007,15.0361,11.995945,0.742,Europe
Albania,ALB,2008,23.86,14.754907,0.749,Europe
Albania,ALB,2009,41.2,15.838745,0.756,Europe
Albania,ALB,2010,45.0,16.740137,0.769,Europe
Albania,ALB,2011,47.0,19.475384,0.781,Europe
Albania,ALB,2012,49.4,17.850225,0.79,Europe
Albania,ALB,2013,51.8,16.885489,0.793,Europe
Albania,ALB,2014,54.3,19.12617,0.797,Europe
Albania,ALB,2015,56.9,18.931322,0.797,Europe
Albania,ALB,2016,59.6,17.095486,0.797,Europe
Albania,ALB,2017,62.4,16.803322,0.798,Europe
Albania,ALB,2018,65.4,15.943719,0.801,Europe
Albania,ALB,2019,68.5504,16.41217,0.805,Europe
Albania,ALB,2020,72.2377,17.260818,0.794,Europe
Albania,ALB,2021,79.3237,17.642544,0.794,Europe
Albania,ALB,2022,82.6137,17.405945,0.806,Europe
Albania,ALB,2023,83.1356,17.839582,0.81,Europe
Algeria,DZA,1990,0.0,,0.595,Africa
Algeria,DZA,1991,0.0,,0.596,Africa
Algeria,DZA,1992,0.0,,0.601,Africa
Algeria,DZA,1993,0.0,,0.603,Africa
Algeria,DZA,1994,0.000360674,,0.603,Africa
Algeria,DZA,1995,0.001768954,,0.608,Africa
Algeria,DZA,1996,0.001738533,,0.615,Africa
Algeria,DZA,1997,0.010268463,,0.624,Africa
Algeria,DZA,1998,0.020238554,,0.634,Africa
Algeria,DZA,1999,0.19952384,,0.643,Africa
Algeria,DZA,2000,0.491706,,0.651,Africa
Algeria,DZA,2001,0.646114,,0.659,Africa
Algeria,DZA,2002,1.59164,,0.669,Africa
Algeria,DZA,2003,2.19536,,0.677,Africa
Algeria,DZA,2004,4.63448,,0.685,Africa
Algeria,DZA,2005,5.84394,24.904377,0.692,Africa
Algeria,DZA,2006,7.37598,24.982725,0.698,Africa
Algeria,DZA,2007,9.45119,26.766428,0.704,Africa
Algeria,DZA,2008,10.18,27.044752,0.711,Africa
Algeria,DZA,2009,11.23,24.04266,0.714,Africa
Algeria,DZA,2010,12.5,27.098522,0.718,Africa
Algeria,DZA,2011,14.9,29.435295,0.718,Africa
Algeria,DZA,2012,18.2,27.901808,0.723,Africa
Algeria,DZA,2013,22.5,25.960312,0.727,Africa
Algeria,DZA,2014,29.5,27.280413,0.732,Africa
Algeria,DZA,2015,38.2,24.338114,0.737,Africa
Algeria,DZA,2016,42.9455,23.011421,0.743,Africa
Algeria,DZA,2017,47.6911,22.562914,0.746,Africa
Algeria,DZA,2018,49.0385,22.359617,0.749,Africa
Algeria,DZA,2019,58.9776,23.577648,0.753,Africa
Algeria,DZA,2020,60.6534,25.949974,0.742,Africa
Algeria,DZA,2021,66.2356,26.447344,0.755,Africa
Algeria,DZA,2022,71.2432,25.643744,0.761,Africa
American Samoa,ASM,1990,0.0,,,Oceania
American Samoa,ASM,1991,0.0,,,Oceania
American Samoa,ASM,1992,0.0,,,Oceania
American Samoa,ASM,1993,0.0,,,Oceania
American Samoa,ASM,1994,0.0,,,Oceania
American Samoa,ASM,1995,0.0,,,Oceania
Andorra,AND,1990,0.0,,,Europe
Andorra,AND,1991,0.0,,,Europe
Andorra,AND,1992,0.0,,,Europe
Andorra,AND,1993,0.0,,,Europe
Andorra,AND,1994,0.0,,,Europe
Andorra,AND,1995,0.0,,,Europe
Andorra,AND,1996,1.5266011,,,Europe
Andorra,AND,1997,3.0501754,,,Europe
Andorra,AND,1998,6.886209,,,Europe
Andorra,AND,1999,7.635686,,,Europe
Andorra,AND,2000,10.5388,,0.825,Europe
Andorra,AND,2002,11.2605,,0.838,Europe
Andorra,AND,2003,13.5464,,0.84,Europe
Andorra,AND,2004,26.838,,0.849,Europe
Andorra,AND,2005,37.6058,,0.842,Europe
Andorra,AND,2006,48.9368,,0.851,Europe
Andorra,AND,2007,70.87,,0.859,Europe
Andorra,AND,2008,70.04,,0.864,Europe
Andorra,AND,2009,78.53,,0.866,Europe
Andorra,AND,2010,81.0,,0.87,Europe
Andorra,AND,2011,81.0,,0.875,Europe
Andorra,AND,2012,82.7,,0.876,Europe
Andorra,AND,2013,84.4,,0.862,Europe
Andorra,AND,2014,86.1,,0.866,Europe
Andorra,AND,2015,87.9,,0.869,Europe
Andorra,AND,2016,89.7,,0.872,Europe
Andorra,AND,2017,91.5675,,0.873,Europe
Andorra,AND,2019,90.7187,,0.876,Europe
Andorra,AND,2020,93.2056,,0.851,Europe
Andorra,AND,2021,93.8975,,0.871,Europe
Andorra,AND,2022,94.4855,,0.893,Europe
Angola,AGO,1990,0.0,,,Africa
Angola,AGO,1991,0.0,,,Africa
Angola,AGO,1992,0.0,,,Africa
Angola,AGO,1993,0.0,,,Africa
Angola,AGO,1994,0.0,,,Africa
Angola,AGO,1995,0.0,,,Africa
Angola,AGO,1996,0.000775929,,,Africa
Angola,AGO,1997,0.005673746,,,Africa
Angola,AGO,1998,0.018453725,,,Africa
Angola,AGO,1999,0.071964085,,0.379,Africa
Angola,AGO,2000,0.105046,,0.391,Africa
Angola,AGO,2001,0.136014,,0.401,Africa
Angola,AGO,2002,0.270377,,0.417,Africa
Angola,AGO,2003,0.370682,,0.435,Africa
Angola,AGO,2004,0.464815,,0.448,Africa
Angola,AGO,2005,1.14337,4.520126,0.463,Africa
Angola,AGO,2006,1.5,5.8220634,0.475,Africa
Angola,AGO,2007,1.7,6.4118166,0.492,Africa
Angola,AGO,2008,1.9,7.6825566,0.504,Africa
Angola,AGO,2009,2.3,5.721538,0.517,Africa
Angola,AGO,2010,2.8,7.7260833,0.528,Africa
Angola,AGO,2011,4.7,9.381851,0.545,Africa
Angola,AGO,2012,7.7,10.318413,0.557,Africa
Angola,AGO,2013,13.0,10.442036,0.567,Africa
Angola,AGO,2014,21.3623,10.691587,0.577,Africa
Angola,AGO,2015,22.0,9.139575,0.603,Africa
Angola,AGO,2016,23.2,8.484288,0.609,Africa
Angola,AGO,2017,26.0,8.5037155,0.61,Africa
Angola,AGO,2018,29.0,8.283195,0.611,Africa
Angola,AGO,2019,32.1294,7.9655814,0.611,Africa
Angola,AGO,2020,36.6347,7.4161253,0.61,Africa
Angola,AGO,2021,37.8067,6.47309,0.609,Africa
Angola,AGO,2022,39.2935,6.241098,0.615,Africa
Antigua and Barbuda,ATG,1990,0.0,,,Americas
Antigua and Barbuda,ATG,1991,0.0,,,Americas
Antigua and Barbuda,ATG,1992,0.0,,,Americas
Antigua and Barbuda,ATG,1993,0.0,,,Americas
Antigua and Barbuda,ATG,1994,0.0,,,Americas
Antigua and Barbuda,ATG,1995,2.2007687,,,Americas
Antigua and Barbuda,ATG,1996,2.8584495,,,Americas
Antigua and Barbuda,ATG,1997,3.480537,,,Americas
Antigua and Barbuda,ATG,1998,4.0717163,,,Americas
Antigua and Barbuda,ATG,1999,5.300681,,,Americas
Antigua and Barbuda,ATG,2000,6.48223,,,Americas
Antigua and Barbuda,ATG,2001,8.89929,,,Americas
Antigua and Barbuda,ATG,2002,12.5,,,Americas
Antigua and Barbuda,ATG,2003,17.2286,,,Americas
Antigua and Barbuda,ATG,2004,24.2665,,,Americas
Antigua and Barbuda,ATG,2005,27.0,,,Americas
Antigua and Barbuda,ATG,2006,30.0,,,Americas
Antigua and Barbuda,ATG,2007,34.0,,0.827,Americas
Antigua and Barbuda,ATG,2008,38.0,,0.83,Americas
Antigua and Barbuda,ATG,2009,42.0,,0.827,Americas
Antigua and Barbuda,ATG,2010,47.0,,0.828,Americas
Antigua and Barbuda,ATG,2011,52.0,,0.828,Americas
Antigua and Barbuda,ATG,2012,58.0,,0.833,Americas
Antigua and Barbuda,ATG,2013,63.4,,0.835,Americas
Antigua and Barbuda,ATG,2014,67.78,,0.837,Americas
Antigua and Barbuda,ATG,2015,70.0,,0.839,Americas
Antigua and Barbuda,ATG,2016,73.0,,0.842,Americas
Antigua and Barbuda,ATG,2017,76.2,,0.845,Americas
Antigua and Barbuda,ATG,2018,79.6,,0.85,Americas
Antigua and Barbuda,ATG,2019,83.2,,0.851,Americas
Antigua and Barbuda,ATG,2020,86.8837,,0.84,Americas
Antigua and Barbuda,ATG,2021,87.074,,0.843,Americas
Antigua and Barbuda,ATG,2022,91.4123,,0.848,Americas
Argentina,ARG,1990,0.0,10.432155,0.733,Americas
Argentina,ARG,1991,0.0,11.980544,0.739,Americas
Argentina,ARG,1992,0.002992874,13.97899,0.743,Americas
Argentina,ARG,1993,0.029527064,15.883223,0.748,Americas
Argentina,ARG,1994,0.04370595,18.148232,0.753,Americas
Argentina,ARG,1995,0.08627708,21.263348,0.754,Americas
Argentina,ARG,1996,0.1419547,26.70153,0.76,Americas
Argentina,ARG,1997,0.2803399,26.122179,0.768,Americas
Argentina,ARG,1998,0.8307667,24.831041,0.772,Americas
Argentina,ARG,1999,3.284482,23.373936,0.783,Americas
Argentina,ARG,2000,7.03868,23.287077,0.789,Americas
Argentina,ARG,2001,9.78081,22.649946,0.795,Americas
Argentina,ARG,2002,10.8821,20.690678,0.795,Americas
Argentina,ARG,2003,11.9137,21.357645,0.804,Americas
Argentina,ARG,2004,16.0367,21.545889,0.808,Americas
Argentina,ARG,2005,17.7206,21.956108,0.812,Americas
Argentina,ARG,2006,20.9272,23.118025,0.822,Americas
Argentina,ARG,2007,25.9466,24.502375,0.825,Americas
Argentina,ARG,2008,28.1126,25.795603,0.833,Americas
Argentina,ARG,2009,34.0,24.84021,0.835,Americas
Argentina,ARG,2010,45.0,27.548946,0.844,Americas
Argentina,ARG,2011,51.0,30.288898,0.852,Americas
Argentina,ARG,2012,55.8,30.902163,0.85,Americas
Argentina,ARG,2013,59.9,30.424402,0.852,Americas
Argentina,ARG,2014,64.7,29.664883,0.855,Americas
Argentina,ARG,2015,68.0431,30.041763,0.859,Americas
Argentina,ARG,2016,70.969,31.259394,0.857,Americas
Argentina,ARG,2017,74.2949,34.320583,0.861,Americas
Argentina,ARG,2018,77.7,35.61679,0.861,Americas
Argentina,ARG,2019,79.947,33.71197,0.861,Americas
Argentina,ARG,2020,85.5144,36.470943,0.851,Americas
Argentina,ARG,2021,87.1507,34.767593,0.847,Americas
Argentina,ARG,2022,88.3754,37.22633,0.858,Americas
Argentina,ARG,2023,89.229,33.81828,0.865,Americas
Armenia,ARM,1990,0.0,,0.663,Asia
Armenia,ARM,1991,0.0,,0.652,Asia
Armenia,ARM,1992,0.0,,0.618,Asia
Armenia,ARM,1993,0.0,,0.621,Asia
Armenia,ARM,1994,0.009117014,,0.625,Asia
Armenia,ARM,1995,0.052743122,,0.631,Asia
Armenia,ARM,1996,0.0945729,,0.635,Asia
Armenia,ARM,1997,0.11165094,,0.644,Asia
Armenia,ARM,1998,0.12865947,,0.655,Asia
Armenia,ARM,1999,0.97073776,,0.661,Asia
Armenia,ARM,2000,1.30047,,0.667,Asia
Armenia,ARM,2001,1.63109,,0.672,Asia
Armenia,ARM,2002,1.96041,,0.682,Asia
Armenia,ARM,2003,4.57522,,0.692,Asia
Armenia,ARM,2004,4.89901,,0.7,Asia
Armenia,ARM,2005,5.25298,9.141103,0.711,Asia
Armenia,ARM,2006,5.63179,10.454959,0.725,Asia
Armenia,ARM,2007,6.02125,11.742122,0.739,Asia
Armenia,ARM,2008,6.21,10.887458,0.743,Asia
Armenia,ARM,2009,15.3,11.733119,0.741,Asia
Armenia,ARM,2010,25.0,12.55782,0.747,Asia
Armenia,ARM,2011,32.0,14.058219,0.752,Asia
Armenia,ARM,2012,37.5,15.964524,0.761,Asia
Armenia,ARM,2013,41.9,14.97815,0.766,Asia
Armenia,ARM,2014,54.6228,15.452359,0.772,Asia
Armenia,ARM,2015,59.1008,17.508825,0.777,Asia
Armenia,ARM,2016,64.346,20.207623,0.783,Asia
Armenia,ARM,2017,64.7449,22.870064,0.785,Asia
Armenia,ARM,2018,68.2451,21.194443,0.789,Asia
Armenia,ARM,2019,66.5439,24.245123,0.796,Asia
Armenia,ARM,2020,76.5077,25.175135,0.761,Asia
Armenia,ARM,2021,78.6123,23.543379,0.786,Asia
Armenia,ARM,2022,77.0277,24.662813,0.801,Asia
Aruba,ABW,1990,0.0,,,Americas
Aruba,ABW,1991,0.0,,,Americas
Aruba,ABW,1992,0.0,,,Americas
Aruba,ABW,1993,0.0,,,Americas
Aruba,ABW,1994,0.0,,,Americas
Aruba,ABW,1995,0.0,,,Americas
Aruba,ABW,1996,2.7683825,,,Americas
Aruba,ABW,1999,4.5061793,,,Americas
Aruba,ABW,2000,15.4428,,,Americas
Aruba,ABW,2001,17.1,,,Americas
Aruba,ABW,2002,18.8,,,Americas
Aruba,ABW,2003,20.8,,,Americas
Aruba,ABW,2004,23.0,,,Americas
Aruba,ABW,2005,25.4,,,Americas
Aruba,ABW,2006,28.0,,,Americas
Aruba,ABW,2007,30.9,,,Americas
Aruba,ABW,2008,52.0,,,Americas
Aruba,ABW,2009,58.0,,,Americas
Aruba,ABW,2010,62.0,,,Americas
Aruba,ABW,2011,69.0,,,Americas
Aruba,ABW,2012,74.0,,,Americas
Aruba,ABW,2013,78.9,,,Americas
Aruba,ABW,2014,83.78,,,Americas
Aruba,ABW,2015,88.6612,,,Americas
Aruba,ABW,2016,93.5425,,,Americas
Aruba,ABW,2017,97.17,,,Americas
Australia,AUS,1990,0.5850947,40.505577,0.867,Oceania
Australia,AUS,1991,1.0972039,41.755432,0.868,Oceania
Australia,AUS,1992,1.7687649,43.746502,0.868,Oceania
Australia,AUS,1993,1.974611,44.71063,0.872,Oceania
Australia,AUS,1994,2.2321012,45.21353,0.873,Oceania
Australia,AUS,1995,2.7596545,45.956936,0.882,Oceania
Australia,AUS,1996,3.27525,47.4686,0.884,Oceania
Australia,AUS,1997,16.369358,49.61656,0.887,Oceania
Australia,AUS,1998,30.81324,50.72947,0.891,Oceania
Australia,AUS,1999,40.783783,52.554787,0.893,Oceania
Australia,AUS,2000,46.7561,52.59428,0.897,Oceania
Australia,AUS,2001,52.6893,53.9811,0.9,Oceania
Australia,AUS,2005,63.0,59.973167,0.914,Oceania
Australia,AUS,2006,66.0,59.90955,0.917,Oceania
Australia,AUS,2007,69.45,59.748547,0.919,Oceania
Australia,AUS,2008,71.67,60.984226,0.924,Oceania
Australia,AUS,2009,74.25,60.552567,0.927,Oceania
Australia,AUS,2010,76.0,66.426834,0.929,Oceania
Australia,AUS,2011,79.4877,68.34106,0.933,Oceania
Australia,AUS,2012,79.0,67.26891,0.938,Oceania
Australia,AUS,2013,83.4535,69.42627,0.935,Oceania
Australia,AUS,2014,84.0,69.18332,0.937,Oceania
Australia,AUS,2015,84.5605,64.93884,0.938,Oceania
Australia,AUS,2016,86.54,68.32087,0.939,Oceania
Australia,AUS,2017,86.545,69.41445,0.94,Oceania
Australia,AUS,2018,90.0,70.9219,0.945,Oceania
Australia,AUS,2019,93.6099,71.46591,0.947,Oceania
Australia,AUS,2020,94.6935,74.895004,0.95,Oceania
Australia,AUS,2021,94.9886,76.782364,0.954,Oceania
Australia,AUS,2022,94.8762,77.168205,0.952,Oceania
Austria,AUT,1990,0.13036938,38.11557,0.832,Europe
Austria,AUT,1991,0.25908154,39.25962,0.835,Europe
Austria,AUT,1992,0.6428176,41.57247,0.841,Europe
Austria,AUT,1993,0.7653427,42.9456,0.845,Europe
Austria,AUT,1994,1.393423,45.262436,0.851,Europe
Austria,AUT,1995,1.8902105,48.23329,0.856,Europe
Austria,AUT,1996,6.9091625,48.070328,0.861,Europe
Austria,AUT,1997,9.533975,49.89571,0.865,Europe
Austria,AUT,1998,15.421219,51.796326,0.87,Europe
Austria,AUT,1999,23.044317,52.920856,0.874,Europe
Austria,AUT,2000,33.7301,55.563023,0.879,Europe
Austria,AUT,2001,39.1855,54.67163,0.883,Europe
Austria,AUT,2002,36.56,56.25957,0.887,Europe
Austria,AUT,2003,42.7,56.851048,0.889,Europe
Austria,AUT,2004,54.28,58.22549,0.895,Europe
Austria,AUT,2005,58.0,61.650867,0.898,Europe
Austria,AUT,2006,63.6,62.488777,0.902,Europe
Austria,AUT,2007,69.37,64.070755,0.905,Europe
Austria,AUT,2008,72.87,65.52234,0.907,Europe
Austria,AUT,2009,73.45,64.993904,0.907,Europe
Austria,AUT,2010,75.17,66.47581,0.912,Europe
Austria,AUT,2011,78.74,68.57759,0.915,Europe
Austria,AUT,2012,80.03,70.070335,0.916,Europe
Austria,AUT,2013,80.6188,69.24733,0.915,Europe
Austria,AUT,2014,80.9958,72.200165,0.919,Europe
Austria,AUT,2015,83.9401,74.01847,0.919,Europe
Austria,AUT,2016,84.3237,73.73715,0.921,Europe
Austria,AUT,2017,87.9356,76.241165,0.922,Europe
Austria,AUT,2018,87.4791,77.677826,0.925,Europe
Austria,AUT,2019,87.7522,81.325676,0.928,Europe
Austria,AUT,2020,87.5294,85.04281,0.925,Europe
Austria,AUT,2021,92.5292,84.39119,0.93,Europe
Austria,AUT,2022,93.6141,86.678185,0.927,Europe
Austria,AUT,2023,95.3347,84.96935,0.93,Europe
Azerbaijan,AZE,1990,0.0,,,Asia
Azerbaijan,AZE,1991,0.0,,,Asia
Azerbaijan,AZE,1992,0.0,,,Asia
Azerbaijan,AZE,1993,0.0,,,Asia
Azerbaijan,AZE,1994,0.001431415,,,Asia
Azerbaijan,AZE,1995,0.002055556,,0.618,Asia
Azerbaijan,AZE,1996,0.006354585,,0.622,Asia
Azerbaijan,AZE,1997,0.025187934,,0.626,Asia
Azerbaijan,AZE,1998,0.037485108,,0.636,Asia
Azerbaijan,AZE,1999,0.09922894,,0.646,Asia
Azerbaijan,AZE,2000,0.147758,,0.652,Asia
Azerbaijan,AZE,2001,0.305565,,0.66,Asia
Azerbaijan,AZE,2002,4.99971,,0.669,Asia
Azerbaijan,AZE,2005,8.03038,6.820282,0.692,Asia
Azerbaijan,AZE,2006,11.9922,9.650238,0.711,Asia
Azerbaijan,AZE,2007,14.54,13.282653,0.72,Asia
Azerbaijan,AZE,2008,17.08,14.734518,0.731,Asia
Azerbaijan,AZE,2009,27.4,14.93401,0.74,Asia
Azerbaijan,AZE,2010,46.0,17.730705,0.744,Asia
Azerbaijan,AZE,2011,50.0,22.647507,0.746,Asia
Azerbaijan,AZE,2012,54.2,24.888712,0.751,Asia
Azerbaijan,AZE,2013,73.0,23.835394,0.757,Asia
Azerbaijan,AZE,2014,75.0,24.064934,0.766,Asia
Azerbaijan,AZE,2015,77.0,20.041388,0.771,Asia
Azerbaijan,AZE,2016,78.2,18.758047,0.772,Asia
Azerbaijan,AZE,2017,79.0,17.896297,0.774,Asia
Azerbaijan,AZE,2018,79.8,18.896074,0.775,Asia
Azerbaijan,AZE,2019,81.1,21.091812,0.78,Asia
Azerbaijan,AZE,2020,84.6,21.489046,0.757,Asia
Azerbaijan,AZE,2021,86.0,22.756945,0.765,Asia
Azerbaijan,AZE,2022,88.0,24.026594,0.784,Asia
Bahamas,BHS,1990,0.0,,0.762,Americas
Bahamas,BHS,1991,0.0,,0.762,Americas
Bahamas,BHS,1992,0.0,,0.762,Americas
Bahamas,BHS,1993,0.0,,0.763,Americas
Bahamas,BHS,1994,0.0,,0.765,Americas
Bahamas,BHS,1995,0.96003073,,0.774,Americas
Bahamas,BHS,1996,1.7469507,,0.779,Americas
Bahamas,BHS,1997,1.3629539,,0.773,Americas
Bahamas,BHS,1998,2.3355906,,0.777,Americas
Bahamas,BHS,1999,3.7645578,,0.783,Americas
Bahamas,BHS,2000,8.0,,0.787,Americas
Bahamas,BHS,2001,11.8,,0.79,Americas
Bahamas,BHS,2002,18.0,,0.793,Americas
Bahamas,BHS,2003,20.0,,0.794,Americas
Bahamas,BHS,2004,22.0,,0.795,Americas
Bahamas,BHS,2005,25.0,,0.798,Americas
Bahamas,BHS,2006,26.0,,0.8,Americas
Bahamas,BHS,2007,27.0,,0.801,Americas
Bahamas,BHS,2008,31.54,,0.801,Americas
Bahamas,BHS,2009,33.88,,0.8,Americas
Bahamas,BHS,2010,43.0,,0.801,Americas
Bahamas,BHS,2011,65.0,,0.802,Americas
Bahamas,BHS,2012,71.7482,,0.805,Americas
Bahamas,BHS,2013,72.0,,0.805,Americas
Bahamas,BHS,2014,76.92,,0.807,Americas
Bahamas,BHS,2015,78.0,,0.807,Americas
Bahamas,BHS,2016,80.0,,0.808,Americas
Bahamas,BHS,2017,80.6,,0.81,Americas
Bahamas,BHS,2018,83.0,,0.812,Americas
Bahamas,BHS,2019,90.6933,,0.8,Americas
Bahamas,BHS,2020,92.4437,,0.797,Americas
Bahamas,BHS,2021,93.7667,,0.794,Americas
Bahamas,BHS,2022,94.4117,,0.818,Americas
Bahrain,BHR,1990,0.0,,0.734,Asia
Bahrain,BHR,1991,0.0,,0.728,Asia
Bahrain,BHR,1992,0.0,,0.728,Asia
Bahrain,BHR,1993,0.0,,0.732,Asia
Bahrain,BHR,1994,0.0,,0.732,Asia
Bahrain,BHR,1995,0.34620583,,0.737,Asia
Bahrain,BHR,1996,0.8432542,,0.741,Asia
Bahrain,BHR,1997,1.6462992,,0.746,Asia
Bahrain,BHR,1998,3.218202,,0.754,Asia
Bahrain,BHR,1999,4.720358,,0.761,Asia
Bahrain,BHR,2000,6.15373,,0.775,Asia
Bahrain,BHR,2001,15.0386,,0.785,Asia
Bahrain,BHR,2002,18.0507,,0.791,Asia
Bahrain,BHR,2003,21.5549,,0.799,Asia
Bahrain,BHR,2004,21.4587,,0.795,Asia
Bahrain,BHR,2005,21.3037,42.482014,0.791,Asia
Bahrain,BHR,2006,28.244,44.85711,0.795,Asia
Bahrain,BHR,2007,32.91,46.32268,0.8,Asia
Bahrain,BHR,2008,51.95,57.32776,0.804,Asia
Bahrain,BHR,2009,53.0,43.158474,0.804,Asia
Bahrain,BHR,2010,55.0,47.78182,0.81,Asia
Bahrain,BHR,2011,77.0,52.89615,0.817,Asia
Bahrain,BHR,2012,88.0,62.00394,0.833,Asia
Bahrain,BHR,2013,90.0,57.060196,0.846,Asia
Bahrain,BHR,2014,90.5031,54.83569,0.847,Asia
Bahrain,BHR,2015,93.4783,47.574116,0.868,Asia
Bahrain,BHR,2016,98.0,43.852318,0.871,Asia
Bahrain,BHR,2017,95.8781,48.03267,0.874,Asia
Bahrain,BHR,2018,98.6447,48.81274,0.886,Asia
Bahrain,BHR,2019,99.7015,55.19671,0.894,Asia
Bahrain,BHR,2020,99.671,59.894947,0.885,Asia
Bahrain,BHR,2021,100.0,58.983624,0.885,Asia
Bahrain,BHR,2022,100.0,60.703037,0.902,Asia
Bahrain,BHR,2023,100.0,52.4707,0.899,Asia
Bangladesh,BGD,1990,0.0,1.7534578,0.397,Asia
Bangladesh,BGD,1991,0.0,1.823917,0.395,Asia
Bangladesh,BGD,1992,0.0,1.866336,0.411,Asia
Bangladesh,BGD,1993,0.0,1.9026428,0.419,Asia
Bangladesh,BGD,1994,0.0,1.9779087,0.426,Asia
Bangladesh,BGD,1995,0.0,2.055064,0.434,Asia
Bangladesh,BGD,1997,0.000751046,2.0940034,0.451,Asia
Bangladesh,BGD,1998,0.003684813,2.0729196,0.459,Asia
Bangladesh,BGD,1999,0.036170408,2.008763,0.468,Asia
Bangladesh,BGD,2000,0.0710394,2.0774,0.477,Asia
Bangladesh,BGD,2001,0.129808,2.1359174,0.486,Asia
Bangladesh,BGD,2002,0.13992,2.2502403,0.494,Asia
Bangladesh,BGD,2003,0.163878,2.319878,0.503,Asia
Bangladesh,BGD,2004,0.199036,2.3747008,0.511,Asia
Bangladesh,BGD,2005,0.241637,2.3492823,0.52,Asia
Bangladesh,BGD,2006,1.0,2.5158095,0.527,Asia
Bangladesh,BGD,2007,1.8,2.7723563,0.534,Asia
Bangladesh,BGD,2008,2.5,3.1103747,0.538,Asia
Bangladesh,BGD,2009,3.1,3.2620938,0.551,Asia
Bangladesh,BGD,2010,3.7,3.6318662,0.561,Asia
Bangladesh,BGD,2011,4.5,4.1323123,0.572,Asia
Bangladesh,BGD,2012,5.0,4.2812896,0.583,Asia
Bangladesh,BGD,2013,6.63,4.4289165,0.589,Asia
Bangladesh,BGD,2014,11.9,5.619635,0.6,Asia
Bangladesh,BGD,2015,12.9,5.2979045,0.621,Asia
Bangladesh,BGD,2016,18.1,5.667096,0.632,Asia
Bangladesh,BGD,2017,21.5,5.6209927,0.633,Asia
Bangladesh,BGD,2018,25.6,6.1247625,0.646,Asia
Bangladesh,BGD,2019,30.4,6.474508,0.656,Asia
Bangladesh,BGD,2020,36.1091,7.110462,0.663,Asia
Bangladesh,BGD,2021,38.9174,7.2778087,0.663,Asia
Bangladesh,BGD,2022,41.6152,7.641493,0.68,Asia
Bangladesh,BGD,2023,44.5027,7.7235928,0.685,Asia
Barbados,BRB,1990,0.0,,0.73,Americas
Barbados,BRB,1991,0.0,,0.732,Americas
Barbados,BRB,1992,0.0,,0.732,Americas
Barbados,BRB,1993,0.0,,0.735,Americas
Barbados,BRB,1994,0.0,,0.74,Americas
Barbados,BRB,1995,0.007752238,,0.744,Americas
Barbados,BRB,1996,0.3894642,,0.748,Americas
Barbados,BRB,1997,0.7834289,,0.752,Americas
Barbados,BRB,1998,1.9702493,,0.754,Americas
Barbados,BRB,1999,2.376247,,0.756,Americas
Barbados,BRB,2000,3.97368,,0.762,Americas
Barbados,BRB,2001,11.9365,,0.763,Americas
Barbados,BRB,2002,27.8363,,0.767,Americas
Barbados,BRB,2003,39.6896,,0.771,Americas
Barbados,BRB,2004,49.8,,0.775,Americas
Barbados,BRB,2005,52.5,,0.779,Americas
Barbados,BRB,2006,55.3,,0.783,Americas
Barbados,BRB,2007,58.2,,0.79,Americas
Barbados,BRB,2008,61.4,,0.794,Americas
Barbados,BRB,2009,64.7,,0.798,Americas
Barbados,BRB,2010,65.1,,0.797,Americas
Barbados,BRB,2011,66.5,,0.794,Americas
Barbados,BRB,2012,71.2,,0.797,Americas
Barbados,BRB,2013,71.8,,0.798,Americas
Barbados,BRB,2014,71.9,,0.799,Americas
Barbados,BRB,2015,72.0,,0.8,Americas
Barbados,BRB,2016,72.2,,0.803,Americas
Barbados,BRB,2017,72.3,,0.804,Americas
Barbados,BRB,2018,72.4,,0.806,Americas
Barbados,BRB,2019,72.6,,0.808,Americas
Barbados,BRB,2020,72.6766,,0.803,Americas
Barbados,BRB,2021,74.8596,,0.803,Americas
Barbados,BRB,2022,76.2053,,0.807,Americas
Belarus,BLR,1990,0.0,,,Europe
Belarus,BLR,1991,0.0,,,Europe
Belarus,BLR,1992,0.0,,,Europe
Belarus,BLR,1993,0.0,,,Europe
Belarus,BLR,1994,0.000485951,,,Europe
Belarus,BLR,1995,0.002921254,,0.692,Europe
Belarus,BLR,1996,0.029298294,,0.697,Europe
Belarus,BLR,1997,0.04902089,,0.704,Europe
Belarus,BLR,1998,0.0738689,,0.709,Europe
Belarus,BLR,1999,0.49488124,,0.716,Europe
Belarus,BLR,2000,1.8604,,0.724,Europe
Belarus,BLR,2001,4.30062,,0.731,Europe
Belarus,BLR,2002,8.95097,,0.738,Europe
Belarus,BLR,2006,16.2,17.40476,0.777,Europe
Belarus,BLR,2007,19.7,19.1047,0.786,Europe
Belarus,BLR,2008,23.0,21.877363,0.796,Europe
Belarus,BLR,2009,27.43,21.172264,0.798,Europe
Belarus,BLR,2010,31.8,23.217619,0.803,Europe
Belarus,BLR,2011,39.6489,26.330496,0.812,Europe
Belarus,BLR,2012,46.91,25.7187,0.818,Europe
Belarus,BLR,2013,54.17,26.34024,0.821,Europe
Belarus,BLR,2014,59.0163,25.838018,0.825,Europe
Belarus,BLR,2015,62.2304,26.693552,0.825,Europe
Belarus,BLR,2016,71.113,26.83052,0.825,Europe
Belarus,BLR,2017,74.4364,27.673475,0.828,Europe
Belarus,BLR,2018,79.1299,27.820972,0.827,Europe
Belarus,BLR,2019,82.7892,30.700844,0.826,Europe
Belarus,BLR,2020,85.0879,33.176353,0.815,Europe
Belarus,BLR,2021,86.8884,34.202415,0.817,Europe
Belarus,BLR,2022,89.5073,32.877697,0.824,Europe
Belarus,BLR,2023,91.5125,35.130318,0.824,Europe
Belgium,BEL,1990,0.00100674,46.73307,0.824,Europe
Belgium,BEL,1991,0.020072645,48.588074,0.829,Europe
Belgium,BEL,1992,0.100041024,51.348923,0.845,Europe
Belgium,BEL,1993,0.19944605,53.685722,0.86,Europe
Belgium,BEL,1994,0.6959947,55.56042,0.868,Europe
Belgium,BEL,1995,0.991663,57.097717,0.875,Europe
Belgium,BEL,1996,2.9684117,56.89613,0.881,Europe
Belgium,BEL,1997,4.938081,58.597492,0.884,Europe
Belgium,BEL,1998,7.886623,57.93025,0.886,Europe
Belgium,BEL,1999,13.772215,59.663586,0.889,Europe
Belgium,BEL,2000,29.4317,62.139027,0.894,Europe
Belgium,BEL,2001,31.2884,62.25209,0.899,Europe
Belgium,BEL,2002,46.33,64.024666,0.901,Europe
Belgium,BEL,2003,49.97,65.09032,0.903,Europe
Belgium,BEL,2004,53.86,65.92736,0.909,Europe
Belgium,BEL,2005,55.82,71.186005,0.911,Europe
Belgium,BEL,2006,61.9819,67.177864,0.913,Europe
Belgium,BEL,2007,66.7604,68.505424,0.916,Europe
Belgium,BEL,2008,68.8573,73.745995,0.917,Europe
Belgium,BEL,2009,74.5441,72.62742,0.919,Europe
Belgium,BEL,2010,77.6398,76.264084,0.921,Europe
Belgium,BEL,2011,81.61,77.29739,0.923,Europe
Belgium,BEL,2012,80.72,77.53464,0.923,Europe
Belgium,BEL,2013,82.1702,77.65217,0.925,Europe
Belgium,BEL,2014,85.0012,78.38158,0.93,Europe
Belgium,BEL,2015,85.0529,75.51626,0.933,Europe
Belgium,BEL,2016,86.5165,76.23308,0.936,Europe
Belgium,BEL,2017,87.6797,77.49725,0.94,Europe
Belgium,BEL,2018,88.6473,75.874306,0.942,Europe
Belgium,BEL,2019,90.2754,79.80308,0.945,Europe
Belgium,BEL,2020,91.5264,84.58761,0.939,Europe
Belgium,BEL,2021,92.7887,83.71278,0.948,Europe
Belgium,BEL,2022,94.0078,83.72426,0.945,Europe
Belgium,BEL,2023,94.6263,84.40303,0.951,Europe
Belize,BLZ,1990,0.0,,0.617,Americas
Belize,BLZ,1991,0.0,,0.626,Americas
Belize,BLZ,1992,0.0,,0.634,Americas
Belize,BLZ,1993,0.0,,0.64,Americas
Belize,BLZ,1994,0.0,,0.643,Americas
Belize,BLZ,1995,0.04539718,,0.647,Americas
Belize,BLZ,1996,0.8828073,,0.65,Americas
Belize,BLZ,1997,1.2885823,,0.654,Americas
Belize,BLZ,1998,2.0915165,,0.657,Americas
Belize,BLZ,1999,4.0767407,,0.664,Americas
Belize,BLZ,2000,5.96384,,0.671,Americas
Belize,BLZ,2002,5.68425,,0.686,Americas
Belize,BLZ,2004,9.8,,0.703,Americas
Belize,BLZ,2005,17.0,,0.7,Americas
Belize,BLZ,2006,24.0,,0.713,Americas
Belize,BLZ,2007,24.6,,0.718,Americas
Belize,BLZ,2008,26.3,,0.72,Americas
Belize,BLZ,2009,27.2,,0.724,Americas
Belize,BLZ,2010,28.2,,0.727,Americas
Belize,BLZ,2011,30.7,,0.725,Americas
Belize,BLZ,2012,31.0,,0.727,Americas
Belize,BLZ,2013,33.6,,0.724,Americas
Belize,BLZ,2014,38.7,,0.721,Americas
Belize,BLZ,2015,41.59,,0.721,Americas
Belize,BLZ,2016,44.5757,,0.727,Americas
Belize,BLZ,2017,47.0826,,0.722,Americas
Belize,BLZ,2018,49.8,,0.723,Americas
Belize,BLZ,2019,53.3,,0.725,Americas
Belize,BLZ,2020,57.0987,,0.713,Americas
Belize,BLZ,2021,65.0198,,0.713,Americas
Belize,BLZ,2022,70.354,,0.717,Americas
Benin,BEN,1990,0.0,,0.351,Africa
Benin,BEN,1991,0.0,,0.358,Africa
Benin,BEN,1992,0.0,,0.363,Africa
Benin,BEN,1993,0.0,,0.371,Africa
Benin,BEN,1994,0.0,,0.375,Africa
Benin,BEN,1995,0.0,,0.383,Africa
Benin,BEN,1996,0.0016931,,0.389,Africa
Benin,BEN,1997,0.024648797,,0.396,Africa
Benin,BEN,1998,0.047877304,,0.401,Africa
Benin,BEN,1999,0.15490673,,0.407,Africa
Benin,BEN,2000,0.225248,,0.415,Africa
Benin,BEN,2001,0.363418,,0.426,Africa
Benin,BEN,2002,0.702946,,0.435,Africa
Benin,BEN,2003,0.951327,,0.442,Africa
Benin,BEN,2004,1.18254,,0.449,Africa
Benin,BEN,2005,1.27103,,0.456,Africa
Benin,BEN,2006,1.53785,,0.462,Africa
Benin,BEN,2007,1.79,,0.469,Africa
Benin,BEN,2008,1.85,,0.475,Africa
Benin,BEN,2009,2.24,,0.48,Africa
Benin,BEN,2010,3.13,,0.485,Africa
Benin,BEN,2011,4.14832,,0.49,Africa
Benin,BEN,2012,4.5,,0.497,Africa
Benin,BEN,2013,4.9,,0.506,Africa
Benin,BEN,2014,6.0,,0.509,Africa
Benin,BEN,2015,11.255,,0.511,Africa
Benin,BEN,2016,14.5,,0.51,Africa
Benin,BEN,2017,18.7,,0.507,Africa
Benin,BEN,2018,19.0,,0.507,Africa
Benin,BEN,2019,20.5,,0.507,Africa
Benin,BEN,2020,22.1206,,0.504,Africa
Benin,BEN,2021,30.7419,,0.506,Africa
Benin,BEN,2022,33.7602,,0.512,Africa
Bermuda,BMU,1990,0.0,,,Americas
Bermuda,BMU,1991,0.0,,,Americas
Bermuda,BMU,1992,0.0,,,Americas
Bermuda,BMU,1993,0.0,,,Americas
Bermuda,BMU,1994,0.0,,,Americas
Bermuda,BMU,1995,6.8381634,,,Americas
Bermuda,BMU,1996,16.202467,,,Americas
Bermuda,BMU,1997,24.189257,,,Americas
Bermuda,BMU,1998,32.10376,,,Americas
Bermuda,BMU,1999,39.94759,,,Americas
Bermuda,BMU,2000,42.9499,,,Americas
Bermuda,BMU,2001,47.5097,,,Americas
Bermuda,BMU,2002,52.0316,,,Americas
Bermuda,BMU,2003,56.522,,,Americas
Bermuda,BMU,2004,60.9909,,,Americas
Bermuda,BMU,2005,65.4471,,,Americas
Bermuda,BMU,2006,69.8997,,,Americas
Bermuda,BMU,2007,74.3506,,,Americas
Bermuda,BMU,2008,82.3,,,Americas
Bermuda,BMU,2009,83.25,,,Americas
Bermuda,BMU,2010,84.21,,,Americas
Bermuda,BMU,2011,88.336,,,Americas
Bermuda,BMU,2012,91.2993,,,Americas
Bermuda,BMU,2013,95.3,,,Americas
Bermuda,BMU,2014,96.8,,,Americas
Bermuda,BMU,2015,98.3236,,,Americas
Bermuda,BMU,2016,98.0,,,Americas
Bermuda,BMU,2017,98.37,,,Americas
Bhutan,BTN,1990,0.0,,,Asia
Bhutan,BTN,1991,0.0,,,Asia
Bhutan,BTN,1992,0.0,,,Asia
Bhutan,BTN,1993,0.0,,,Asia
Bhutan,BTN,1994,0.0,,,Asia
Bhutan,BTN,1995,0.0,,,Asia
Bhutan,BTN,1999,0.13757151,,,Asia
Bhutan,BTN,2000,0.400944,,,Asia
Bhutan,BTN,2001,0.864629,,,Asia
Bhutan,BTN,2002,1.6758,,,Asia
Bhutan,BTN,2003,2.43691,,,Asia
Bhutan,BTN,2004,3.15698,,,Asia
Bhutan,BTN,2005,3.84711,,,Asia
Bhutan,BTN,2006,4.51832,,,Asia
Bhutan,BTN,2007,5.92,,,Asia
Bhutan,BTN,2008,6.55,,,Asia
Bhutan,BTN,2009,7.17,,,Asia
Bhutan,BTN,2010,13.6,,0.593,Asia
Bhutan,BTN,2011,14.4,,0.603,Asia
Bhutan,BTN,2012,15.6,,0.609,Asia
Bhutan,BTN,2013,22.4,,0.616,Asia
Bhutan,BTN,2014,30.3,,0.626,Asia
Bhutan,BTN,2015,39.8,,0.637,Asia
Bhutan,BTN,2016,46.5,,0.647,Asia
Bhutan,BTN,2017,54.3,,0.656,Asia
Bhutan,BTN,2018,63.5,,0.667,Asia
Bhutan,BTN,2019,74.1794,,0.68,Asia
Bhutan,BTN,2020,76.8508,,0.688,Asia
Bhutan,BTN,2021,85.6369,,0.691,Asia
Bhutan,BTN,2022,86.8403,,0.695,Asia
Bolivia,BOL,1990,0.0,,0.552,Americas
Bolivia,BOL,1991,0.0,,0.561,Americas
Bolivia,BOL,1992,0.0,,0.568,Americas
Bolivia,BOL,1993,0.0,,0.577,Americas
Bolivia,BOL,1994,0.0,,0.586,Americas
Bolivia,BOL,1995,0.06680757,,0.594,Americas
Bolivia,BOL,1996,0.19608118,,0.602,Americas
Bolivia,BOL,1997,0.44783902,,0.61,Americas
Bolivia,BOL,1998,0.62648404,,0.618,Americas
Bolivia,BOL,1999,0.98181516,,0.624,Americas
Bolivia,BOL,2000,1.44276,,0.63,Americas
Bolivia,BOL,2001,2.12046,,0.639,Americas
Bolivia,BOL,2002,3.11719,,0.642,Americas
Bolivia,BOL,2003,3.5086,,0.645,Americas
Bolivia,BOL,2004,4.43992,,0.648,Americas
Bolivia,BOL,2005,5.22758,4.5233727,0.658,Americas
Bolivia,BOL,2006,6.20067,4.6502185,0.656,Americas
Bolivia,BOL,2007,10.4992,4.8206244,0.664,Americas
Bolivia,BOL,2008,12.5,5.2708383,0.668,Americas
Bolivia,BOL,2009,16.8,5.466229,0.671,Americas
Bolivia,BOL,2010,22.4,6.013514,0.677,Americas
Bolivia,BOL,2011,30.0,6.611329,0.683,Americas
Bolivia,BOL,2012,35.34,7.2144227,0.685,Americas
Bolivia,BOL,2013,36.99,7.8868313,0.699,Americas
Bolivia,BOL,2014,34.6016,7.8643084,0.701,Americas
Bolivia,BOL,2015,37.4868,7.912816,0.704,Americas
Bolivia,BOL,2016,39.6975,8.156295,0.714,Americas
Bolivia,BOL,2017,43.8323,8.988842,0.715,Americas
Bolivia,BOL,2018,44.2861,9.517692,0.722,Americas
Bolivia,BOL,2019,47.4748,9.550994,0.728,Americas
Bolivia,BOL,2020,59.9401,9.177021,0.697,Americas
Bolivia,BOL,2021,65.9774,8.946004,0.693,Americas
Bolivia,BOL,2022,73.2831,8.953775,0.727,Americas
Bosnia and Herzegovina,BIH,1990,0.0,,,Europe
Bosnia and Herzegovina,BIH,1991,0.0,,,Europe
Bosnia and Herzegovina,BIH,1992,0.0,,,Europe
Bosnia and Herzegovina,BIH,1993,0.0,,,Europe
Bosnia and Herzegovina,BIH,1994,0.0,,,Europe
Bosnia and Herzegovina,BIH,1995,0.0,,,Europe
Bosnia and Herzegovina,BIH,1996,0.015125563,,,Europe
Bosnia and Herzegovina,BIH,1997,0.059425563,,,Europe
Bosnia and Herzegovina,BIH,1998,0.14367107,,,Europe
Bosnia and Herzegovina,BIH,1999,0.1943742,,,Europe
Bosnia and Herzegovina,BIH,2000,1.08296,,0.674,Europe
Bosnia and Herzegovina,BIH,2001,1.20053,,0.677,Europe
Bosnia and Herzegovina,BIH,2002,2.64827,,0.683,Europe
Bosnia and Herzegovina,BIH,2003,3.96504,,0.689,Europe
Bosnia and Herzegovina,BIH,2004,15.469,,0.694,Europe
Bosnia and Herzegovina,BIH,2005,21.3267,17.927525,0.698,Europe
Bosnia and Herzegovina,BIH,2006,25.1224,20.018959,0.701,Europe
Bosnia and Herzegovina,BIH,2007,27.92,21.090841,0.709,Europe
Bosnia and Herzegovina,BIH,2008,34.66,21.302977,0.719,Europe
Bosnia and Herzegovina,BIH,2009,37.74,22.701504,0.722,Europe
Bosnia and Herzegovina,BIH,2010,42.75,25.11025,0.725,Europe
Bosnia and Herzegovina,BIH,2011,43.8877,27.564182,0.731,Europe
Bosnia and Herzegovina,BIH,2012,45.0645,29.286215,0.742,Europe
Bosnia and Herzegovina,BIH,2013,48.5213,29.146742,0.756,Europe
Bosnia and Herzegovina,BIH,2014,49.9177,30.390177,0.765,Europe
Bosnia and Herzegovina,BIH,2015,52.6,32.79729,0.769,Europe
Bosnia and Herzegovina,BIH,2016,60.2565,32.65131,0.776,Europe
Bosnia and Herzegovina,BIH,2017,64.892,32.866726,0.78,Europe
Bosnia and Herzegovina,BIH,2018,70.1201,33.26323,0.785,Europe
Bosnia and Herzegovina,BIH,2019,69.9463,35.82757,0.788,Europe
Bosnia and Herzegovina,BIH,2020,73.2118,36.223686,0.783,Europe
Bosnia and Herzegovina,BIH,2021,75.6762,36.544075,0.783,Europe
Bosnia and Herzegovina,BIH,2022,78.8455,40.318443,0.799,Europe
Bosnia and Herzegovina,BIH,2023,83.3772,39.94367,0.804,Europe
Botswana,BWA,1960,0.0,,,Africa
Botswana,BWA,1965,0.0,,,Africa
Botswana,BWA,1970,0.0,,,Africa
Botswana,BWA,1975,0.0,,,Africa
Botswana,BWA,1976,0.0,,,Africa
Botswana,BWA,1977,0.0,,,Africa
Botswana,BWA,1978,0.0,,,Africa
Botswana,BWA,1979,0.0,,,Africa
Botswana,BWA,1980,0.0,,,Africa
Botswana,BWA,1981,0.0,,,Africa
Botswana,BWA,1982,0.0,,,Africa
Botswana,BWA,1983,0.0,,,Africa
Botswana,BWA,1984,0.0,,,Africa
Botswana,BWA,1985,0.0,,,Africa
Botswana,BWA,1986,0.0,,,Africa
Botswana,BWA,1987,0.0,,,Africa
Botswana,BWA,1988,0.0,,,Africa
Botswana,BWA,1989,0.0,,,Africa
Botswana,BWA,1990,0.0,,0.59,Africa
Botswana,BWA,1991,0.0,,0.59,Africa
Botswana,BWA,1992,0.0,,0.589,Africa
Botswana,BWA,1993,0.0,,0.588,Africa
Botswana,BWA,1994,0.0,,0.58,Africa
Botswana,BWA,1995,0.064521044,,0.583,Africa
Botswana,BWA,1996,0.15745424,,0.584,Africa
Botswana,BWA,1997,0.30774686,,0.587,Africa
Botswana,BWA,1998,0.60240096,,0.588,Africa
Botswana,BWA,1999,1.1223915,,0.592,Africa
Botswana,BWA,2000,2.90267,,0.594,Africa
Botswana,BWA,2001,3.43089,,0.595,Africa
Botswana,BWA,2002,3.38592,,0.594,Africa
Botswana,BWA,2003,3.34519,,0.602,Africa
Botswana,BWA,2004,3.30489,,0.608,Africa
Botswana,BWA,2005,3.26255,18.83313,0.616,Africa
Botswana,BWA,2006,4.28993,19.017317,0.627,Africa
Botswana,BWA,2007,5.28,19.176157,0.64,Africa
Botswana,BWA,2008,6.25,23.279196,0.645,Africa
Botswana,BWA,2009,6.15,17.992584,0.644,Africa
Botswana,BWA,2010,6.0,19.079994,0.652,Africa
Botswana,BWA,2011,9.0,18.674496,0.661,Africa
Botswana,BWA,2012,16.0,16.874378,0.667,Africa
Botswana,BWA,2013,30.0,16.560192,0.676,Africa
Botswana,BWA,2014,36.7447,18.408463,0.685,Africa
Botswana,BWA,2015,37.3121,17.025078,0.69,Africa
Botswana,BWA,2016,39.363,17.902578,0.696,Africa
Botswana,BWA,2017,41.4138,17.725166,0.704,Africa
Botswana,BWA,2018,58.0,16.56344,0.71,Africa
Botswana,BWA,2019,64.8263,16.990244,0.718,Africa
Botswana,BWA,2020,67.4756,14.97066,0.718,Africa
Botswana,BWA,2021,75.2388,16.936792,0.7,Africa
Botswana,BWA,2022,77.3272,18.871634,0.729,Africa
Brazil,BRA,1990,0.0,7.8430142,0.641,Americas
Brazil,BRA,1991,0.003288171,8.4976425,0.645,Americas
Brazil,BRA,1992,0.012946262,8.7095375,0.648,Americas
Brazil,BRA,1993,0.025498252,9.376981,0.654,Americas
Brazil,BRA,1994,0.03767271,10.456339,0.659,Americas
Brazil,BRA,1995,0.10513817,12.240183,0.666,Americas
Brazil,BRA,1996,0.45078918,15.01384,0.671,Americas
Brazil,BRA,1997,0.78607917,14.363874,0.676,Americas
Brazil,BRA,1998,1.477875,13.839823,0.68,Americas
Brazil,BRA,1999,2.0387323,12.9208555,0.684,Americas
Brazil,BRA,2000,2.87069,12.489104,0.69,Americas
Brazil,BRA,2001,4.52849,12.356733,0.694,Americas
Brazil,BRA,2002,9.14943,12.234266,0.7,Americas
Brazil,BRA,2003,13.2076,11.989907,0.705,Americas
Brazil,BRA,2004,19.0737,12.04281,0.712,Americas
Brazil,BRA,2005,21.0227,12.276319,0.718,Americas
Brazil,BRA,2006,28.1784,12.995927,0.725,Americas
Brazil,BRA,2007,30.88,14.311291,0.732,Americas
Brazil,BRA,2008,33.83,15.594543,0.739,Americas
Brazil,BRA,2009,39.22,16.711393,0.742,Americas
Brazil,BRA,2010,40.65,18.358423,0.748,Americas
Brazil,BRA,2011,45.69,20.073565,0.753,Americas
Brazil,BRA,2012,48.56,19.9987,0.758,Americas
Brazil,BRA,2013,51.04,19.691858,0.762,Americas
Brazil,BRA,2014,54.551,19.440182,0.765,Americas
Brazil,BRA,2015,58.328,18.425562,0.764,Americas
Brazil,BRA,2016,60.8725,17.969023,0.765,Americas
Brazil,BRA,2017,67.4713,18.362206,0.77,Americas
Brazil,BRA,2018,70.4343,18.884848,0.774,Americas
Brazil,BRA,2019,73.9124,19.152273,0.776,Americas
Brazil,BRA,2020,81.3427,21.786406,0.77,Americas
Brazil,BRA,2021,80.6899,20.220608,0.768,Americas
Brazil,BRA,2022,80.5278,19.474848,0.78,Americas
Brazil,BRA,2023,84.1506,19.95744,0.786,Americas
British Virgin Islands,VGB,1990,0.0,,,Americas
British Virgin Islands,VGB,1991,0.0,,,Americas
British Virgin Islands,VGB,1992,0.0,,,Americas
British Virgin Islands,VGB,1993,0.0,,,Americas
British Virgin Islands,VGB,1994,0.0,,,Americas
British Virgin Islands,VGB,1995,0.0,,,Americas
British Virgin Islands,VGB,2002,18.8857,,,Americas
British Virgin Islands,VGB,2009,36.0,,,Americas
British Virgin Islands,VGB,2010,37.0,,,Americas
British Virgin Islands,VGB,2011,37.4,,,Americas
British Virgin Islands,VGB,2012,37.6,,,Americas
British Virgin Islands,VGB,2016,77.7014,,,Americas
British Virgin Islands,VGB,2017,77.7043,,,Americas
Brunei,BRN,1990,0.0,,0.781,Asia
Brunei,BRN,1991,0.0,,0.782,Asia
Brunei,BRN,1992,0.0,,0.782,Asia
Brunei,BRN,1993,0.0,,0.783,Asia
Brunei,BRN,1994,0.0,,0.782,Asia
Brunei,BRN,1995,1.0170802,,0.784,Asia
Brunei,BRN,1996,3.30335,,0.784,Asia
Brunei,BRN,1997,4.831058,,0.785,Asia
Brunei,BRN,1998,6.284743,,0.785,Asia
Brunei,BRN,1999,7.671041,,0.79,Asia
Brunei,BRN,2000,8.99628,,0.792,Asia
Brunei,BRN,2001,12.9178,,0.794,Asia
Brunei,BRN,2002,15.3299,,0.798,Asia
Brunei,BRN,2003,19.595,,0.804,Asia
Brunei,BRN,2004,29.7156,,0.81,Asia
Brunei,BRN,2005,36.4664,,0.814,Asia
Brunei,BRN,2006,42.1863,,0.819,Asia
Brunei,BRN,2007,44.68,,0.822,Asia
Brunei,BRN,2008,46.0,,0.824,Asia
Brunei,BRN,2009,49.0,,0.828,Asia
Brunei,BRN,2010,53.0,,0.83,Asia
Brunei,BRN,2011,56.0,,0.834,Asia
Brunei,BRN,2012,60.2731,,0.841,Asia
Brunei,BRN,2013,64.5,,0.842,Asia
Brunei,BRN,2014,68.77,,0.841,Asia
Brunei,BRN,2015,71.2,,0.839,Asia
Brunei,BRN,2016,90.0,,0.838,Asia
Brunei,BRN,2017,94.8667,,0.837,Asia
Brunei,BRN,2018,95.0,,0.837,Asia
Brunei,BRN,2019,95.0,,0.835,Asia
Brunei,BRN,2020,95.0503,,0.836,Asia
Brunei,BRN,2021,95.6225,,0.835,Asia
Brunei,BRN,2022,98.9704,,0.825,Asia
Bulgaria,BGR,1990,0.0,,0.706,Europe
Bulgaria,BGR,1991,0.0,,0.706,Europe
Bulgaria,BGR,1992,0.0,,0.709,Europe
Bulgaria,BGR,1993,0.002339042,,0.711,Europe
Bulgaria,BGR,1994,0.01952667,,0.713,Europe
Bulgaria,BGR,1995,0.11966555,17.804731,0.709,Europe
Bulgaria,BGR,1996,0.72525114,17.086872,0.718,Europe
Bulgaria,BGR,1997,1.2198131,13.340294,0.713,Europe
Bulgaria,BGR,1998,1.8449651,16.46134,0.723,Europe
Bulgaria,BGR,1999,2.908154,16.544697,0.728,Europe
Bulgaria,BGR,2000,5.37092,18.275629,0.733,Europe
Bulgaria,BGR,2001,7.6123,19.692627,0.742,Europe
Bulgaria,BGR,2002,9.08,20.167849,0.753,Europe
Bulgaria,BGR,2003,12.04,20.071693,0.762,Europe
Bulgaria,BGR,2004,18.13,19.960627,0.769,Europe
Bulgaria,BGR,2005,19.97,21.04667,0.775,Europe
Bulgaria,BGR,2006,27.09,21.857475,0.779,Europe
Bulgaria,BGR,2007,33.64,22.972294,0.785,Europe
Bulgaria,BGR,2008,39.67,23.358082,0.791,Europe
Bulgaria,BGR,2009,45.0,24.498455,0.793,Europe
Bulgaria,BGR,2010,46.23,26.328436,0.799,Europe
Bulgaria,BGR,2011,47.98,26.634476,0.803,Europe
Bulgaria,BGR,2012,51.9,27.623789,0.807,Europe
Bulgaria,BGR,2013,53.0615,25.929907,0.815,Europe
Bulgaria,BGR,2014,55.4904,26.445684,0.819,Europe
Bulgaria,BGR,2015,56.6563,26.94714,0.824,Europe
Bulgaria,BGR,2016,59.8255,28.499924,0.827,Europe
Bulgaria,BGR,2017,63.4101,28.426071,0.829,Europe
Bulgaria,BGR,2018,64.782,29.041069,0.832,Europe
Bulgaria,BGR,2019,67.947,30.631517,0.835,Europe
Bulgaria,BGR,2020,70.1625,31.310415,0.826,Europe
Bulgaria,BGR,2021,75.2714,34.628296,0.817,Europe
Bulgaria,BGR,2022,79.1269,35.29849,0.835,Europe
Bulgaria,BGR,2023,80.3896,37.252995,0.845,Europe
Burkina Faso,BFA,1990,0.0,,,Africa
Burkina Faso,BFA,1991,0.0,,,Africa
Burkina Faso,BFA,1992,0.0,,,Africa
Burkina Faso,BFA,1993,0.0,,,Africa
Burkina Faso,BFA,1994,0.0,,,Africa
Burkina Faso,BFA,1995,0.0,,,Africa
Burkina Faso,BFA,1996,0.000960519,,,Africa
Burkina Faso,BFA,1997,0.018686352,,,Africa
Burkina Faso,BFA,1998,0.045423485,,,Africa
Burkina Faso,BFA,1999,0.061780293,,,Africa
Burkina Faso,BFA,2000,0.0770802,,,Africa
Burkina Faso,BFA,2001,0.157732,,,Africa
Burkina Faso,BFA,2002,0.200993,,,Africa
Burkina Faso,BFA,2003,0.37344,,,Africa
Burkina Faso,BFA,2004,0.400295,,,Africa
Burkina Faso,BFA,2005,0.469914,2.136193,0.333,Africa
Burkina Faso,BFA,2006,0.632708,2.2053964,0.34,Africa
Burkina Faso,BFA,2007,0.75,2.1193714,0.344,Africa
Burkina Faso,BFA,2008,0.92,2.0722482,0.357,Africa
Burkina Faso,BFA,2009,1.13,2.0316849,0.366,Africa
Burkina Faso,BFA,2010,2.4,2.1869826,0.377,Africa
Burkina Faso,BFA,2011,3.0,2.3148117,0.389,Africa
Burkina Faso,BFA,2012,3.72503,2.541213,0.398,Africa
Burkina Faso,BFA,2013,5.0,2.6275983,0.405,Africa
Burkina Faso,BFA,2014,6.0,2.4693696,0.409,Africa
Burkina Faso,BFA,2015,6.55,2.5045874,0.419,Africa
Burkina Faso,BFA,2016,7.14,2.7159967,0.427,Africa
Burkina Faso,BFA,2017,7.79,2.8176086,0.438,Africa
Burkina Faso,BFA,2018,8.5,2.7876816,0.449,Africa
Burkina Faso,BFA,2019,9.27181,2.7873802,0.453,Africa
Burkina Faso,BFA,2020,15.5971,2.9209998,0.453,Africa
Burkina Faso,BFA,2021,18.114,2.9802737,0.454,Africa
Burkina Faso,BFA,2022,19.9237,3.094445,0.457,Africa
Burundi,BDI,1960,0.0,,,Africa
Burundi,BDI,1965,0.0,,,Africa
Burundi,BDI,1970,0.0,,,Africa
Burundi,BDI,1975,0.0,,,Africa
Burundi,BDI,1976,0.0,,,Africa
Burundi,BDI,1977,0.0,,,Africa
Burundi,BDI,1978,0.0,,,Africa
Burundi,BDI,1979,0.0,,,Africa
Burundi,BDI,1980,0.0,,,Africa
Burundi,BDI,1981,0.0,,,Africa
Burundi,BDI,1982,0.0,,,Africa
Burundi,BDI,1983,0.0,,,Africa
Burundi,BDI,1984,0.0,,,Africa
Burundi,BDI,1985,0.0,,,Africa
Burundi,BDI,1986,0.0,,,Africa
Burundi,BDI,1987,0.0,,,Africa
Burundi,BDI,1988,0.0,,,Africa
Burundi,BDI,1989,0.0,,,Africa
Burundi,BDI,1990,0.0,,0.294,Africa
Burundi,BDI,1991,0.0,,0.296,Africa
Burundi,BDI,1992,0.0,,0.294,Africa
Burundi,BDI,1993,0.0,,0.265,Africa
Burundi,BDI,1994,0.0,,0.298,Africa
Burundi,BDI,1995,0.0,,0.294,Africa
Burundi,BDI,1996,0.000803592,,0.292,Africa
Burundi,BDI,1997,0.007979439,,0.297,Africa
Burundi,BDI,1998,0.015842777,,0.303,Africa
Burundi,BDI,1999,0.03920447,,0.306,Africa
Burundi,BDI,2000,0.0772484,,0.308,Africa
Burundi,BDI,2001,0.106001,,0.311,Africa
Burundi,BDI,2002,0.118228,,0.324,Africa
Burundi,BDI,2003,0.201273,,0.332,Africa
Burundi,BDI,2004,0.34906,,0.344,Africa
Burundi,BDI,2005,0.542143,,0.352,Africa
Burundi,BDI,2006,0.657593,,0.376,Africa
Burundi,BDI,2007,0.7,,0.389,Africa
Burundi,BDI,2008,0.81,,0.401,Africa
Burundi,BDI,2009,0.9,,0.409,Africa
Burundi,BDI,2010,1.0,,0.416,Africa
Burundi,BDI,2011,1.11,,0.42,Africa
Burundi,BDI,2012,1.22,,0.425,Africa
Burundi,BDI,2013,1.26422,,0.428,Africa
Burundi,BDI,2014,1.04239,,0.431,Africa
Burundi,BDI,2015,2.0,,0.432,Africa
Burundi,BDI,2016,2.2,,0.436,Africa
Burundi,BDI,2017,2.66075,,0.434,Africa
Burundi,BDI,2018,4.0,,0.434,Africa
Burundi,BDI,2019,6.1,,0.435,Africa
Burundi,BDI,2020,9.17302,,0.435,Africa
Burundi,BDI,2021,10.1846,,0.435,Africa
Burundi,BDI,2022,11.275,,0.437,Africa
Cambodia,KHM,1990,0.0,1.315637,0.387,Asia
Cambodia,KHM,1991,0.0,1.3003417,0.392,Asia
Cambodia,KHM,1992,0.0,1.5906717,0.396,Asia
Cambodia,KHM,1993,0.0,1.3764054,0.399,Asia
Cambodia,KHM,1994,0.0,1.5024735,0.4,Asia
Cambodia,KHM,1995,0.0,1.5822915,0.404,Asia
Cambodia,KHM,1997,0.005844911,1.4805099,0.414,Asia
Cambodia,KHM,1998,0.016324986,1.3514644,0.419,Asia
Cambodia,KHM,1999,0.031969577,1.4081968,0.429,Asia
Cambodia,KHM,2000,0.0470226,1.4361778,0.438,Asia
Cambodia,KHM,2001,0.0769561,1.3703396,0.453,Asia
Cambodia,KHM,2002,0.226983,1.4018564,0.473,Asia
Cambodia,KHM,2003,0.26057,1.5582962,0.488,Asia
Cambodia,KHM,2004,0.300437,1.7363517,0.502,Asia
Cambodia,KHM,2005,0.317322,2.109186,0.514,Asia
Cambodia,KHM,2006,0.468357,2.2427537,0.525,Asia
Cambodia,KHM,2007,0.49,2.5027134,0.534,Asia
Cambodia,KHM,2008,0.51,2.9862664,0.539,Asia
Cambodia,KHM,2009,0.53,2.543019,0.539,Asia
Cambodia,KHM,2010,1.26,2.6773381,0.543,Asia
Cambodia,KHM,2011,3.1,2.8236194,0.547,Asia
Cambodia,KHM,2012,4.94,3.151878,0.551,Asia
Cambodia,KHM,2013,6.0,3.4963384,0.554,Asia
Cambodia,KHM,2014,14.0,3.612143,0.557,Asia
Cambodia,KHM,2015,6.43319,4.077469,0.562,Asia
Cambodia,KHM,2016,32.3985,4.3408914,0.57,Asia
Cambodia,KHM,2017,32.9003,4.3746815,0.578,Asia
Cambodia,KHM,2019,52.3059,5.0023537,0.593,Asia
Cambodia,KHM,2020,53.6508,4.8682623,0.595,Asia
Cambodia,KHM,2021,55.6004,4.8289633,0.594,Asia
Cambodia,KHM,2022,56.7328,4.8536444,0.602,Asia
Cameroon,CMR,1990,0.0,,0.448,Africa
Cameroon,CMR,1991,0.0,,0.445,Africa
Cameroon,CMR,1992,0.0,,0.442,Africa
Cameroon,CMR,1993,0.0,,0.436,Africa
Cameroon,CMR,1994,0.0,,0.434,Africa
Cameroon,CMR,1995,0.0,,0.433,Africa
Cameroon,CMR,1997,0.006768744,,0.432,Africa
Cameroon,CMR,1998,0.013216341,,0.433,Africa
Cameroon,CMR,1999,0.12906758,,0.434,Africa
Cameroon,CMR,2000,0.25212,,0.439,Africa
Cameroon,CMR,2001,0.277051,,0.458,Africa
Cameroon,CMR,2002,0.360872,,0.458,Africa
Cameroon,CMR,2003,0.587623,,0.465,Africa
Cameroon,CMR,2004,0.976075,,0.47,Africa
Cameroon,CMR,2005,1.40265,4.117959,0.472,Africa
Cameroon,CMR,2006,2.02874,4.1287117,0.473,Africa
Cameroon,CMR,2007,2.93,4.095379,0.485,Africa
Cameroon,CMR,2008,3.4,4.215469,0.501,Africa
Cameroon,CMR,2009,3.84,4.2895923,0.516,Africa
Cameroon,CMR,2010,4.3,4.4185743,0.529,Africa
Cameroon,CMR,2011,5.0,4.448581,0.538,Africa
Cameroon,CMR,2012,7.5,4.5350537,0.549,Africa
Cameroon,CMR,2013,10.0,4.535044,0.558,Africa
Cameroon,CMR,2014,16.2149,4.58376,0.566,Africa
Cameroon,CMR,2015,18.3,4.8386984,0.575,Africa
Cameroon,CMR,2016,20.6,5.116122,0.579,Africa
Cameroon,CMR,2017,23.203,5.307827,0.581,Africa
Cameroon,CMR,2018,29.7,5.804297,0.582,Africa
Cameroon,CMR,2019,36.5392,6.166249,0.582,Africa
Cameroon,CMR,2020,41.2264,6.373904,0.579,Africa
Cameroon,CMR,2021,42.5456,6.6027822,0.574,Africa
Cameroon,CMR,2022,43.8629,6.499581,0.581,Africa
Canada,CAN,1990,0.3609997,43.533283,0.865,Americas
Canada,CAN,1991,0.57038593,43.66975,0.868,Americas
Canada,CAN,1992,0.91598105,44.59597,0.873,Americas
Canada,CAN,1993,1.1845576,45.34177,0.871,Americas
Canada,CAN,1994,2.3786938,46.364975,0.877,Americas
Canada,CAN,1995,4.163525,47.944138,0.881,Americas
Canada,CAN,1996,6.7602396,48.277153,0.884,Americas
Canada,CAN,1997,15.072357,48.82593,0.884,Americas
Canada,CAN,1998,24.8974,48.338005,0.883,Americas
Canada,CAN,1999,36.18644,50.274673,0.888,Americas
Canada,CAN,2000,51.3,52.643627,0.894,Americas
Canada,CAN,2001,60.2,52.326077,0.897,Americas
Canada,CAN,2002,61.5933,52.195503,0.899,Americas
Canada,CAN,2003,64.2,53.81343,0.902,Americas
Canada,CAN,2004,65.956,54.890476,0.906,Americas
Canada,CAN,2005,71.66,58.451057,0.909,Americas
Canada,CAN,2006,72.4,58.050117,0.913,Americas
Canada,CAN,2007,73.2,58.131107,0.914,Americas
Canada,CAN,2008,76.7,59.88945,0.916,Americas
Canada,CAN,2009,80.3,55.785572,0.915,Americas
Canada,CAN,2010,80.3,58.41481,0.918,Americas
Canada,CAN,2011,83.0,61.105362,0.921,Americas
Canada,CAN,2012,83.0,60.37233,0.927,Americas
Canada,CAN,2013,85.8,61.309326,0.93,Americas
Canada,CAN,2014,87.12,63.82717,0.932,Americas
Canada,CAN,2015,90.0,59.803795,0.932,Americas
Canada,CAN,2016,91.16,60.476627,0.933,Americas
Canada,CAN,2017,92.7014,62.09614,0.935,Americas
Canada,CAN,2018,94.64,61.829838,0.935,Americas
Canada,CAN,2019,91.9129,60.960705,0.937,Americas
Canada,CAN,2020,92.3,66.48789,0.931,Americas
Canada,CAN,2021,93.2917,63.506805,0.937,Americas
Canada,CAN,2022,94.0,63.224323,0.935,Americas
Cape Verde,CPV,1990,0.0,,,Africa
Cape Verde,CPV,1991,0.0,,,Africa
Cape Verde,CPV,1992,0.0,,,Africa
Cape Verde,CPV,1993,0.0,,,Africa
Cape Verde,CPV,1994,0.0,,,Africa
Cape Verde,CPV,1995,0.0,,,Africa
Cape Verde,CPV,1997,0.24096791,,,Africa
Cape Verde,CPV,1998,0.47273502,,,Africa
Cape Verde,CPV,1999,1.1599824,,,Africa
Cape Verde,CPV,2000,1.82244,,0.585,Africa
Cape Verde,CPV,2001,2.68533,,0.591,Africa
Cape Verde,CPV,2002,3.51876,,0.6,Africa
Cape Verde,CPV,2003,4.32489,,0.606,Africa
Cape Verde,CPV,2004,5.31883,,0.61,Africa
Cape Verde,CPV,2005,6.07409,,0.616,Africa
Cape Verde,CPV,2006,6.80891,,0.631,Africa
Cape Verde,CPV,2007,8.28322,,0.636,Africa
Cape Verde,CPV,2008,14.0,,0.643,Africa
Cape Verde,CPV,2009,21.0,,0.644,Africa
Cape Verde,CPV,2010,30.0,,0.648,Africa
Cape Verde,CPV,2011,32.0,,0.654,Africa
Cape Verde,CPV,2012,34.74,,0.655,Africa
Cape Verde,CPV,2013,37.5,,0.66,Africa
Cape Verde,CPV,2014,40.26,,0.659,Africa
Cape Verde,CPV,2015,42.683,,0.658,Africa
Cape Verde,CPV,2016,50.3228,,0.661,Africa
Cape Verde,CPV,2017,57.1621,,0.663,Africa
Cape Verde,CPV,2018,59.5,,0.663,Africa
Cape Verde,CPV,2019,61.9434,,0.667,Africa
Cape Verde,CPV,2020,69.3734,,0.647,Africa
Cape Verde,CPV,2021,71.3752,,0.651,Africa
Cape Verde,CPV,2022,72.1021,,0.664,Africa
Cayman Islands,CYM,1990,0.0,,,Americas
Cayman Islands,CYM,1991,0.0,,,Americas
Cayman Islands,CYM,1992,0.0,,,Americas
Cayman Islands,CYM,1993,0.0,,,Americas
Cayman Islands,CYM,1994,0.0,,,Americas
Cayman Islands,CYM,1995,3.9489672,,,Americas
Cayman Islands,CYM,2005,38.0344,,,Americas
Cayman Islands,CYM,2006,44.5,,,Americas
Cayman Islands,CYM,2007,52.0,,,Americas
Cayman Islands,CYM,2008,61.0,,,Americas
Cayman Islands,CYM,2009,64.5,,,Americas
Cayman Islands,CYM,2010,66.0,,,Americas
Cayman Islands,CYM,2011,69.4659,,,Americas
Cayman Islands,CYM,2012,69.7,,,Americas
Cayman Islands,CYM,2013,71.4,,,Americas
Cayman Islands,CYM,2014,74.1,,,Americas
Cayman Islands,CYM,2015,77.0,,,Americas
Cayman Islands,CYM,2016,79.0,,,Americas
Cayman Islands,CYM,2017,81.0677,,,Americas
Central African Republic,CAF,1990,0.0,,0.342,Africa
Central African Republic,CAF,1991,0.0,,0.336,Africa
Central African Republic,CAF,1992,0.0,,0.321,Africa
Central African Republic,CAF,1993,0.0,,0.321,Africa
Central African Republic,CAF,1994,0.0,,0.323,Africa
Central African Republic,CAF,1995,0.0,,0.326,Africa
Central African Republic,CAF,1996,0.005849503,,0.323,Africa
Central African Republic,CAF,1997,0.014270881,,0.325,Africa
Central African Republic,CAF,1998,0.0278782,,0.328,Africa
Central African Republic,CAF,1999,0.04089429,,0.332,Africa
Central African Republic,CAF,2000,0.0533942,,0.333,Africa
Central African Republic,CAF,2001,0.0785434,,0.335,Africa
Central African Republic,CAF,2002,0.128537,,0.337,Africa
Central African Republic,CAF,2003,0.151563,,0.338,Africa
Central African Republic,CAF,2004,0.223401,,0.342,Africa
Central African Republic,CAF,2005,0.268196,,0.346,Africa
Central African Republic,CAF,2006,0.311159,,0.35,Africa
Central African Republic,CAF,2007,0.375816,,0.356,Africa
Central African Republic,CAF,2008,1.0,,0.362,Africa
Central African Republic,CAF,2009,1.8,,,Africa
Central African Republic,CAF,2010,2.0,,0.358,Africa
Central African Republic,CAF,2011,2.2,,0.377,Africa
Central African Republic,CAF,2012,2.4,,0.385,Africa
Central African Republic,CAF,2013,2.5,,0.359,Africa
Central African Republic,CAF,2014,2.7,,0.319,Africa
Central African Republic,CAF,2015,2.9,,0.377,Africa
Central African Republic,CAF,2016,3.1,,0.376,Africa
Central African Republic,CAF,2017,4.0,,0.356,Africa
Central African Republic,CAF,2018,5.1,,0.391,Africa
Central African Republic,CAF,2019,7.50916,,0.279,Africa
Central African Republic,CAF,2020,8.565673,,0.386,Africa
Central African Republic,CAF,2021,10.58264,,0.339,Africa
Chad,TCD,1990,0.0,,,Africa
Chad,TCD,1991,0.0,,,Africa
Chad,TCD,1992,0.0,,,Africa
Chad,TCD,1993,0.0,,,Africa
Chad,TCD,1994,0.0,,,Africa
Chad,TCD,1995,0.0,,,Africa
Chad,TCD,1997,0.000658168,,,Africa
Chad,TCD,1998,0.004268504,,,Africa
Chad,TCD,1999,0.012321728,,,Africa
Chad,TCD,2000,0.0357071,,0.303,Africa
Chad,TCD,2001,0.0459341,,0.313,Africa
Chad,TCD,2002,0.16607,,0.32,Africa
Chad,TCD,2003,0.320309,,0.32,Africa
Chad,TCD,2004,0.36092,,0.338,Africa
Chad,TCD,2005,0.399258,3.5781677,0.339,Africa
Chad,TCD,2006,0.581046,3.590102,0.339,Africa
Chad,TCD,2007,0.847225,3.8557522,0.35,Africa
Chad,TCD,2008,1.19,4.010267,0.354,Africa
Chad,TCD,2009,1.5,3.6784136,0.369,Africa
Chad,TCD,2010,1.7,4.7591233,0.375,Africa
Chad,TCD,2011,1.9,4.568066,0.384,Africa
Chad,TCD,2012,2.1,4.9290338,0.391,Africa
Chad,TCD,2013,2.5,4.3406982,0.396,Africa
Chad,TCD,2014,2.9,4.504975,0.401,Africa
Chad,TCD,2015,3.5,5.0558825,0.396,Africa
Chad,TCD,2016,5.8,4.5678473,0.396,Africa
Chad,TCD,2017,6.4,4.452812,0.397,Africa
Chad,TCD,2018,7.0,4.636362,0.402,Africa
Chad,TCD,2019,7.6,4.731496,0.406,Africa
Chad,TCD,2020,8.34311,4.734492,0.408,Africa
Chad,TCD,2021,11.0057,4.307704,0.408,Africa
Chad,TCD,2022,12.1839,4.2373214,0.414,Africa
Chile,CHL,1990,0.0,10.627448,0.718,Americas
Chile,CHL,1991,0.0,11.361919,0.723,Americas
Chile,CHL,1992,0.03654894,12.303191,0.73,Americas
Chile,CHL,1993,0.07178314,13.114415,0.725,Americas
Chile,CHL,1994,0.1410845,14.512706,0.73,Americas
Chile,CHL,1995,0.34698078,16.344078,0.739,Americas
Chile,CHL,1996,0.6834756,16.965132,0.745,Americas
Chile,CHL,1997,1.0570925,17.206074,0.752,Americas
Chile,CHL,1998,1.662322,16.32648,0.759,Americas
Chile,CHL,1999,4.1034193,15.881735,0.766,Americas
Chile,CHL,2000,16.6,16.072504,0.771,Americas
Chile,CHL,2001,19.1,15.915101,0.778,Americas
Chile,CHL,2002,22.1,15.618626,0.784,Americas
Chile,CHL,2003,25.4738,16.125267,0.789,Americas
Chile,CHL,2004,28.1779,17.479486,0.797,Americas
Chile,CHL,2005,31.1753,19.48057,0.804,Americas
Chile,CHL,2006,34.4978,22.0159,0.804,Americas
Chile,CHL,2007,35.9,23.69634,0.812,Americas
Chile,CHL,2008,37.3,23.327753,0.82,Americas
Chile,CHL,2009,41.56,23.613308,0.819,Americas
Chile,CHL,2010,45.0,26.699575,0.823,Americas
Chile,CHL,2011,52.2496,29.014107,0.823,Americas
Chile,CHL,2012,55.05,30.161224,0.832,Americas
Chile,CHL,2013,58.0,30.158035,0.845,Americas
Chile,CHL,2014,61.11,31.00204,0.849,Americas
Chile,CHL,2015,76.6296,30.265446,0.855,Americas
Chile,CHL,2016,83.5586,30.035727,0.859,Americas
Chile,CHL,2017,82.3275,31.151522,0.862,Americas
Chile,CHL,2018,84.9,31.849947,0.866,Americas
Chile,CHL,2019,85.0176,31.90617,0.867,Americas
Chile,CHL,2020,87.4593,36.512775,0.856,Americas
Chile,CHL,2021,88.8045,34.831936,0.865,Americas
Chile,CHL,2022,90.6769,32.37638,0.869,Americas
Chile,CHL,2023,94.1192,32.017334,0.878,Americas
China,CHN,1990,0.0,1.5250864,0.491,Asia
China,CHN,1991,0.0,1.6451836,0.499,Asia
China,CHN,1992,0.0,1.8713093,0.511,Asia
China,CHN,1993,0.00016868,2.1127315,0.522,Asia
China,CHN,1994,0.001168115,2.3124347,0.532,Asia
China,CHN,1995,0.00495471,2.5046108,0.543,Asia
China,CHN,1996,0.013081692,2.7279365,0.555,Asia
China,CHN,1997,0.03239486,2.8579865,0.566,Asia
China,CHN,1998,0.1685403,3.0277374,0.576,Asia
China,CHN,1999,0.70818794,3.2503235,0.587,Asia
China,CHN,2000,1.77591,3.5005732,0.598,Asia
China,CHN,2001,2.63965,3.759835,0.608,Asia
China,CHN,2002,4.5957,4.0382023,0.619,Asia
China,CHN,2003,6.2,4.391763,0.63,Asia
China,CHN,2004,7.3,4.851698,0.642,Asia
China,CHN,2005,8.52326,5.267778,0.654,Asia
China,CHN,2006,10.5232,5.6809525,0.666,Asia
China,CHN,2007,16.0,6.485825,0.68,Asia
China,CHN,2008,22.6,7.0976367,0.689,Asia
China,CHN,2009,28.9,7.616226,0.7,Asia
China,CHN,2010,34.3,8.044041,0.71,Asia
China,CHN,2011,38.3,8.914549,0.717,Asia
China,CHN,2012,42.3001,9.499309,0.725,Asia
China,CHN,2013,45.8,9.730016,0.733,Asia
China,CHN,2014,47.9,10.327312,0.742,Asia
China,CHN,2015,50.3,10.865309,0.75,Asia
China,CHN,2016,53.2,11.403435,0.758,Asia
China,CHN,2017,54.3,12.222228,0.765,Asia
China,CHN,2018,59.2,13.1396885,0.774,Asia
China,CHN,2019,64.0809,14.174832,0.781,Asia
China,CHN,2020,70.0528,15.131998,0.786,Asia
China,CHN,2021,73.0532,16.498594,0.794,Asia
China,CHN,2022,75.6113,16.89764,0.796,Asia
China,CHN,2023,77.4827,17.692911,0.797,Asia
Colombia,COL,1990,0.0,11.310183,0.623,Americas
Colombia,COL,1991,0.0,10.729174,0.63,Americas
Colombia,COL,1992,0.0,11.15061,0.639,Americas
Colombia,COL,1993,0.0,11.080997,0.645,Americas
Colombia,COL,1994,0.10717394,11.205122,0.65,Americas
Colombia,COL,1995,0.18804678,11.230285,0.655,Americas
Colombia,COL,1996,0.33001778,11.127763,0.663,Americas
Colombia,COL,1997,0.550521,11.192523,0.67,Americas
Colombia,COL,1998,1.1262252,10.955719,0.676,Americas
Colombia,COL,1999,1.6977308,10.5271015,0.673,Americas
Colombia,COL,2000,2.20753,10.21341,0.679,Americas
Colombia,COL,2001,2.8542,10.198837,0.681,Americas
Colombia,COL,2002,4.6,9.7114525,0.684,Americas
Colombia,COL,2003,7.38892,9.767348,0.691,Americas
Colombia,COL,2004,9.11869,9.931048,0.699,Americas
Colombia,COL,2005,11.0073,10.149454,0.711,Americas
Colombia,COL,2006,15.3417,10.609034,0.712,Americas
Colombia,COL,2007,21.8,10.973864,0.724,Americas
Colombia,COL,2008,25.6,11.734323,0.731,Americas
Colombia,COL,2009,30.0,12.035478,0.736,Americas
Colombia,COL,2010,36.5,12.968755,0.741,Americas
Colombia,COL,2011,40.3509,14.149802,0.747,Americas
Colombia,COL,2012,48.98,14.498014,0.748,Americas
Colombia,COL,2013,51.7,14.470545,0.76,Americas
Colombia,COL,2014,52.5681,14.882218,0.763,Americas
Colombia,COL,2015,55.905,14.291327,0.767,Americas
Colombia,COL,2016,58.1365,13.976612,0.772,Americas
Colombia,COL,2017,62.2599,14.206431,0.774,Americas
Colombia,COL,2018,64.1264,14.848378,0.775,Americas
Colombia,COL,2019,65.0069,15.812911,0.777,Americas
Colombia,COL,2020,69.7953,18.722904,0.764,Americas
Colombia,COL,2021,73.0284,16.696735,0.762,Americas
Colombia,COL,2022,72.7964,16.274612,0.782,Americas
Comoros,COM,1990,0.0,,,Africa
Comoros,COM,1991,0.0,,,Africa
Comoros,COM,1992,0.0,,,Africa
Comoros,COM,1993,0.0,,,Africa
Comoros,COM,1994,0.0,,,Africa
Comoros,COM,1995,0.0,,,Africa
Comoros,COM,1997,0.0,,,Africa
Comoros,COM,1998,0.03787097,,,Africa
Comoros,COM,1999,0.14816296,,,Africa
Comoros,COM,2000,0.271741,,0.461,Africa
Comoros,COM,2001,0.443068,,0.47,Africa
Comoros,COM,2002,0.55487,,0.477,Africa
Comoros,COM,2003,0.848189,,0.485,Africa
Comoros,COM,2004,1.32733,,0.492,Africa
Comoros,COM,2005,2.0,,0.499,Africa
Comoros,COM,2006,2.2,,0.506,Africa
Comoros,COM,2007,2.5,,0.512,Africa
Comoros,COM,2008,3.0,,0.519,Africa
Comoros,COM,2009,3.5,,0.526,Africa
Comoros,COM,2010,5.1,,0.534,Africa
Comoros,COM,2011,5.5,,0.541,Africa
Comoros,COM,2012,5.9753,,0.548,Africa
Comoros,COM,2013,6.5,,0.556,Africa
Comoros,COM,2014,6.98,,0.56,Africa
Comoros,COM,2015,7.45916,,0.565,Africa
Comoros,COM,2016,7.93832,,0.571,Africa
Comoros,COM,2017,8.47817,,0.577,Africa
Comoros,COM,2019,16.3838,,0.589,Africa
Comoros,COM,2020,21.163216,,0.592,Africa
Comoros,COM,2021,27.336943,,0.594,Africa
Congo,COG,1990,0.0,,0.573,Africa
Congo,COG,1991,0.0,,0.571,Africa
Congo,COG,1992,0.0,,0.572,Africa
Congo,COG,1993,0.0,,0.566,Africa
Congo,COG,1994,0.0,,0.561,Africa
Congo,COG,1995,0.0,,0.551,Africa
Congo,COG,1996,0.00352686,,0.55,Africa
Congo,COG,1997,0.003469104,,0.516,Africa
Congo,COG,1998,0.003415143,,0.542,Africa
Congo,COG,1999,0.01679105,,0.544,Africa
Congo,COG,2000,0.0263547,,0.545,Africa
Congo,COG,2001,0.0322236,,0.55,Africa
Congo,COG,2002,0.15725,,0.552,Africa
Congo,COG,2003,0.460014,,0.553,Africa
Congo,COG,2004,1.0775,,0.557,Africa
Congo,COG,2005,1.46342,5.821791,0.569,Africa
Congo,COG,2006,2.00799,5.954547,0.582,Africa
Congo,COG,2007,2.7597,4.61384,0.583,Africa
Congo,COG,2008,4.28751,6.2019157,0.591,Africa
Congo,COG,2009,4.5,4.617296,0.602,Africa
Congo,COG,2010,5.0,7.6556787,0.609,Africa
Congo,COG,2011,5.6,8.3082075,0.613,Africa
Congo,COG,2012,6.1067,9.335106,0.624,Africa
Congo,COG,2013,6.6,8.521385,0.63,Africa
Congo,COG,2014,7.11,8.160242,0.639,Africa
Congo,COG,2015,7.61597,6.398696,0.643,Africa
Congo,COG,2016,8.12195,5.5865545,0.64,Africa
Congo,COG,2017,8.65,5.6380725,0.635,Africa
Congo,COG,2020,24.8206,8.170757,0.643,Africa
Congo,COG,2021,32.7417,7.560773,0.643,Africa
Congo,COG,2022,36.2469,7.3132114,0.644,Africa
Costa Rica,CRI,1990,0.0,11.541542,0.677,Americas
Costa Rica,CRI,1991,0.0,11.9497795,0.682,Americas
Costa Rica,CRI,1992,0.001113325,12.152337,0.691,Americas
Costa Rica,CRI,1993,0.081509754,12.657697,0.696,Americas
Costa Rica,CRI,1994,0.27991247,12.686207,0.701,Americas
Costa Rica,CRI,1995,0.4168292,13.005149,0.706,Americas
Costa Rica,CRI,1996,0.84105706,12.263796,0.707,Americas
Costa Rica,CRI,1997,1.6402212,12.401562,0.712,Americas
Costa Rica,CRI,1998,2.6663787,13.218425,0.714,Americas
Costa Rica,CRI,1999,3.9043233,12.923629,0.717,Americas
Costa Rica,CRI,2000,5.80025,13.01467,0.72,Americas
Costa Rica,CRI,2001,9.55948,13.490734,0.726,Americas
Costa Rica,CRI,2002,19.8949,13.245444,0.73,Americas
Costa Rica,CRI,2003,20.3336,13.478638,0.736,Americas
Costa Rica,CRI,2004,20.7923,13.563847,0.741,Americas
Costa Rica,CRI,2005,22.07,14.271688,0.748,Americas
Costa Rica,CRI,2006,25.1,14.034568,0.755,Americas
Costa Rica,CRI,2007,28.4,14.085216,0.76,Americas
Costa Rica,CRI,2008,32.29,14.542016,0.769,Americas
Costa Rica,CRI,2009,34.33,15.662095,0.773,Americas
Costa Rica,CRI,2010,36.5,16.296036,0.776,Americas
Costa Rica,CRI,2011,39.2122,16.582954,0.783,Americas
Costa Rica,CRI,2012,47.5,18.260124,0.789,Americas
Costa Rica,CRI,2013,45.96,18.215761,0.795,Americas
Costa Rica,CRI,2014,53.0,19.32357,0.802,Americas
Costa Rica,CRI,2015,59.763,20.299448,0.803,Americas
Costa Rica,CRI,2016,65.8804,20.584156,0.805,Americas
Costa Rica,CRI,2017,71.5817,22.276365,0.809,Americas
Costa Rica,CRI,2018,73.4797,23.666555,0.813,Americas
Costa Rica,CRI,2019,81.2026,25.819515,0.821,Americas
Costa Rica,CRI,2020,80.5302,28.88059,0.819,Americas
Costa Rica,CRI,2021,82.749,27.334011,0.817,Americas
Costa Rica,CRI,2022,82.598,25.847595,0.823,Americas
Costa Rica,CRI,2023,85.127,27.285439,0.833,Americas
Cote d'Ivoire,CIV,1990,0.0,,0.389,Africa
Cote d'Ivoire,CIV,1991,0.0,,0.39,Africa
Cote d'Ivoire,CIV,1992,0.0,,0.392,Africa
Cote d'Ivoire,CIV,1993,0.0,,0.393,Africa
Cote d'Ivoire,CIV,1994,0.0,,0.396,Africa
Cote d'Ivoire,CIV,1995,0.000200256,,0.399,Africa
Cote d'Ivoire,CIV,1996,0.00840978,,0.403,Africa
Cote d'Ivoire,CIV,1997,0.01882836,,0.409,Africa
Cote d'Ivoire,CIV,1998,0.060974438,,0.413,Africa
Cote d'Ivoire,CIV,1999,0.118685916,,0.416,Africa
Cote d'Ivoire,CIV,2000,0.231462,,0.419,Africa
Cote d'Ivoire,CIV,2001,0.395748,,0.422,Africa
Cote d'Ivoire,CIV,2002,0.497929,,0.424,Africa
Cote d'Ivoire,CIV,2003,0.75867,,0.425,Africa
Cote d'Ivoire,CIV,2004,0.849282,,0.43,Africa
Cote d'Ivoire,CIV,2005,1.03924,2.986724,0.435,Africa
Cote d'Ivoire,CIV,2006,1.5249,3.0700104,0.44,Africa
Cote d'Ivoire,CIV,2007,1.8,3.195116,0.445,Africa
Cote d'Ivoire,CIV,2008,1.9,3.300522,0.452,Africa
Cote d'Ivoire,CIV,2009,2.0,3.4746032,0.458,Africa
Cote d'Ivoire,CIV,2010,2.7,3.7165446,0.465,Africa
Cote d'Ivoire,CIV,2011,2.9,3.9658678,0.469,Africa
Cote d'Ivoire,CIV,2012,4.4,4.583528,0.478,Africa
Cote d'Ivoire,CIV,2013,6.6,4.8817263,0.487,Africa
Cote d'Ivoire,CIV,2014,10.0,5.5416374,0.511,Africa
Cote d'Ivoire,CIV,2015,38.44,6.203406,0.519,Africa
Cote d'Ivoire,CIV,2016,41.2078,6.3200502,0.53,Africa
Cote d'Ivoire,CIV,2017,43.8399,6.6095223,0.539,Africa
Cote d'Ivoire,CIV,2018,37.5465,6.9295163,0.545,Africa
Cote d'Ivoire,CIV,2019,36.289,7.540033,0.552,Africa
Cote d'Ivoire,CIV,2020,36.0166,7.405891,0.553,Africa
Cote d'Ivoire,CIV,2021,38.7504,7.335283,0.557,Africa
Cote d'Ivoire,CIV,2022,38.4133,7.331769,0.565,Africa
Croatia,HRV,1990,0.0,,,Europe
Croatia,HRV,1991,0.0,,,Europe
Croatia,HRV,1992,0.0,,,Europe
Croatia,HRV,1993,0.09721339,,,Europe
Croatia,HRV,1994,0.268319,,,Europe
Croatia,HRV,1995,0.5140286,17.589096,0.713,Europe
Croatia,HRV,1996,0.8589824,18.237663,0.725,Europe
Croatia,HRV,1997,1.7296094,19.968214,0.734,Europe
Croatia,HRV,1998,3.2732203,20.987856,0.744,Europe
Croatia,HRV,1999,4.4053593,21.735947,0.753,Europe
Croatia,HRV,2000,6.64488,23.514591,0.769,Europe
Croatia,HRV,2001,11.5586,24.147898,0.785,Europe
Croatia,HRV,2002,17.76,26.128862,0.792,Europe
Croatia,HRV,2003,22.75,27.298973,0.798,Europe
Croatia,HRV,2004,30.91,27.773874,0.807,Europe
Croatia,HRV,2005,33.14,29.038477,0.814,Europe
Croatia,HRV,2006,37.98,29.08061,0.819,Europe
Croatia,HRV,2007,41.44,30.89751,0.825,Europe
Croatia,HRV,2008,44.24,32.01722,0.827,Europe
Croatia,HRV,2009,50.58,30.735718,0.826,Europe
Croatia,HRV,2010,56.55,31.073338,0.831,Europe
Croatia,HRV,2011,57.79,33.860638,0.836,Europe
Croatia,HRV,2012,61.94,35.85464,0.839,Europe
Croatia,HRV,2013,66.7476,35.141396,0.846,Europe
Croatia,HRV,2014,68.5679,34.43929,0.848,Europe
Croatia,HRV,2015,69.845,37.16969,0.852,Europe
Croatia,HRV,2016,72.6973,38.39174,0.856,Europe
Croatia,HRV,2017,67.0962,41.132244,0.862,Europe
Croatia,HRV,2018,75.2946,39.25482,0.867,Europe
Croatia,HRV,2019,79.0798,38.796227,0.872,Europe
Croatia,HRV,2020,78.3209,35.67917,0.867,Europe
Croatia,HRV,2021,81.254,39.50393,0.876,Europe
Croatia,HRV,2022,82.0716,41.07334,0.886,Europe
Croatia,HRV,2023,83.2412,41.5619,0.889,Europe
Cuba,CUB,1990,0.0,,0.687,Americas
Cuba,CUB,1991,0.0,,0.681,Americas
Cuba,CUB,1992,0.0,,0.674,Americas
Cuba,CUB,1993,0.0,,0.665,Americas
Cuba,CUB,1994,0.0,,0.662,Americas
Cuba,CUB,1995,9.17e-05,,0.664,Americas
Cuba,CUB,1996,0.031949002,,0.675,Americas
Cuba,CUB,1997,0.06822021,,0.679,Americas
Cuba,CUB,1998,0.2266992,,0.683,Americas
Cuba,CUB,1999,0.31469053,,0.69,Americas
Cuba,CUB,2000,0.541183,,0.697,Americas
Cuba,CUB,2001,1.07975,,0.705,Americas
Cuba,CUB,2002,3.77059,,0.711,Americas
Cuba,CUB,2003,5.24127,,0.721,Americas
Cuba,CUB,2004,8.40798,,0.734,Americas
Cuba,CUB,2005,9.73806,,0.747,Americas
Cuba,CUB,2006,11.1596,,0.766,Americas
Cuba,CUB,2007,11.69,,0.78,Americas
Cuba,CUB,2008,12.94,,0.788,Americas
Cuba,CUB,2009,14.33,,0.788,Americas
Cuba,CUB,2010,15.9,,0.783,Americas
Cuba,CUB,2011,16.0173,,0.781,Americas
Cuba,CUB,2012,21.2,,0.777,Americas
Cuba,CUB,2013,27.93,,0.771,Americas
Cuba,CUB,2014,29.0702,,0.77,Americas
Cuba,CUB,2015,37.3051,,0.769,Americas
Cuba,CUB,2016,42.9787,,0.767,Americas
Cuba,CUB,2017,57.1484,,0.767,Americas
Cuba,CUB,2018,62.6789,,0.769,Americas
Cuba,CUB,2019,67.9708,,0.769,Americas
Cuba,CUB,2020,71.1191,,0.762,Americas
Cuba,CUB,2021,67.6435,,0.745,Americas
Cuba,CUB,2022,73.2178,,0.764,Americas
Curacao,CUW,2016,61.8555,,,Americas
Curacao,CUW,2017,68.1272,,,Americas
Cyprus,CYP,1990,0.0,,0.749,Asia
Cyprus,CYP,1991,0.0,,0.754,Asia
Cyprus,CYP,1992,0.05006043,,0.761,Asia
Cyprus,CYP,1993,0.056367483,,0.764,Asia
Cyprus,CYP,1994,0.111034624,,0.771,Asia
Cyprus,CYP,1995,0.4101207,35.692833,0.777,Asia
Cyprus,CYP,1996,0.67334354,35.30229,0.782,Asia
Cyprus,CYP,1997,4.378272,36.01037,0.788,Asia
Cyprus,CYP,1998,8.890539,35.241863,0.798,Asia
Cyprus,CYP,1999,11.342399,37.13651,0.802,Asia
Cyprus,CYP,2000,15.2554,41.91559,0.808,Asia
Cyprus,CYP,2001,18.8188,42.375515,0.815,Asia
Cyprus,CYP,2002,28.32,41.2168,0.827,Asia
Cyprus,CYP,2003,30.09,36.811447,0.835,Asia
Cyprus,CYP,2004,33.83,37.19426,0.84,Asia
Cyprus,CYP,2005,32.81,40.41551,0.844,Asia
Cyprus,CYP,2006,35.83,41.629475,0.85,Asia
Cyprus,CYP,2007,40.77,40.368713,0.855,Asia
Cyprus,CYP,2008,42.31,43.99252,0.862,Asia
Cyprus,CYP,2009,49.81,46.031357,0.867,Asia
Cyprus,CYP,2010,52.99,47.605515,0.869,Asia
Cyprus,CYP,2011,56.8599,44.55793,0.872,Asia
Cyprus,CYP,2012,60.6899,47.46698,0.872,Asia
Cyprus,CYP,2013,65.4548,44.922203,0.873,Asia
Cyprus,CYP,2014,69.3287,43.24122,0.875,Asia
Cyprus,CYP,2015,71.7157,45.10033,0.882,Asia
Cyprus,CYP,2016,75.9002,46.98066,0.888,Asia
Cyprus,CYP,2017,80.7432,46.293346,0.897,Asia
Cyprus,CYP,2018,84.4336,43.352467,0.902,Asia
Cyprus,CYP,2019,86.0636,48.435753,0.907,Asia
Cyprus,CYP,2020,90.8019,47.690174,0.905,Asia
Cyprus,CYP,2021,90.7595,45.98839,0.907,Asia
Cyprus,CYP,2022,89.601,42.606274,0.908,Asia
Cyprus,CYP,2023,91.2212,43.84825,0.913,Asia
Czechia,CZE,1990,0.0,,0.753,Europe
Czechia,CZE,1991,0.0,,0.751,Europe
Czechia,CZE,1992,0.0,,0.752,Europe
Czechia,CZE,1993,0.5813195,25.860928,0.76,Europe
Czechia,CZE,1994,1.2592179,27.208624,0.771,Europe
Czechia,CZE,1995,1.4535758,28.352118,0.781,Europe
Czechia,CZE,1996,1.9403782,29.496294,0.793,Europe
Czechia,CZE,1997,2.9156988,28.648998,0.797,Europe
Czechia,CZE,1998,3.895906,27.755621,0.802,Europe
Czechia,CZE,1999,6.832802,27.824385,0.806,Europe
Czechia,CZE,2000,9.78053,28.797884,0.817,Europe
Czechia,CZE,2001,14.6972,31.558556,0.828,Europe
Czechia,CZE,2002,23.93,31.330708,0.835,Europe
Czechia,CZE,2003,34.3,32.832714,0.842,Europe
Czechia,CZE,2004,35.5,33.4945,0.848,Europe
Czechia,CZE,2005,35.27,35.115566,0.856,Europe
Czechia,CZE,2006,47.93,35.70811,0.864,Europe
Czechia,CZE,2007,51.93,38.58749,0.87,Europe
Czechia,CZE,2008,62.97,37.7356,0.873,Europe
Czechia,CZE,2009,64.43,37.5656,0.875,Europe
Czechia,CZE,2010,68.82,38.408417,0.88,Europe
Czechia,CZE,2011,70.49,40.709778,0.883,Europe
Czechia,CZE,2012,73.43,41.04866,0.885,Europe
Czechia,CZE,2013,74.1104,40.476345,0.892,Europe
Czechia,CZE,2014,74.2317,41.997353,0.898,Europe
Czechia,CZE,2015,75.6688,42.950813,0.9,Europe
Czechia,CZE,2016,76.4812,43.276096,0.902,Europe
Czechia,CZE,2017,78.7192,45.38103,0.904,Europe
Czechia,CZE,2018,80.6882,45.92363,0.901,Europe
Czechia,CZE,2019,80.8669,49.792152,0.903,Europe
Czechia,CZE,2020,81.3389,51.3602,0.898,Europe
Czechia,CZE,2021,82.6706,51.39281,0.901,Europe
Czechia,CZE,2022,84.5401,51.131226,0.911,Europe
Czechia,CZE,2023,85.9941,50.677856,0.915,Europe
Democratic Republic of Congo,COD,1990,0.0,,0.388,Africa
Democratic Republic of Congo,COD,1991,0.0,,0.389,Africa
Democratic Republic of Congo,COD,1992,0.0,,0.387,Africa
Democratic Republic of Congo,COD,1993,0.0,,0.385,Africa
Democratic Republic of Congo,COD,1994,0.0,,0.382,Africa
Democratic Republic of Congo,COD,1995,0.0,,0.385,Africa
Democratic Republic of Congo,COD,1996,0.000108207,,0.386,Africa
Democratic Republic of Congo,COD,1997,0.000211213,,0.388,Africa
Democratic Republic of Congo,COD,1998,0.000413065,,0.385,Africa
Democratic Republic of Congo,COD,1999,0.001009076,,0.383,Africa
Democratic Republic of Congo,COD,2000,0.00590211,,0.391,Africa
Democratic Republic of Congo,COD,2001,0.0114758,,0.389,Africa
Democratic Republic of Congo,COD,2002,0.0927907,,0.392,Africa
Democratic Republic of Congo,COD,2003,0.134915,,0.398,Africa
Democratic Republic of Congo,COD,2004,0.196208,,0.403,Africa
Democratic Republic of Congo,COD,2005,0.238038,1.0138345,0.408,Africa
Democratic Republic of Congo,COD,2006,0.296054,1.0862719,0.413,Africa
Democratic Republic of Congo,COD,2007,0.37,1.1386207,0.417,Africa
Democratic Republic of Congo,COD,2008,0.44,1.1118417,0.426,Africa
Democratic Republic of Congo,COD,2009,0.56,1.1227409,0.431,Africa
Democratic Republic of Congo,COD,2010,0.72,1.2352985,0.44,Africa
Democratic Republic of Congo,COD,2011,1.2,1.3118428,0.447,Africa
Democratic Republic of Congo,COD,2012,1.67996,1.376266,0.451,Africa
Democratic Republic of Congo,COD,2013,2.2,1.4620652,0.456,Africa
Democratic Republic of Congo,COD,2014,3.0,1.5737215,0.467,Africa
Democratic Republic of Congo,COD,2015,3.8,1.6738734,0.477,Africa
Democratic Republic of Congo,COD,2016,10.1,1.863896,0.487,Africa
Democratic Republic of Congo,COD,2017,8.6199,1.7461326,0.491,Africa
Democratic Republic of Congo,COD,2018,11.7,1.8353372,0.497,Africa
Democratic Republic of Congo,COD,2019,16.4812,1.805877,0.501,Africa
Democratic Republic of Congo,COD,2020,19.8388,1.9609785,0.506,Africa
Democratic Republic of Congo,COD,2021,26.17,1.7932177,0.508,Africa
Democratic Republic of Congo,COD,2022,27.24,1.7827964,0.514,Africa
Denmark,DNK,1990,0.09727727,43.7463,0.844,Europe
Denmark,DNK,1991,0.19405651,44.715145,0.848,Europe
Denmark,DNK,1992,0.38691396,46.571014,0.85,Europe
Denmark,DNK,1993,0.57833,47.35203,0.853,Europe
Denmark,DNK,1994,1.3443078,50.14378,0.859,Europe
Denmark,DNK,1995,3.8256564,51.199394,0.862,Europe
Denmark,DNK,1996,5.7149878,52.86117,0.87,Europe
Denmark,DNK,1997,11.382005,54.022552,0.876,Europe
Denmark,DNK,1998,22.668747,54.50454,0.883,Europe
Denmark,DNK,1999,30.592041,55.87614,0.894,Europe
Denmark,DNK,2000,39.1724,58.387703,0.896,Europe
Denmark,DNK,2001,42.9575,57.93497,0.902,Europe
Denmark,DNK,2002,64.25,58.694958,0.902,Europe
Denmark,DNK,2003,76.26,59.00302,0.907,Europe
Denmark,DNK,2004,80.93,61.873425,0.912,Europe
Denmark,DNK,2005,82.74,64.562225,0.917,Europe
Denmark,DNK,2006,86.65,64.97579,0.917,Europe
Denmark,DNK,2007,85.03,66.43892,0.918,Europe
Denmark,DNK,2008,85.02,69.79276,0.922,Europe
Denmark,DNK,2009,86.84,69.93462,0.915,Europe
Denmark,DNK,2010,88.72,75.33401,0.92,Europe
Denmark,DNK,2011,89.81,77.95425,0.934,Europe
Denmark,DNK,2012,92.26,78.593475,0.938,Europe
Denmark,DNK,2013,94.6297,77.19141,0.941,Europe
Denmark,DNK,2014,95.9935,77.33569,0.939,Europe
Denmark,DNK,2015,96.3305,75.94151,0.943,Europe
Denmark,DNK,2016,96.9678,77.22661,0.951,Europe
Denmark,DNK,2017,97.0994,80.47136,0.951,Europe
Denmark,DNK,2018,97.3192,81.621376,0.95,Europe
Denmark,DNK,2019,98.0464,85.80067,0.953,Europe
Denmark,DNK,2020,96.5491,89.233696,0.954,Europe
Denmark,DNK,2021,98.8659,90.23293,0.958,Europe
Denmark,DNK,2022,97.8601,89.954384,0.959,Europe
Denmark,DNK,2023,98.7756,88.71552,0.962,Europe
Djibouti,DJI,1990,0.0,,,Africa
Djibouti,DJI,1991,0.0,,,Africa
Djibouti,DJI,1992,0.0,,,Africa
Djibouti,DJI,1993,0.0,,,Africa
Djibouti,DJI,1994,0.0,,,Africa
Djibouti,DJI,1995,0.01603083,,0.318,Africa
Djibouti,DJI,1996,0.03116624,,0.32,Africa
Djibouti,DJI,1997,0.082941495,,0.324,Africa
Djibouti,DJI,1998,0.09469601,,0.327,Africa
Djibouti,DJI,1999,0.10576191,,0.333,Africa
Djibouti,DJI,2000,0.194501,,0.337,Africa
Djibouti,DJI,2001,0.343526,,0.342,Africa
Djibouti,DJI,2002,0.486972,,0.349,Africa
Djibouti,DJI,2003,0.62594,,0.36,Africa
Djibouti,DJI,2004,0.781317,,0.368,Africa
Djibouti,DJI,2005,0.953611,,0.375,Africa
Djibouti,DJI,2006,1.27004,,0.385,Africa
Djibouti,DJI,2007,1.62,,0.392,Africa
Djibouti,DJI,2008,2.26,,0.4,Africa
Djibouti,DJI,2009,4.0,,0.411,Africa
Djibouti,DJI,2010,6.5,,0.421,Africa
Djibouti,DJI,2011,7.0,,0.432,Africa
Djibouti,DJI,2012,9.4,,0.442,Africa
Djibouti,DJI,2013,12.7,,0.45,Africa
Djibouti,DJI,2014,17.0,,0.459,Africa
Djibouti,DJI,2015,22.9,,0.469,Africa
Djibouti,DJI,2016,30.8,,0.477,Africa
Djibouti,DJI,2017,55.6814,,0.484,Africa
Djibouti,DJI,2018,58.0,,0.492,Africa
Djibouti,DJI,2019,59.342,,0.497,Africa
Djibouti,DJI,2020,62.5104,,0.499,Africa
Djibouti,DJI,2021,64.0414,,0.501,Africa
Djibouti,DJI,2022,65.0322,,0.51,Africa
Dominica,DMA,1990,0.0,,,Americas
Dominica,DMA,1991,0.0,,,Americas
Dominica,DMA,1992,0.0,,,Americas
Dominica,DMA,1993,0.0,,,Americas
Dominica,DMA,1994,0.0,,,Americas
Dominica,DMA,1995,0.54876274,,,Americas
Dominica,DMA,1996,1.1655182,,,Americas
Dominica,DMA,1998,2.9253452,,,Americas
Dominica,DMA,1999,2.9321644,,,Americas
Dominica,DMA,2000,8.81484,,0.721,Americas
Dominica,DMA,2001,13.2452,,0.725,Americas
Dominica,DMA,2002,18.4249,,0.724,Americas
Dominica,DMA,2003,23.6204,,0.728,Americas
Dominica,DMA,2004,30.3196,,0.73,Americas
Dominica,DMA,2005,38.5436,,0.732,Americas
Dominica,DMA,2006,39.3982,,0.737,Americas
Dominica,DMA,2007,40.2745,,0.74,Americas
Dominica,DMA,2008,41.16,,0.745,Americas
Dominica,DMA,2009,42.02,,0.746,Americas
Dominica,DMA,2010,47.45,,0.747,Americas
Dominica,DMA,2011,48.6,,0.745,Americas
Dominica,DMA,2012,49.8,,0.745,Americas
Dominica,DMA,2013,51.0,,0.745,Americas
Dominica,DMA,2014,57.5,,0.748,Americas
Dominica,DMA,2015,65.0,,0.741,Americas
Dominica,DMA,2016,67.03,,0.751,Americas
Dominica,DMA,2017,69.6197,,0.735,Americas
Dominica,DMA,2019,73.3819,,0.758,Americas
Dominica,DMA,2020,75.6567,,0.753,Americas
Dominica,DMA,2021,82.3506,,0.749,Americas
Dominica,DMA,2022,83.3767,,0.759,Americas
Dominican Republic,DOM,1990,0.0,8.796212,0.589,Americas
Dominican Republic,DOM,1991,0.0,8.44252,0.594,Americas
Dominican Republic,DOM,1992,0.0,9.278705,0.604,Americas
Dominican Republic,DOM,1993,0.0,9.712805,0.611,Americas
Dominican Republic,DOM,1994,0.0,10.105055,0.617,Americas
Dominican Republic,DOM,1995,0.0172336,10.230078,0.624,Americas
Dominican Republic,DOM,1996,0.074987054,10.651945,0.631,Americas
Dominican Republic,DOM,1997,0.14268756,11.128914,0.639,Americas
Dominican Republic,DOM,1998,0.23391418,11.19928,0.645,Americas
Dominican Republic,DOM,1999,1.1047438,11.469443,0.652,Americas
Dominican Republic,DOM,2000,3.70469,11.725638,0.658,Americas
Dominican Republic,DOM,2001,4.42939,13.234211,0.663,Americas
Dominican Republic,DOM,2002,6.82373,13.081678,0.668,Americas
Dominican Republic,DOM,2003,7.89839,12.213278,0.67,Americas
Dominican Republic,DOM,2004,8.86555,12.229299,0.673,Americas
Dominican Republic,DOM,2005,11.4832,13.452188,0.683,Americas
Dominican Republic,DOM,2006,14.8449,14.656587,0.691,Americas
Dominican Republic,DOM,2007,17.66,15.510447,0.698,Americas
Dominican Republic,DOM,2008,20.82,15.146242,0.704,Americas
Dominican Republic,DOM,2009,27.72,15.996276,0.707,Americas
Dominican Republic,DOM,2010,31.4,16.882969,0.715,Americas
Dominican Republic,DOM,2011,38.0,16.710257,0.721,Americas
Dominican Republic,DOM,2012,42.32,16.650057,0.727,Americas
Dominican Republic,DOM,2013,45.9,16.330427,0.731,Americas
Dominican Republic,DOM,2014,49.58,16.183693,0.737,Americas
Dominican Republic,DOM,2015,54.2158,17.29425,0.747,Americas
Dominican Republic,DOM,2016,63.8709,18.247055,0.766,Americas
Dominican Republic,DOM,2017,67.5712,18.449303,0.77,Americas
Dominican Republic,DOM,2018,74.822,19.147604,0.773,Americas
Dominican Republic,DOM,2019,79.7155,20.977322,0.771,Americas
Dominican Republic,DOM,2020,81.6173,24.512321,0.767,Americas
Dominican Republic,DOM,2021,85.243,23.391329,0.762,Americas
Dominican Republic,DOM,2022,84.3832,23.578236,0.778,Americas
East Asia and Pacific (WB),,1990,0.0073482394,,0.55,
East Asia and Pacific (WB),,1990,0.0073482394,,0.514,
East Asia and Pacific (WB),,1990,0.0073482394,,0.674,
East Asia and Pacific (WB),,1990,0.0073482394,,0.7739702,
East Asia and Pacific (WB),,1990,0.0073482394,,0.569,
East Asia and Pacific (WB),,1990,0.0073482394,,0.8043755,
East Asia and Pacific (WB),,1990,0.0073482394,,0.648,
East Asia and Pacific (WB),,1990,0.0073482394,,0.346,
East Asia and Pacific (WB),,1990,0.0073482394,,0.439,
East Asia and Pacific (WB),,1990,0.0073482394,,0.6497253,
East Asia and Pacific (WB),,1990,0.0073482394,,0.454,
East Asia and Pacific (WB),,1990,0.0073482394,,0.405,
East Asia and Pacific (WB),,1990,0.0073482394,,0.797,
East Asia and Pacific (WB),,1991,0.015138366,,0.552,
East Asia and Pacific (WB),,1991,0.015138366,,0.522,
East Asia and Pacific (WB),,1991,0.015138366,,0.671,
East Asia and Pacific (WB),,1991,0.015138366,,0.7779599,
East Asia and Pacific (WB),,1991,0.015138366,,0.574,
East Asia and Pacific (WB),,1991,0.015138366,,0.806783,
East Asia and Pacific (WB),,1991,0.015138366,,0.653,
East Asia and Pacific (WB),,1991,0.015138366,,0.348,
East Asia and Pacific (WB),,1991,0.015138366,,0.44,
East Asia and Pacific (WB),,1991,0.015138366,,0.6547653,
East Asia and Pacific (WB),,1991,0.015138366,,0.458,
East Asia and Pacific (WB),,1991,0.015138366,,0.409,
East Asia and Pacific (WB),,1991,0.015138366,,0.8,
East Asia and Pacific (WB),,1992,0.031765036,,0.561,
East Asia and Pacific (WB),,1992,0.031765036,,0.531,
East Asia and Pacific (WB),,1992,0.031765036,,0.664,
East Asia and Pacific (WB),,1992,0.031765036,,0.78332764,
East Asia and Pacific (WB),,1992,0.031765036,,0.58,
East Asia and Pacific (WB),,1992,0.031765036,,0.80932313,
East Asia and Pacific (WB),,1992,0.031765036,,0.657,
East Asia and Pacific (WB),,1992,0.031765036,,0.352,
East Asia and Pacific (WB),,1992,0.031765036,,0.445,
East Asia and Pacific (WB),,1992,0.031765036,,0.65902275,
East Asia and Pacific (WB),,1992,0.031765036,,0.464,
East Asia and Pacific (WB),,1992,0.031765036,,0.408,
East Asia and Pacific (WB),,1992,0.031765036,,0.802,
East Asia and Pacific (WB),,1993,0.06306244,,0.571,
East Asia and Pacific (WB),,1993,0.06306244,,0.541,
East Asia and Pacific (WB),,1993,0.06306244,,0.659,
East Asia and Pacific (WB),,1993,0.06306244,,0.79047537,
East Asia and Pacific (WB),,1993,0.06306244,,0.586,
East Asia and Pacific (WB),,1993,0.06306244,,0.81150347,
East Asia and Pacific (WB),,1993,0.06306244,,0.661,
East Asia and Pacific (WB),,1993,0.06306244,,0.356,
East Asia and Pacific (WB),,1993,0.06306244,,0.449,
East Asia and Pacific (WB),,1993,0.06306244,,0.66415447,
East Asia and Pacific (WB),,1993,0.06306244,,0.468,
East Asia and Pacific (WB),,1993,0.06306244,,0.411,
East Asia and Pacific (WB),,1993,0.06306244,,0.804,
East Asia and Pacific (WB),,1994,0.109100275,,0.577,
East Asia and Pacific (WB),,1994,0.109100275,,0.55,
East Asia and Pacific (WB),,1994,0.109100275,,0.654,
East Asia and Pacific (WB),,1994,0.109100275,,0.7999784,
East Asia and Pacific (WB),,1994,0.109100275,,0.591,
East Asia and Pacific (WB),,1994,0.109100275,,0.81610936,
East Asia and Pacific (WB),,1994,0.109100275,,0.666,
East Asia and Pacific (WB),,1994,0.109100275,,0.361,
East Asia and Pacific (WB),,1994,0.109100275,,0.453,
East Asia and Pacific (WB),,1994,0.109100275,,0.66946566,
East Asia and Pacific (WB),,1994,0.109100275,,0.472,
East Asia and Pacific (WB),,1994,0.109100275,,0.413,
East Asia and Pacific (WB),,1994,0.109100275,,0.809,
East Asia and Pacific (WB),,1995,0.19508868,,0.582,
East Asia and Pacific (WB),,1995,0.19508868,,0.559,
East Asia and Pacific (WB),,1995,0.19508868,,0.7735119,
East Asia and Pacific (WB),,1995,0.19508868,,0.658,
East Asia and Pacific (WB),,1995,0.19508868,,0.8133682,
East Asia and Pacific (WB),,1995,0.19508868,,0.599,
East Asia and Pacific (WB),,1995,0.19508868,,0.8224163,
East Asia and Pacific (WB),,1995,0.19508868,,0.67,
East Asia and Pacific (WB),,1995,0.19508868,,0.368,
East Asia and Pacific (WB),,1995,0.19508868,,0.459,
East Asia and Pacific (WB),,1995,0.19508868,,0.6756636,
East Asia and Pacific (WB),,1995,0.19508868,,0.478,
East Asia and Pacific (WB),,1995,0.19508868,,0.42,
East Asia and Pacific (WB),,1995,0.19508868,,0.812,
East Asia and Pacific (WB),,1996,0.4719074,,0.59,
East Asia and Pacific (WB),,1996,0.4719074,,0.57,
East Asia and Pacific (WB),,1996,0.4719074,,0.7801411,
East Asia and Pacific (WB),,1996,0.4719074,,0.662,
East Asia and Pacific (WB),,1996,0.4719074,,0.82013655,
East Asia and Pacific (WB),,1996,0.4719074,,0.607,
East Asia and Pacific (WB),,1996,0.4719074,,0.82840586,
East Asia and Pacific (WB),,1996,0.4719074,,0.676,
East Asia and Pacific (WB),,1996,0.4719074,,0.373,
East Asia and Pacific (WB),,1996,0.4719074,,0.466,
East Asia and Pacific (WB),,1996,0.4719074,,0.6810407,
East Asia and Pacific (WB),,1996,0.4719074,,0.484,
East Asia and Pacific (WB),,1996,0.4719074,,0.423,
East Asia and Pacific (WB),,1996,0.4719074,,0.818,
East Asia and Pacific (WB),,1997,1.0940213,,0.596,
East Asia and Pacific (WB),,1997,1.0940213,,0.579,
East Asia and Pacific (WB),,1997,1.0940213,,0.7872637,
East Asia and Pacific (WB),,1997,1.0940213,,0.668,
East Asia and Pacific (WB),,1997,1.0940213,,0.8263604,
East Asia and Pacific (WB),,1997,1.0940213,,0.615,
East Asia and Pacific (WB),,1997,1.0940213,,0.83428735,
East Asia and Pacific (WB),,1997,1.0940213,,0.683,
East Asia and Pacific (WB),,1997,1.0940213,,0.378,
East Asia and Pacific (WB),,1997,1.0940213,,0.472,
East Asia and Pacific (WB),,1997,1.0940213,,0.6869894,
East Asia and Pacific (WB),,1997,1.0940213,,0.49,
East Asia and Pacific (WB),,1997,1.0940213,,0.427,
East Asia and Pacific (WB),,1997,1.0940213,,0.824,
East Asia and Pacific (WB),,1998,1.9024576,,0.603,
East Asia and Pacific (WB),,1998,1.9024576,,0.586,
East Asia and Pacific (WB),,1998,1.9024576,,0.7928959,
East Asia and Pacific (WB),,1998,1.9024576,,0.674,
East Asia and Pacific (WB),,1998,1.9024576,,0.8325962,
East Asia and Pacific (WB),,1998,1.9024576,,0.622,
East Asia and Pacific (WB),,1998,1.9024576,,0.83827734,
East Asia and Pacific (WB),,1998,1.9024576,,0.688,
East Asia and Pacific (WB),,1998,1.9024576,,0.382,
East Asia and Pacific (WB),,1998,1.9024576,,0.478,
East Asia and Pacific (WB),,1998,1.9024576,,0.6915652,
East Asia and Pacific (WB),,1998,1.9024576,,0.496,
East Asia and Pacific (WB),,1998,1.9024576,,0.43,
East Asia and Pacific (WB),,1998,1.9024576,,0.829,
East Asia and Pacific (WB),,1999,3.4426508,,0.609,
East Asia and Pacific (WB),,1999,3.4426508,,0.594,
East Asia and Pacific (WB),,1999,3.4426508,,0.7974899,
East Asia and Pacific (WB),,1999,3.4426508,,0.676,
East Asia and Pacific (WB),,1999,3.4426508,,0.8380795,
East Asia and Pacific (WB),,1999,3.4426508,,0.628,
East Asia and Pacific (WB),,1999,3.4426508,,0.84187406,
East Asia and Pacific (WB),,1999,3.4426508,,0.692,
East Asia and Pacific (WB),,1999,3.4426508,,0.39,
East Asia and Pacific (WB),,1999,3.4426508,,0.48673937,
East Asia and Pacific (WB),,1999,3.4426508,,0.485,
East Asia and Pacific (WB),,1999,3.4426508,,0.69540364,
East Asia and Pacific (WB),,1999,3.4426508,,0.503,
East Asia and Pacific (WB),,1999,3.4426508,,0.433,
East Asia and Pacific (WB),,1999,3.4426508,,0.832,
East Asia and Pacific (WB),,2000,5.627366,,0.4245854,
East Asia and Pacific (WB),,2000,5.627366,,0.615,
East Asia and Pacific (WB),,2000,5.627366,,0.569869,
East Asia and Pacific (WB),,2000,5.627366,,0.604,
East Asia and Pacific (WB),,2000,5.627366,,0.8080217,
East Asia and Pacific (WB),,2000,5.627366,,0.686,
East Asia and Pacific (WB),,2000,5.627366,,0.8433045,
East Asia and Pacific (WB),,2000,5.627366,,0.636,
East Asia and Pacific (WB),,2000,5.627366,,0.84814763,
East Asia and Pacific (WB),,2000,5.627366,,0.697,
East Asia and Pacific (WB),,2000,5.627366,,0.393,
East Asia and Pacific (WB),,2000,5.627366,,0.49990252,
East Asia and Pacific (WB),,2000,5.627366,,0.491,
East Asia and Pacific (WB),,2000,5.627366,,0.81713676,
East Asia and Pacific (WB),,2000,5.627366,,0.70062786,
East Asia and Pacific (WB),,2000,5.627366,,0.508,
East Asia and Pacific (WB),,2000,5.627366,,0.435,
East Asia and Pacific (WB),,2000,5.627366,,0.6285039,
East Asia and Pacific (WB),,2000,5.627366,,0.838,
East Asia and Pacific (WB),,2001,7.295886,,0.4292593,
East Asia and Pacific (WB),,2001,7.295886,,0.621,
East Asia and Pacific (WB),,2001,7.295886,,0.5783103,
East Asia and Pacific (WB),,2001,7.295886,,0.612,
East Asia and Pacific (WB),,2001,7.295886,,0.81529015,
East Asia and Pacific (WB),,2001,7.295886,,0.693,
East Asia and Pacific (WB),,2001,7.295886,,0.84985864,
East Asia and Pacific (WB),,2001,7.295886,,0.643,
East Asia and Pacific (WB),,2001,7.295886,,0.8533231,
East Asia and Pacific (WB),,2001,7.295886,,0.702,
East Asia and Pacific (WB),,2001,7.295886,,0.401,
East Asia and Pacific (WB),,2001,7.295886,,0.5078028,
East Asia and Pacific (WB),,2001,7.295886,,0.5,
East Asia and Pacific (WB),,2001,7.295886,,0.819591,
East Asia and Pacific (WB),,2001,7.295886,,0.7054202,
East Asia and Pacific (WB),,2001,7.295886,,0.517,
East Asia and Pacific (WB),,2001,7.295886,,0.441,
East Asia and Pacific (WB),,2001,7.295886,,0.63662523,
East Asia and Pacific (WB),,2001,7.295886,,0.843,
East Asia and Pacific (WB),,2002,9.034619,,0.43494922,
East Asia and Pacific (WB),,2002,9.034619,,0.626,
East Asia and Pacific (WB),,2002,9.034619,,0.5859656,
East Asia and Pacific (WB),,2002,9.034619,,0.622,
East Asia and Pacific (WB),,2002,9.034619,,0.8208476,
East Asia and Pacific (WB),,2002,9.034619,,0.701,
East Asia and Pacific (WB),,2002,9.034619,,0.85488456,
East Asia and Pacific (WB),,2002,9.034619,,0.651,
East Asia and Pacific (WB),,2002,9.034619,,0.85723525,
East Asia and Pacific (WB),,2002,9.034619,,0.706,
East Asia and Pacific (WB),,2002,9.034619,,0.407,
East Asia and Pacific (WB),,2002,9.034619,,0.5139684,
East Asia and Pacific (WB),,2002,9.034619,,0.506,
East Asia and Pacific (WB),,2002,9.034619,,0.8224308,
East Asia and Pacific (WB),,2002,9.034619,,0.71004105,
East Asia and Pacific (WB),,2002,9.034619,,0.523,
East Asia and Pacific (WB),,2002,9.034619,,0.449,
East Asia and Pacific (WB),,2002,9.034619,,0.645688,
East Asia and Pacific (WB),,2002,9.034619,,0.847,
East Asia and Pacific (WB),,2003,10.6079855,,0.44065332,
East Asia and Pacific (WB),,2003,10.6079855,,0.63,
East Asia and Pacific (WB),,2003,10.6079855,,0.5955544,
East Asia and Pacific (WB),,2003,10.6079855,,0.632,
East Asia and Pacific (WB),,2003,10.6079855,,0.8275237,
East Asia and Pacific (WB),,2003,10.6079855,,0.709,
East Asia and Pacific (WB),,2003,10.6079855,,0.85958296,
East Asia and Pacific (WB),,2003,10.6079855,,0.659,
East Asia and Pacific (WB),,2003,10.6079855,,0.8615973,
East Asia and Pacific (WB),,2003,10.6079855,,0.711,
East Asia and Pacific (WB),,2003,10.6079855,,0.414,
East Asia and Pacific (WB),,2003,10.6079855,,0.5242137,
East Asia and Pacific (WB),,2003,10.6079855,,0.516,
East Asia and Pacific (WB),,2003,10.6079855,,0.8255375,
East Asia and Pacific (WB),,2003,10.6079855,,0.7139729,
East Asia and Pacific (WB),,2003,10.6079855,,0.535,
East Asia and Pacific (WB),,2003,10.6079855,,0.457,
East Asia and Pacific (WB),,2003,10.6079855,,0.65426606,
East Asia and Pacific (WB),,2003,10.6079855,,0.852,
East Asia and Pacific (WB),,2004,12.647916,,0.44817433,
East Asia and Pacific (WB),,2004,12.647916,,0.638,
East Asia and Pacific (WB),,2004,12.647916,,0.6048904,
East Asia and Pacific (WB),,2004,12.647916,,0.641,
East Asia and Pacific (WB),,2004,12.647916,,0.83400583,
East Asia and Pacific (WB),,2004,12.647916,,0.716,
East Asia and Pacific (WB),,2004,12.647916,,0.8654416,
East Asia and Pacific (WB),,2004,12.647916,,0.666,
East Asia and Pacific (WB),,2004,12.647916,,0.8671708,
East Asia and Pacific (WB),,2004,12.647916,,0.717,
East Asia and Pacific (WB),,2004,12.647916,,0.424,
East Asia and Pacific (WB),,2004,12.647916,,0.533825,
East Asia and Pacific (WB),,2004,12.647916,,0.526,
East Asia and Pacific (WB),,2004,12.647916,,0.83012056,
East Asia and Pacific (WB),,2004,12.647916,,0.7216664,
East Asia and Pacific (WB),,2004,12.647916,,0.543,
East Asia and Pacific (WB),,2004,12.647916,,0.466,
East Asia and Pacific (WB),,2004,12.647916,,0.66330206,
East Asia and Pacific (WB),,2004,12.647916,,0.857,
East Asia and Pacific (WB),,2005,14.7,,0.461668,
East Asia and Pacific (WB),,2005,14.7,,0.645,
East Asia and Pacific (WB),,2005,14.7,,0.61573684,
East Asia and Pacific (WB),,2005,14.7,,0.652,
East Asia and Pacific (WB),,2005,14.7,,0.84263706,
East Asia and Pacific (WB),,2005,14.7,,0.72,
East Asia and Pacific (WB),,2005,14.7,,0.8698894,
East Asia and Pacific (WB),,2005,14.7,,0.675,
East Asia and Pacific (WB),,2005,14.7,,0.87086254,
East Asia and Pacific (WB),,2005,14.7,,0.723,
East Asia and Pacific (WB),,2005,14.7,,0.433,
East Asia and Pacific (WB),,2005,14.7,,0.34204078,
East Asia and Pacific (WB),,2005,14.7,,0.5434632,
East Asia and Pacific (WB),,2005,14.7,,0.535,
East Asia and Pacific (WB),,2005,14.7,,0.8332466,
East Asia and Pacific (WB),,2005,14.7,,0.80804354,
East Asia and Pacific (WB),,2005,14.7,,0.727708,
East Asia and Pacific (WB),,2005,14.7,,0.552,
East Asia and Pacific (WB),,2005,14.7,,0.473,
East Asia and Pacific (WB),,2005,14.7,,0.6755118,
East Asia and Pacific (WB),,2005,14.7,,0.861,
East Asia and Pacific (WB),,2006,16.7,,0.46813595,
East Asia and Pacific (WB),,2006,16.7,,0.652,
East Asia and Pacific (WB),,2006,16.7,,0.6248776,
East Asia and Pacific (WB),,2006,16.7,,0.662,
East Asia and Pacific (WB),,2006,16.7,,0.848911,
East Asia and Pacific (WB),,2006,16.7,,0.728,
East Asia and Pacific (WB),,2006,16.7,,0.87523013,
East Asia and Pacific (WB),,2006,16.7,,0.683,
East Asia and Pacific (WB),,2006,16.7,,0.87583596,
East Asia and Pacific (WB),,2006,16.7,,0.729,
East Asia and Pacific (WB),,2006,16.7,,0.442,
East Asia and Pacific (WB),,2006,16.7,,0.35059604,
East Asia and Pacific (WB),,2006,16.7,,0.55155903,
East Asia and Pacific (WB),,2006,16.7,,0.543,
East Asia and Pacific (WB),,2006,16.7,,0.8386846,
East Asia and Pacific (WB),,2006,16.7,,0.8101854,
East Asia and Pacific (WB),,2006,16.7,,0.73351294,
East Asia and Pacific (WB),,2006,16.7,,0.561,
East Asia and Pacific (WB),,2006,16.7,,0.481,
East Asia and Pacific (WB),,2006,16.7,,0.6853619,
East Asia and Pacific (WB),,2006,16.7,,0.866,
East Asia and Pacific (WB),,2007,20.8,,0.4750963,
East Asia and Pacific (WB),,2007,20.8,,0.658,
East Asia and Pacific (WB),,2007,20.8,,0.63415104,
East Asia and Pacific (WB),,2007,20.8,,0.673,
East Asia and Pacific (WB),,2007,20.8,,0.8548727,
East Asia and Pacific (WB),,2007,20.8,,0.736,
East Asia and Pacific (WB),,2007,20.8,,0.87925476,
East Asia and Pacific (WB),,2007,20.8,,0.692,
East Asia and Pacific (WB),,2007,20.8,,0.8802514,
East Asia and Pacific (WB),,2007,20.8,,0.736,
East Asia and Pacific (WB),,2007,20.8,,0.45,
East Asia and Pacific (WB),,2007,20.8,,0.3596332,
East Asia and Pacific (WB),,2007,20.8,,0.5593327,
East Asia and Pacific (WB),,2007,20.8,,0.551,
East Asia and Pacific (WB),,2007,20.8,,0.84200835,
East Asia and Pacific (WB),,2007,20.8,,0.8121299,
East Asia and Pacific (WB),,2007,20.8,,0.74158055,
East Asia and Pacific (WB),,2007,20.8,,0.569,
East Asia and Pacific (WB),,2007,20.8,,0.489,
East Asia and Pacific (WB),,2007,20.8,,0.6958714,
East Asia and Pacific (WB),,2007,20.8,,0.87,
East Asia and Pacific (WB),,2008,25.3,,0.49759457,
East Asia and Pacific (WB),,2008,25.3,,0.661,
East Asia and Pacific (WB),,2008,25.3,,0.64034575,
East Asia and Pacific (WB),,2008,25.3,,0.68,
East Asia and Pacific (WB),,2008,25.3,,0.8590917,
East Asia and Pacific (WB),,2008,25.3,,0.74,
East Asia and Pacific (WB),,2008,25.3,,0.88218033,
East Asia and Pacific (WB),,2008,25.3,,0.699,
East Asia and Pacific (WB),,2008,25.3,,0.8827478,
East Asia and Pacific (WB),,2008,25.3,,0.742,
East Asia and Pacific (WB),,2008,25.3,,0.457,
East Asia and Pacific (WB),,2008,25.3,,0.39877075,
East Asia and Pacific (WB),,2008,25.3,,0.56541926,
East Asia and Pacific (WB),,2008,25.3,,0.558,
East Asia and Pacific (WB),,2008,25.3,,0.8433985,
East Asia and Pacific (WB),,2008,25.3,,0.8153273,
East Asia and Pacific (WB),,2008,25.3,,0.7485009,
East Asia and Pacific (WB),,2008,25.3,,0.575,
East Asia and Pacific (WB),,2008,25.3,,0.497,
East Asia and Pacific (WB),,2008,25.3,,0.7032563,
East Asia and Pacific (WB),,2008,25.3,,0.872,
East Asia and Pacific (WB),,2009,29.5,,0.5021216,
East Asia and Pacific (WB),,2009,29.5,,0.666,
East Asia and Pacific (WB),,2009,29.5,,0.64756656,
East Asia and Pacific (WB),,2009,29.5,,0.69,
East Asia and Pacific (WB),,2009,29.5,,0.8599548,
East Asia and Pacific (WB),,2009,29.5,,0.742,
East Asia and Pacific (WB),,2009,29.5,,0.8833343,
East Asia and Pacific (WB),,2009,29.5,,0.706,
East Asia and Pacific (WB),,2009,29.5,,0.8837552,
East Asia and Pacific (WB),,2009,29.5,,0.743,
East Asia and Pacific (WB),,2009,29.5,,0.461,
East Asia and Pacific (WB),,2009,29.5,,0.402766,
East Asia and Pacific (WB),,2009,29.5,,0.5710855,
East Asia and Pacific (WB),,2009,29.5,,0.565,
East Asia and Pacific (WB),,2009,29.5,,0.8439207,
East Asia and Pacific (WB),,2009,29.5,,0.81803006,
East Asia and Pacific (WB),,2009,29.5,,0.7512326,
East Asia and Pacific (WB),,2009,29.5,,0.58,
East Asia and Pacific (WB),,2009,29.5,,0.503,
East Asia and Pacific (WB),,2009,29.5,,0.71126586,
East Asia and Pacific (WB),,2009,29.5,,0.874,
East Asia and Pacific (WB),,2010,34.2,,0.513888,
East Asia and Pacific (WB),,2010,34.2,,0.67,
East Asia and Pacific (WB),,2010,34.2,,0.65679175,
East Asia and Pacific (WB),,2010,34.2,,0.699,
East Asia and Pacific (WB),,2010,34.2,,0.8645471,
East Asia and Pacific (WB),,2010,34.2,,0.753,
East Asia and Pacific (WB),,2010,34.2,,0.8875532,
East Asia and Pacific (WB),,2010,34.2,,0.714,
East Asia and Pacific (WB),,2010,34.2,,0.88799495,
East Asia and Pacific (WB),,2010,34.2,,0.747,
East Asia and Pacific (WB),,2010,34.2,,0.467,
East Asia and Pacific (WB),,2010,34.2,,0.42096916,
East Asia and Pacific (WB),,2010,34.2,,0.57957613,
East Asia and Pacific (WB),,2010,34.2,,0.573,
East Asia and Pacific (WB),,2010,34.2,,0.84561443,
East Asia and Pacific (WB),,2010,34.2,,0.82062435,
East Asia and Pacific (WB),,2010,34.2,,0.75787014,
East Asia and Pacific (WB),,2010,34.2,,0.59,
East Asia and Pacific (WB),,2010,34.2,,0.51,
East Asia and Pacific (WB),,2010,34.2,,0.72018623,
East Asia and Pacific (WB),,2010,34.2,,0.879,
East Asia and Pacific (WB),,2011,37.3,,0.52003187,
East Asia and Pacific (WB),,2011,37.3,,0.672,
East Asia and Pacific (WB),,2011,37.3,,0.66498727,
East Asia and Pacific (WB),,2011,37.3,,0.706,
East Asia and Pacific (WB),,2011,37.3,,0.87022907,
East Asia and Pacific (WB),,2011,37.3,,0.761,
East Asia and Pacific (WB),,2011,37.3,,0.89193636,
East Asia and Pacific (WB),,2011,37.3,,0.72,
East Asia and Pacific (WB),,2011,37.3,,0.8916487,
East Asia and Pacific (WB),,2011,37.3,,0.753,
East Asia and Pacific (WB),,2011,37.3,,0.471,
East Asia and Pacific (WB),,2011,37.3,,0.4269735,
East Asia and Pacific (WB),,2011,37.3,,0.5894755,
East Asia and Pacific (WB),,2011,37.3,,0.584,
East Asia and Pacific (WB),,2011,37.3,,0.8494359,
East Asia and Pacific (WB),,2011,37.3,,0.8243534,
East Asia and Pacific (WB),,2011,37.3,,0.7633919,
East Asia and Pacific (WB),,2011,37.3,,0.601,
East Asia and Pacific (WB),,2011,37.3,,0.517,
East Asia and Pacific (WB),,2011,37.3,,0.7270223,
East Asia and Pacific (WB),,2011,37.3,,0.883,
East Asia and Pacific (WB),,2012,40.4,,0.5260907,
East Asia and Pacific (WB),,2012,40.4,,0.68,
East Asia and Pacific (WB),,2012,40.4,,0.67128,
East Asia and Pacific (WB),,2012,40.4,,0.713,
East Asia and Pacific (WB),,2012,40.4,,0.87196416,
East Asia and Pacific (WB),,2012,40.4,,0.767,
East Asia and Pacific (WB),,2012,40.4,,0.8927878,
East Asia and Pacific (WB),,2012,40.4,,0.727,
East Asia and Pacific (WB),,2012,40.4,,0.8941138,
East Asia and Pacific (WB),,2012,40.4,,0.758,
East Asia and Pacific (WB),,2012,40.4,,0.477,
East Asia and Pacific (WB),,2012,40.4,,0.43000394,
East Asia and Pacific (WB),,2012,40.4,,0.5956914,
East Asia and Pacific (WB),,2012,40.4,,0.59,
East Asia and Pacific (WB),,2012,40.4,,0.8532949,
East Asia and Pacific (WB),,2012,40.4,,0.82798356,
East Asia and Pacific (WB),,2012,40.4,,0.7674748,
East Asia and Pacific (WB),,2012,40.4,,0.606,
East Asia and Pacific (WB),,2012,40.4,,0.523,
East Asia and Pacific (WB),,2012,40.4,,0.73412,
East Asia and Pacific (WB),,2012,40.4,,0.886,
East Asia and Pacific (WB),,2013,43.3,,0.53123987,
East Asia and Pacific (WB),,2013,43.3,,0.683,
East Asia and Pacific (WB),,2013,43.3,,0.677284,
East Asia and Pacific (WB),,2013,43.3,,0.72,
East Asia and Pacific (WB),,2013,43.3,,0.87687457,
East Asia and Pacific (WB),,2013,43.3,,0.78,
East Asia and Pacific (WB),,2013,43.3,,0.8967906,
East Asia and Pacific (WB),,2013,43.3,,0.733,
East Asia and Pacific (WB),,2013,43.3,,0.8981406,
East Asia and Pacific (WB),,2013,43.3,,0.762,
East Asia and Pacific (WB),,2013,43.3,,0.482,
East Asia and Pacific (WB),,2013,43.3,,0.432075,
East Asia and Pacific (WB),,2013,43.3,,0.60151386,
East Asia and Pacific (WB),,2013,43.3,,0.595,
East Asia and Pacific (WB),,2013,43.3,,0.85496044,
East Asia and Pacific (WB),,2013,43.3,,0.8279558,
East Asia and Pacific (WB),,2013,43.3,,0.7731587,
East Asia and Pacific (WB),,2013,43.3,,0.611,
East Asia and Pacific (WB),,2013,43.3,,0.528,
East Asia and Pacific (WB),,2013,43.3,,0.7406829,
East Asia and Pacific (WB),,2013,43.3,,0.892,
East Asia and Pacific (WB),,2014,45.5,,0.5367227,
East Asia and Pacific (WB),,2014,45.5,,0.688,
East Asia and Pacific (WB),,2014,45.5,,0.68550044,
East Asia and Pacific (WB),,2014,45.5,,0.728,
East Asia and Pacific (WB),,2014,45.5,,0.87929887,
East Asia and Pacific (WB),,2014,45.5,,0.785,
East Asia and Pacific (WB),,2014,45.5,,0.8999237,
East Asia and Pacific (WB),,2014,45.5,,0.739,
East Asia and Pacific (WB),,2014,45.5,,0.90055966,
East Asia and Pacific (WB),,2014,45.5,,0.765,
East Asia and Pacific (WB),,2014,45.5,,0.488,
East Asia and Pacific (WB),,2014,45.5,,0.43649974,
East Asia and Pacific (WB),,2014,45.5,,0.60980934,
East Asia and Pacific (WB),,2014,45.5,,0.604,
East Asia and Pacific (WB),,2014,45.5,,0.85716856,
East Asia and Pacific (WB),,2014,45.5,,0.8310525,
East Asia and Pacific (WB),,2014,45.5,,0.7760436,
East Asia and Pacific (WB),,2014,45.5,,0.62,
East Asia and Pacific (WB),,2014,45.5,,0.534,
East Asia and Pacific (WB),,2014,45.5,,0.7478326,
East Asia and Pacific (WB),,2014,45.5,,0.895,
East Asia and Pacific (WB),,2015,48.3,,0.5425902,
East Asia and Pacific (WB),,2015,48.3,,0.693,
East Asia and Pacific (WB),,2015,48.3,,0.6922845,
East Asia and Pacific (WB),,2015,48.3,,0.735,
East Asia and Pacific (WB),,2015,48.3,,0.88032347,
East Asia and Pacific (WB),,2015,48.3,,0.789,
East Asia and Pacific (WB),,2015,48.3,,0.9017791,
East Asia and Pacific (WB),,2015,48.3,,0.744,
East Asia and Pacific (WB),,2015,48.3,,0.9027572,
East Asia and Pacific (WB),,2015,48.3,,0.767,
East Asia and Pacific (WB),,2015,48.3,,0.491,
East Asia and Pacific (WB),,2015,48.3,,0.43883622,
East Asia and Pacific (WB),,2015,48.3,,0.6173714,
East Asia and Pacific (WB),,2015,48.3,,0.611,
East Asia and Pacific (WB),,2015,48.3,,0.8591236,
East Asia and Pacific (WB),,2015,48.3,,0.8333656,
East Asia and Pacific (WB),,2015,48.3,,0.7772507,
East Asia and Pacific (WB),,2015,48.3,,0.627,
East Asia and Pacific (WB),,2015,48.3,,0.54,
East Asia and Pacific (WB),,2015,48.3,,0.7533915,
East Asia and Pacific (WB),,2015,48.3,,0.898,
East Asia and Pacific (WB),,2016,51.7,,0.5466387,
East Asia and Pacific (WB),,2016,51.7,,0.698,
East Asia and Pacific (WB),,2016,51.7,,0.6996885,
East Asia and Pacific (WB),,2016,51.7,,0.742,
East Asia and Pacific (WB),,2016,51.7,,0.8832819,
East Asia and Pacific (WB),,2016,51.7,,0.793,
East Asia and Pacific (WB),,2016,51.7,,0.9050324,
East Asia and Pacific (WB),,2016,51.7,,0.749,
East Asia and Pacific (WB),,2016,51.7,,0.90514636,
East Asia and Pacific (WB),,2016,51.7,,0.769,
East Asia and Pacific (WB),,2016,51.7,,0.497,
East Asia and Pacific (WB),,2016,51.7,,0.4427982,
East Asia and Pacific (WB),,2016,51.7,,0.62547666,
East Asia and Pacific (WB),,2016,51.7,,0.62,
East Asia and Pacific (WB),,2016,51.7,,0.86142576,
East Asia and Pacific (WB),,2016,51.7,,0.83567315,
East Asia and Pacific (WB),,2016,51.7,,0.7784721,
East Asia and Pacific (WB),,2016,51.7,,0.637,
East Asia and Pacific (WB),,2016,51.7,,0.543,
East Asia and Pacific (WB),,2016,51.7,,0.7588624,
East Asia and Pacific (WB),,2016,51.7,,0.9,
East Asia and Pacific (WB),,2017,53.8,,0.5504002,
East Asia and Pacific (WB),,2017,53.8,,0.702,
East Asia and Pacific (WB),,2017,53.8,,0.7046988,
East Asia and Pacific (WB),,2017,53.8,,0.749,
East Asia and Pacific (WB),,2017,53.8,,0.8861951,
East Asia and Pacific (WB),,2017,53.8,,0.8,
East Asia and Pacific (WB),,2017,53.8,,0.9075523,
East Asia and Pacific (WB),,2017,53.8,,0.754,
East Asia and Pacific (WB),,2017,53.8,,0.90792,
East Asia and Pacific (WB),,2017,53.8,,0.772,
East Asia and Pacific (WB),,2017,53.8,,0.5,
East Asia and Pacific (WB),,2017,53.8,,0.44619104,
East Asia and Pacific (WB),,2017,53.8,,0.62979513,
East Asia and Pacific (WB),,2017,53.8,,0.624,
East Asia and Pacific (WB),,2017,53.8,,0.8636879,
East Asia and Pacific (WB),,2017,53.8,,0.83694863,
East Asia and Pacific (WB),,2017,53.8,,0.7811188,
East Asia and Pacific (WB),,2017,53.8,,0.641,
East Asia and Pacific (WB),,2017,53.8,,0.546,
East Asia and Pacific (WB),,2017,53.8,,0.7643767,
East Asia and Pacific (WB),,2017,53.8,,0.903,
East Asia and Pacific (WB),,2018,58.9,,0.5558327,
East Asia and Pacific (WB),,2018,58.9,,0.707,
East Asia and Pacific (WB),,2018,58.9,,0.7085525,
East Asia and Pacific (WB),,2018,58.9,,0.756,
East Asia and Pacific (WB),,2018,58.9,,0.88933504,
East Asia and Pacific (WB),,2018,58.9,,0.804,
East Asia and Pacific (WB),,2018,58.9,,0.9103591,
East Asia and Pacific (WB),,2018,58.9,,0.76,
East Asia and Pacific (WB),,2018,58.9,,0.91105837,
East Asia and Pacific (WB),,2018,58.9,,0.774,
East Asia and Pacific (WB),,2018,58.9,,0.504,
East Asia and Pacific (WB),,2018,58.9,,0.4525536,
East Asia and Pacific (WB),,2018,58.9,,0.6321534,
East Asia and Pacific (WB),,2018,58.9,,0.627,
East Asia and Pacific (WB),,2018,58.9,,0.8665236,
East Asia and Pacific (WB),,2018,58.9,,0.84073627,
East Asia and Pacific (WB),,2018,58.9,,0.7836532,
East Asia and Pacific (WB),,2018,58.9,,0.642,
East Asia and Pacific (WB),,2018,58.9,,0.551,
East Asia and Pacific (WB),,2018,58.9,,0.7702497,
East Asia and Pacific (WB),,2018,58.9,,0.906,
East Asia and Pacific (WB),,2019,63.8,,0.56035364,
East Asia and Pacific (WB),,2019,63.8,,0.712,
East Asia and Pacific (WB),,2019,63.8,,0.7126623,
East Asia and Pacific (WB),,2019,63.8,,0.761,
East Asia and Pacific (WB),,2019,63.8,,0.89306754,
East Asia and Pacific (WB),,2019,63.8,,0.808,
East Asia and Pacific (WB),,2019,63.8,,0.9143795,
East Asia and Pacific (WB),,2019,63.8,,0.765,
East Asia and Pacific (WB),,2019,63.8,,0.91397655,
East Asia and Pacific (WB),,2019,63.8,,0.776,
East Asia and Pacific (WB),,2019,63.8,,0.507,
East Asia and Pacific (WB),,2019,63.8,,0.45707306,
East Asia and Pacific (WB),,2019,63.8,,0.63645244,
East Asia and Pacific (WB),,2019,63.8,,0.631,
East Asia and Pacific (WB),,2019,63.8,,0.8687238,
East Asia and Pacific (WB),,2019,63.8,,0.8431121,
East Asia and Pacific (WB),,2019,63.8,,0.78433996,
East Asia and Pacific (WB),,2019,63.8,,0.645,
East Asia and Pacific (WB),,2019,63.8,,0.557,
East Asia and Pacific (WB),,2019,63.8,,0.7744862,
East Asia and Pacific (WB),,2019,63.8,,0.909,
East Asia and Pacific (WB),,2020,69.0,,0.5594648,
East Asia and Pacific (WB),,2020,69.0,,0.707,
East Asia and Pacific (WB),,2020,69.0,,0.7130719,
East Asia and Pacific (WB),,2020,69.0,,0.764,
East Asia and Pacific (WB),,2020,69.0,,0.8829021,
East Asia and Pacific (WB),,2020,69.0,,0.802,
East Asia and Pacific (WB),,2020,69.0,,0.90954304,
East Asia and Pacific (WB),,2020,69.0,,0.763,
East Asia and Pacific (WB),,2020,69.0,,0.9056104,
East Asia and Pacific (WB),,2020,69.0,,0.764,
East Asia and Pacific (WB),,2020,69.0,,0.507,
East Asia and Pacific (WB),,2020,69.0,,0.45871836,
East Asia and Pacific (WB),,2020,69.0,,0.6364669,
East Asia and Pacific (WB),,2020,69.0,,0.631,
East Asia and Pacific (WB),,2020,69.0,,0.85540247,
East Asia and Pacific (WB),,2020,69.0,,0.84438473,
East Asia and Pacific (WB),,2020,69.0,,0.7736417,
East Asia and Pacific (WB),,2020,69.0,,0.645,
East Asia and Pacific (WB),,2020,69.0,,0.557,
East Asia and Pacific (WB),,2020,69.0,,0.7720838,
East Asia and Pacific (WB),,2020,69.0,,0.901,
East Asia and Pacific (WB),,2021,72.8,,0.56110394,
East Asia and Pacific (WB),,2021,72.8,,0.71,
East Asia and Pacific (WB),,2021,72.8,,0.71319216,
East Asia and Pacific (WB),,2021,72.8,,0.768,
East Asia and Pacific (WB),,2021,72.8,,0.88542944,
East Asia and Pacific (WB),,2021,72.8,,0.803,
East Asia and Pacific (WB),,2021,72.8,,0.914425,
East Asia and Pacific (WB),,2021,72.8,,0.766,
East Asia and Pacific (WB),,2021,72.8,,0.90697354,
East Asia and Pacific (WB),,2021,72.8,,0.762,
East Asia and Pacific (WB),,2021,72.8,,0.507,
East Asia and Pacific (WB),,2021,72.8,,0.4588084,
East Asia and Pacific (WB),,2021,72.8,,0.63409626,
East Asia and Pacific (WB),,2021,72.8,,0.629,
East Asia and Pacific (WB),,2021,72.8,,0.8522403,
East Asia and Pacific (WB),,2021,72.8,,0.84548646,
East Asia and Pacific (WB),,2021,72.8,,0.77192116,
East Asia and Pacific (WB),,2021,72.8,,0.641,
East Asia and Pacific (WB),,2021,72.8,,0.558,
East Asia and Pacific (WB),,2021,72.8,,0.77544844,
East Asia and Pacific (WB),,2021,72.8,,0.903,
East Asia and Pacific (WB),,2022,75.6,,0.5714846,
East Asia and Pacific (WB),,2022,75.6,,0.716,
East Asia and Pacific (WB),,2022,75.6,,0.7262154,
East Asia and Pacific (WB),,2022,75.6,,0.773,
East Asia and Pacific (WB),,2022,75.6,,0.89101297,
East Asia and Pacific (WB),,2022,75.6,,0.815,
East Asia and Pacific (WB),,2022,75.6,,0.91688347,
East Asia and Pacific (WB),,2022,75.6,,0.774,
East Asia and Pacific (WB),,2022,75.6,,0.91196257,
East Asia and Pacific (WB),,2022,75.6,,0.778,
East Asia and Pacific (WB),,2022,75.6,,0.512,
East Asia and Pacific (WB),,2022,75.6,,0.47149748,
East Asia and Pacific (WB),,2022,75.6,,0.6529091,
East Asia and Pacific (WB),,2022,75.6,,0.649,
East Asia and Pacific (WB),,2022,75.6,,0.86384416,
East Asia and Pacific (WB),,2022,75.6,,0.84466344,
East Asia and Pacific (WB),,2022,75.6,,0.7865941,
East Asia and Pacific (WB),,2022,75.6,,0.665,
East Asia and Pacific (WB),,2022,75.6,,0.565,
East Asia and Pacific (WB),,2022,75.6,,0.7832832,
East Asia and Pacific (WB),,2022,75.6,,0.908,
East Asia and Pacific (WB),,2023,79.0,,0.5760591,
East Asia and Pacific (WB),,2023,79.0,,0.719,
East Asia and Pacific (WB),,2023,79.0,,0.73009235,
East Asia and Pacific (WB),,2023,79.0,,,
East Asia and Pacific (WB),,2023,79.0,,,
East Asia and Pacific (WB),,2023,79.0,,,
East Asia and Pacific (WB),,2023,79.0,,0.775,
East Asia and Pacific (WB),,2023,79.0,,0.89665455,
East Asia and Pacific (WB),,2023,79.0,,0.818,
East Asia and Pacific (WB),,2023,79.0,,0.92227614,
East Asia and Pacific (WB),,2023,79.0,,,
East Asia and Pacific (WB),,2023,79.0,,,
East Asia and Pacific (WB),,2023,79.0,,,
East Asia and Pacific (WB),,2023,79.0,,,
East Asia and Pacific (WB),,2023,79.0,,0.777,
East Asia and Pacific (WB),,2023,79.0,,0.9179597,
East Asia and Pacific (WB),,2023,79.0,,,
East Asia and Pacific (WB),,2023,79.0,,,
East Asia and Pacific (WB),,2023,79.0,,,
East Asia and Pacific (WB),,2023,79.0,,,
East Asia and Pacific (WB),,2023,79.0,,,
East Asia and Pacific (WB),,2023,79.0,,0.783,
East Asia and Pacific (WB),,2023,79.0,,0.515,
East Asia and Pacific (WB),,2023,79.0,,0.47806427,
East Asia and Pacific (WB),,2023,79.0,,0.6585855,
East Asia and Pacific (WB),,2023,79.0,,0.656,
East Asia and Pacific (WB),,2023,79.0,,0.8702258,
East Asia and Pacific (WB),,2023,79.0,,0.84926206,
East Asia and Pacific (WB),,2023,79.0,,,
East Asia and Pacific (WB),,2023,79.0,,,
East Asia and Pacific (WB),,2023,79.0,,0.79245985,
East Asia and Pacific (WB),,2023,79.0,,0.672,
East Asia and Pacific (WB),,2023,79.0,,0.568,
East Asia and Pacific (WB),,2023,79.0,,,
East Asia and Pacific (WB),,2023,79.0,,0.78573513,
East Asia and Pacific (WB),,2023,79.0,,0.914,
East Timor,TLS,1990,0.0,,,Asia
East Timor,TLS,1991,0.0,,,Asia
East Timor,TLS,1992,0.0,,,Asia
East Timor,TLS,1993,0.0,,,Asia
East Timor,TLS,1994,0.0,,,Asia
East Timor,TLS,1995,0.0,,,Asia
East Timor,TLS,2002,0.0,,0.534,Asia
East Timor,TLS,2003,0.0,,0.534,Asia
East Timor,TLS,2004,0.0,,0.547,Asia
East Timor,TLS,2005,0.0990318,,0.564,Asia
East Timor,TLS,2006,0.5,,0.588,Asia
East Timor,TLS,2007,1.0,,0.609,Asia
East Timor,TLS,2008,1.5,,0.634,Asia
East Timor,TLS,2009,2.0,,0.631,Asia
East Timor,TLS,2010,3.0,,0.645,Asia
East Timor,TLS,2011,4.0,,0.655,Asia
East Timor,TLS,2012,7.0,,0.65,Asia
East Timor,TLS,2013,11.0,,0.646,Asia
East Timor,TLS,2014,17.5,,0.637,Asia
East Timor,TLS,2015,18.6,,0.628,Asia
East Timor,TLS,2016,21.2,,0.618,Asia
East Timor,TLS,2017,24.2,,0.621,Asia
East Timor,TLS,2018,27.6,,0.624,Asia
East Timor,TLS,2019,28.0046,,0.642,Asia
East Timor,TLS,2020,32.0127,,0.65,Asia
East Timor,TLS,2021,35.5407,,0.644,Asia
East Timor,TLS,2022,40.7521,,0.633,Asia
Ecuador,ECU,1990,0.0,,0.646,Americas
Ecuador,ECU,1991,0.0,,0.649,Americas
Ecuador,ECU,1992,0.005118035,,0.654,Americas
Ecuador,ECU,1993,0.01640075,,0.66,Americas
Ecuador,ECU,1994,0.034833588,,0.667,Americas
Ecuador,ECU,1995,0.04383364,9.261361,0.672,Americas
Ecuador,ECU,1996,0.08616128,9.187274,0.677,Americas
Ecuador,ECU,1997,0.11021796,8.364782,0.682,Americas
Ecuador,ECU,1998,0.12527277,7.9360647,0.684,Americas
Ecuador,ECU,1999,0.82337165,8.422218,0.682,Americas
Ecuador,ECU,2000,1.46219,8.662809,0.683,Americas
Ecuador,ECU,2001,2.67044,8.401136,0.691,Americas
Ecuador,ECU,2002,4.2608,8.94394,0.698,Americas
Ecuador,ECU,2003,4.46023,9.249545,0.703,Americas
Ecuador,ECU,2004,4.83444,10.052685,0.709,Americas
Ecuador,ECU,2005,5.99426,11.528501,0.714,Americas
Ecuador,ECU,2006,7.2,12.330692,0.718,Americas
Ecuador,ECU,2007,10.8,12.913231,0.722,Americas
Ecuador,ECU,2008,18.8,13.958872,0.729,Americas
Ecuador,ECU,2009,24.6,13.358304,0.731,Americas
Ecuador,ECU,2010,29.03,14.165374,0.737,Americas
Ecuador,ECU,2011,31.3668,15.599268,0.743,Americas
Ecuador,ECU,2012,35.1351,16.56428,0.75,Americas
Ecuador,ECU,2013,40.2791,17.69892,0.755,Americas
Ecuador,ECU,2014,45.5904,17.77508,0.76,Americas
Ecuador,ECU,2015,48.9404,16.144073,0.764,Americas
Ecuador,ECU,2016,54.0629,16.277296,0.761,Americas
Ecuador,ECU,2017,55.8,17.066547,0.764,Americas
Ecuador,ECU,2018,57.5,17.376074,0.767,Americas
Ecuador,ECU,2019,59.2,18.040695,0.765,Americas
Ecuador,ECU,2020,70.7,19.378742,0.74,Americas
Ecuador,ECU,2021,70.2073,18.548458,0.753,Americas
Ecuador,ECU,2022,69.7181,18.939865,0.773,Americas
Ecuador,ECU,2023,72.6943,18.797377,0.777,Americas
Egypt,EGY,1990,0.0,,0.572,Africa
Egypt,EGY,1991,0.0,,0.578,Africa
Egypt,EGY,1992,0.0,,0.586,Africa
Egypt,EGY,1993,0.000975791,,0.593,Africa
Egypt,EGY,1994,0.00638327,,0.601,Africa
Egypt,EGY,1995,0.031319637,,0.609,Africa
Egypt,EGY,1996,0.0614669,,0.617,Africa
Egypt,EGY,1997,0.090480246,,0.623,Africa
Egypt,EGY,1998,0.14798738,,0.629,Africa
Egypt,EGY,1999,0.29044527,,0.634,Africa
Egypt,EGY,2000,0.641265,,0.639,Africa
Egypt,EGY,2001,0.838946,,0.642,Africa
Egypt,EGY,2002,2.72,,0.643,Africa
Egypt,EGY,2003,4.03789,,0.643,Africa
Egypt,EGY,2004,11.92,,0.645,Africa
Egypt,EGY,2005,12.75,11.516994,0.648,Africa
Egypt,EGY,2006,13.66,12.0747385,0.651,Africa
Egypt,EGY,2007,16.03,12.995851,0.658,Africa
Egypt,EGY,2008,18.01,15.179346,0.665,Africa
Egypt,EGY,2009,20.0,15.666975,0.671,Africa
Egypt,EGY,2010,21.6,17.15166,0.677,Africa
Egypt,EGY,2011,25.6,20.174463,0.68,Africa
Egypt,EGY,2012,26.4,23.249084,0.689,Africa
Egypt,EGY,2013,29.4,22.70011,0.695,Africa
Egypt,EGY,2014,33.8946,21.732351,0.699,Africa
Egypt,EGY,2015,37.8194,22.24853,0.706,Africa
Egypt,EGY,2016,41.2481,23.009645,0.713,Africa
Egypt,EGY,2017,44.9502,22.965277,0.72,Africa
Egypt,EGY,2018,46.9243,25.19107,0.728,Africa
Egypt,EGY,2019,57.2829,25.790623,0.736,Africa
Egypt,EGY,2020,71.9142,31.196522,0.736,Africa
Egypt,EGY,2021,72.056,29.50559,0.738,Africa
Egypt,EGY,2022,72.1981,28.651329,0.751,Africa
El Salvador,SLV,1990,0.0,,0.523,Americas
El Salvador,SLV,1991,0.0,,0.529,Americas
El Salvador,SLV,1992,0.0,,0.538,Americas
El Salvador,SLV,1993,0.0,,0.548,Americas
El Salvador,SLV,1994,0.0,,0.558,Americas
El Salvador,SLV,1995,0.0,,0.567,Americas
El Salvador,SLV,1996,0.08638958,,0.576,Americas
El Salvador,SLV,1997,0.2569607,,0.586,Americas
El Salvador,SLV,1998,0.42525366,,0.594,Americas
El Salvador,SLV,1999,0.84542876,,0.598,Americas
El Salvador,SLV,2000,1.1774,,0.607,Americas
El Salvador,SLV,2001,1.5,,0.612,Americas
El Salvador,SLV,2002,1.9,,0.621,Americas
El Salvador,SLV,2003,2.5,,0.628,Americas
El Salvador,SLV,2004,3.2,,0.636,Americas
El Salvador,SLV,2005,4.2,,0.642,Americas
El Salvador,SLV,2006,5.5,,0.647,Americas
El Salvador,SLV,2007,6.11,,0.653,Americas
El Salvador,SLV,2008,10.08,,0.653,Americas
El Salvador,SLV,2009,12.11,,0.653,Americas
El Salvador,SLV,2010,15.9,,0.66,Americas
El Salvador,SLV,2011,18.9,,0.662,Americas
El Salvador,SLV,2012,20.3214,,0.666,Americas
El Salvador,SLV,2013,23.1093,,0.668,Americas
El Salvador,SLV,2014,24.7617,,0.668,Americas
El Salvador,SLV,2015,26.8026,,0.667,Americas
El Salvador,SLV,2016,28.9971,,0.666,Americas
El Salvador,SLV,2017,33.8207,,0.665,Americas
El Salvador,SLV,2018,43.8,,0.67,Americas
El Salvador,SLV,2019,50.4912,,0.67,Americas
El Salvador,SLV,2020,54.6014,,0.66,Americas
El Salvador,SLV,2021,58.5986,,0.663,Americas
El Salvador,SLV,2022,62.8885,,0.674,Americas
Equatorial Guinea,GNQ,1990,0.0,,,Africa
Equatorial Guinea,GNQ,1991,0.0,,,Africa
Equatorial Guinea,GNQ,1992,0.0,,,Africa
Equatorial Guinea,GNQ,1993,0.0,,,Africa
Equatorial Guinea,GNQ,1994,0.0,,,Africa
Equatorial Guinea,GNQ,1995,0.0,,,Africa
Equatorial Guinea,GNQ,1997,0.04146229,,,Africa
Equatorial Guinea,GNQ,1998,0.09442377,,,Africa
Equatorial Guinea,GNQ,1999,0.09741595,,,Africa
Equatorial Guinea,GNQ,2000,0.132355,,0.508,Africa
Equatorial Guinea,GNQ,2001,0.16526,,0.521,Africa
Equatorial Guinea,GNQ,2002,0.321198,,0.536,Africa
Equatorial Guinea,GNQ,2003,0.520524,,0.541,Africa
Equatorial Guinea,GNQ,2004,0.84393,,0.552,Africa
Equatorial Guinea,GNQ,2005,1.14979,,0.566,Africa
Equatorial Guinea,GNQ,2006,1.27919,,0.591,Africa
Equatorial Guinea,GNQ,2007,1.55712,,0.603,Africa
Equatorial Guinea,GNQ,2008,1.82,,0.613,Africa
Equatorial Guinea,GNQ,2009,2.13,,0.615,Africa
Equatorial Guinea,GNQ,2010,6.0,,0.612,Africa
Equatorial Guinea,GNQ,2011,11.5,,0.624,Africa
Equatorial Guinea,GNQ,2012,13.9432,,0.635,Africa
Equatorial Guinea,GNQ,2013,16.4,,0.644,Africa
Equatorial Guinea,GNQ,2014,18.86,,0.652,Africa
Equatorial Guinea,GNQ,2015,21.32,,0.656,Africa
Equatorial Guinea,GNQ,2016,23.78,,0.659,Africa
Equatorial Guinea,GNQ,2017,26.24,,0.661,Africa
Equatorial Guinea,GNQ,2019,49.1337,,0.667,Africa
Equatorial Guinea,GNQ,2020,55.0013,,0.668,Africa
Equatorial Guinea,GNQ,2021,60.5587,,0.671,Africa
Equatorial Guinea,GNQ,2022,66.8193,,0.677,Africa
Eritrea,ERI,1990,0.0,,,Africa
Eritrea,ERI,1991,0.0,,,Africa
Eritrea,ERI,1992,0.0,,,Africa
Eritrea,ERI,1993,0.0,,,Africa
Eritrea,ERI,1994,0.0,,,Africa
Eritrea,ERI,1995,0.0,,,Africa
Eritrea,ERI,1996,0.0,,,Africa
Eritrea,ERI,1997,0.009017718,,,Africa
Eritrea,ERI,1998,0.008774236,,,Africa
Eritrea,ERI,1999,0.025495028,,,Africa
Eritrea,ERI,2000,0.136712,,,Africa
Eritrea,ERI,2001,0.157815,,,Africa
Eritrea,ERI,2002,0.22709,,,Africa
Eritrea,ERI,2007,0.41,,0.472,Africa
Eritrea,ERI,2008,0.47,,0.457,Africa
Eritrea,ERI,2009,0.54,,0.462,Africa
Eritrea,ERI,2010,0.61,,0.465,Africa
Eritrea,ERI,2011,0.7,,0.48,Africa
Eritrea,ERI,2012,0.8,,0.483,Africa
Eritrea,ERI,2013,0.9,,0.479,Africa
Eritrea,ERI,2014,0.99,,0.497,Africa
Eritrea,ERI,2015,1.08373,,0.48,Africa
Eritrea,ERI,2016,1.17712,,0.485,Africa
Eritrea,ERI,2017,2.5,,0.48,Africa
Eritrea,ERI,2018,5.3,,0.49,Africa
Eritrea,ERI,2019,11.2,,0.495,Africa
Eritrea,ERI,2020,23.8002,,0.495,Africa
Eritrea,ERI,2021,25.0991,,0.496,Africa
Eritrea,ERI,2022,26.5942,,0.499,Africa
Estonia,EST,1990,0.0,,0.738,Europe
Estonia,EST,1991,0.0,,0.734,Europe
Estonia,EST,1992,0.0654848,,0.722,Europe
Estonia,EST,1993,0.30071127,,0.713,Europe
Estonia,EST,1994,1.1597509,,0.711,Europe
Estonia,EST,1995,2.7789686,14.1422615,0.725,Europe
Estonia,EST,1996,3.5251112,15.543741,0.746,Europe
Estonia,EST,1997,5.7062764,16.209692,0.759,Europe
Estonia,EST,1998,10.796035,16.253605,0.767,Europe
Estonia,EST,1999,14.500897,17.334574,0.776,Europe
Estonia,EST,2000,28.577,19.571894,0.793,Europe
Estonia,EST,2001,31.5275,20.587934,0.802,Europe
Estonia,EST,2002,41.52,21.935745,0.813,Europe
Estonia,EST,2003,45.32,22.333717,0.824,Europe
Estonia,EST,2004,53.2,23.448483,0.834,Europe
Estonia,EST,2005,61.45,26.179033,0.847,Europe
Estonia,EST,2006,63.51,26.70977,0.855,Europe
Estonia,EST,2007,66.19,29.809814,0.859,Europe
Estonia,EST,2008,70.58,30.719822,0.864,Europe
Estonia,EST,2009,72.5,32.58019,0.863,Europe
Estonia,EST,2010,74.1,34.99152,0.868,Europe
Estonia,EST,2011,76.5,37.206036,0.877,Europe
Estonia,EST,2012,78.3899,39.64116,0.88,Europe
Estonia,EST,2013,80.0043,39.647835,0.887,Europe
Estonia,EST,2014,84.2415,40.512623,0.885,Europe
Estonia,EST,2015,88.4097,38.552685,0.888,Europe
Estonia,EST,2016,87.2402,39.751358,0.89,Europe
Estonia,EST,2017,88.1025,41.171707,0.894,Europe
Estonia,EST,2018,89.357,44.438168,0.897,Europe
Estonia,EST,2019,90.2289,47.559307,0.901,Europe
Estonia,EST,2020,89.0583,50.410362,0.901,Europe
Estonia,EST,2021,90.9797,52.98748,0.899,Europe
Estonia,EST,2022,91.5202,50.403057,0.902,Europe
Estonia,EST,2023,93.1834,46.154022,0.905,Europe
Eswatini,SWZ,1990,0.0,,0.57,Africa
Eswatini,SWZ,1991,0.0,,0.565,Africa
Eswatini,SWZ,1992,0.0,,0.558,Africa
Eswatini,SWZ,1993,0.0,,0.55,Africa
Eswatini,SWZ,1994,0.0,,0.543,Africa
Eswatini,SWZ,1995,0.00103175,,0.54,Africa
Eswatini,SWZ,1996,0.05039901,,0.532,Africa
Eswatini,SWZ,1997,0.088545986,,0.523,Africa
Eswatini,SWZ,1998,0.09609961,,0.511,Africa
Eswatini,SWZ,1999,0.4707176,,0.504,Africa
Eswatini,SWZ,2000,0.926192,,0.493,Africa
Eswatini,SWZ,2001,1.28159,,0.484,Africa
Eswatini,SWZ,2002,1.8162,,0.473,Africa
Eswatini,SWZ,2003,2.43707,,0.469,Africa
Eswatini,SWZ,2004,3.22869,,0.467,Africa
Eswatini,SWZ,2005,3.69696,,0.472,Africa
Eswatini,SWZ,2006,3.69654,,0.485,Africa
Eswatini,SWZ,2007,4.1,,0.497,Africa
Eswatini,SWZ,2008,6.85,,0.507,Africa
Eswatini,SWZ,2009,8.94,,0.519,Africa
Eswatini,SWZ,2010,11.04,,0.534,Africa
Eswatini,SWZ,2011,18.13,,0.545,Africa
Eswatini,SWZ,2012,20.7818,,0.562,Africa
Eswatini,SWZ,2013,24.7,,0.578,Africa
Eswatini,SWZ,2014,25.0,,0.592,Africa
Eswatini,SWZ,2015,25.643,,0.607,Africa
Eswatini,SWZ,2016,28.57,,0.619,Africa
Eswatini,SWZ,2017,35.3,,0.631,Africa
Eswatini,SWZ,2018,39.4,,0.643,Africa
Eswatini,SWZ,2019,43.9,,0.653,Africa
Eswatini,SWZ,2020,49.013,,0.657,Africa
Eswatini,SWZ,2021,56.1988,,0.658,Africa
Eswatini,SWZ,2022,58.2502,,0.695,Africa
Ethiopia,ETH,1990,0.0,,,Africa
Ethiopia,ETH,1991,0.0,,,Africa
Ethiopia,ETH,1992,0.0,,,Africa
Ethiopia,ETH,1993,0.0,,,Africa
Ethiopia,ETH,1994,0.0,,,Africa
Ethiopia,ETH,1995,1.75e-05,,,Africa
Ethiopia,ETH,1996,0.001703448,,,Africa
Ethiopia,ETH,1997,0.00496672,,,Africa
Ethiopia,ETH,1998,0.009663517,,,Africa
Ethiopia,ETH,1999,0.012541599,,,Africa
Ethiopia,ETH,2000,0.0152638,,0.293,Africa
Ethiopia,ETH,2001,0.0371624,,0.307,Africa
Ethiopia,ETH,2002,0.0724023,,0.314,Africa
Ethiopia,ETH,2003,0.105812,,0.317,Africa
Ethiopia,ETH,2004,0.155335,,0.331,Africa
Ethiopia,ETH,2005,0.21966,1.434472,0.35,Africa
Ethiopia,ETH,2006,0.310593,1.4007983,0.366,Africa
Ethiopia,ETH,2007,0.37,1.5934602,0.383,Africa
Ethiopia,ETH,2008,0.45,1.66951,0.398,Africa
Ethiopia,ETH,2009,0.54,1.6917195,0.405,Africa
Ethiopia,ETH,2010,0.75,1.9098954,0.415,Africa
Ethiopia,ETH,2011,1.1,2.0408325,0.425,Africa
Ethiopia,ETH,2012,2.9,2.1170835,0.433,Africa
Ethiopia,ETH,2013,4.6,2.1767101,0.441,Africa
Ethiopia,ETH,2014,7.7,2.5861454,0.449,Africa
Ethiopia,ETH,2015,13.8552,2.722609,0.456,Africa
Ethiopia,ETH,2016,15.3669,2.9846203,0.463,Africa
Ethiopia,ETH,2017,15.6,3.058945,0.47,Africa
Ethiopia,ETH,2018,15.9,3.1436656,0.476,Africa
Ethiopia,ETH,2019,16.0,3.4065216,0.482,Africa
Ethiopia,ETH,2020,16.0696,3.870248,0.486,Africa
Ethiopia,ETH,2021,16.6981,4.2449546,0.487,Africa
Ethiopia,ETH,2022,19.3781,4.3578606,0.494,Africa
Europe and Central Asia (WB),,1990,0.048030835,,0.55,
Europe and Central Asia (WB),,1990,0.048030835,,0.514,
Europe and Central Asia (WB),,1990,0.048030835,,0.674,
Europe and Central Asia (WB),,1990,0.048030835,,0.7739702,
Europe and Central Asia (WB),,1990,0.048030835,,0.569,
Europe and Central Asia (WB),,1990,0.048030835,,0.8043755,
Europe and Central Asia (WB),,1990,0.048030835,,0.648,
Europe and Central Asia (WB),,1990,0.048030835,,0.346,
Europe and Central Asia (WB),,1990,0.048030835,,0.439,
Europe and Central Asia (WB),,1990,0.048030835,,0.6497253,
Europe and Central Asia (WB),,1990,0.048030835,,0.454,
Europe and Central Asia (WB),,1990,0.048030835,,0.405,
Europe and Central Asia (WB),,1990,0.048030835,,0.797,
Europe and Central Asia (WB),,1991,0.10186751,,0.552,
Europe and Central Asia (WB),,1991,0.10186751,,0.522,
Europe and Central Asia (WB),,1991,0.10186751,,0.671,
Europe and Central Asia (WB),,1991,0.10186751,,0.7779599,
Europe and Central Asia (WB),,1991,0.10186751,,0.574,
Europe and Central Asia (WB),,1991,0.10186751,,0.806783,
Europe and Central Asia (WB),,1991,0.10186751,,0.653,
Europe and Central Asia (WB),,1991,0.10186751,,0.348,
Europe and Central Asia (WB),,1991,0.10186751,,0.44,
Europe and Central Asia (WB),,1991,0.10186751,,0.6547653,
Europe and Central Asia (WB),,1991,0.10186751,,0.458,
Europe and Central Asia (WB),,1991,0.10186751,,0.409,
Europe and Central Asia (WB),,1991,0.10186751,,0.8,
Europe and Central Asia (WB),,1992,0.18060224,,0.561,
Europe and Central Asia (WB),,1992,0.18060224,,0.531,
Europe and Central Asia (WB),,1992,0.18060224,,0.664,
Europe and Central Asia (WB),,1992,0.18060224,,0.78332764,
Europe and Central Asia (WB),,1992,0.18060224,,0.58,
Europe and Central Asia (WB),,1992,0.18060224,,0.80932313,
Europe and Central Asia (WB),,1992,0.18060224,,0.657,
Europe and Central Asia (WB),,1992,0.18060224,,0.352,
Europe and Central Asia (WB),,1992,0.18060224,,0.445,
Europe and Central Asia (WB),,1992,0.18060224,,0.65902275,
Europe and Central Asia (WB),,1992,0.18060224,,0.464,
Europe and Central Asia (WB),,1992,0.18060224,,0.408,
Europe and Central Asia (WB),,1992,0.18060224,,0.802,
Europe and Central Asia (WB),,1993,0.2796513,,0.571,
Europe and Central Asia (WB),,1993,0.2796513,,0.541,
Europe and Central Asia (WB),,1993,0.2796513,,0.659,
Europe and Central Asia (WB),,1993,0.2796513,,0.79047537,
Europe and Central Asia (WB),,1993,0.2796513,,0.586,
Europe and Central Asia (WB),,1993,0.2796513,,0.81150347,
Europe and Central Asia (WB),,1993,0.2796513,,0.661,
Europe and Central Asia (WB),,1993,0.2796513,,0.356,
Europe and Central Asia (WB),,1993,0.2796513,,0.449,
Europe and Central Asia (WB),,1993,0.2796513,,0.66415447,
Europe and Central Asia (WB),,1993,0.2796513,,0.468,
Europe and Central Asia (WB),,1993,0.2796513,,0.411,
Europe and Central Asia (WB),,1993,0.2796513,,0.804,
Europe and Central Asia (WB),,1994,0.5242345,,0.577,
Europe and Central Asia (WB),,1994,0.5242345,,0.55,
Europe and Central Asia (WB),,1994,0.5242345,,0.654,
Europe and Central Asia (WB),,1994,0.5242345,,0.7999784,
Europe and Central Asia (WB),,1994,0.5242345,,0.591,
Europe and Central Asia (WB),,1994,0.5242345,,0.81610936,
Europe and Central Asia (WB),,1994,0.5242345,,0.666,
Europe and Central Asia (WB),,1994,0.5242345,,0.361,
Europe and Central Asia (WB),,1994,0.5242345,,0.453,
Europe and Central Asia (WB),,1994,0.5242345,,0.66946566,
Europe and Central Asia (WB),,1994,0.5242345,,0.472,
Europe and Central Asia (WB),,1994,0.5242345,,0.413,
Europe and Central Asia (WB),,1994,0.5242345,,0.809,
Europe and Central Asia (WB),,1995,0.9894896,,0.582,
Europe and Central Asia (WB),,1995,0.9894896,,0.559,
Europe and Central Asia (WB),,1995,0.9894896,,0.7735119,
Europe and Central Asia (WB),,1995,0.9894896,,0.658,
Europe and Central Asia (WB),,1995,0.9894896,,0.8133682,
Europe and Central Asia (WB),,1995,0.9894896,,0.599,
Europe and Central Asia (WB),,1995,0.9894896,,0.8224163,
Europe and Central Asia (WB),,1995,0.9894896,,0.67,
Europe and Central Asia (WB),,1995,0.9894896,,0.368,
Europe and Central Asia (WB),,1995,0.9894896,,0.459,
Europe and Central Asia (WB),,1995,0.9894896,,0.6756636,
Europe and Central Asia (WB),,1995,0.9894896,,0.478,
Europe and Central Asia (WB),,1995,0.9894896,,0.42,
Europe and Central Asia (WB),,1995,0.9894896,,0.812,
Europe and Central Asia (WB),,1996,1.8340969,,0.59,
Europe and Central Asia (WB),,1996,1.8340969,,0.57,
Europe and Central Asia (WB),,1996,1.8340969,,0.7801411,
Europe and Central Asia (WB),,1996,1.8340969,,0.662,
Europe and Central Asia (WB),,1996,1.8340969,,0.82013655,
Europe and Central Asia (WB),,1996,1.8340969,,0.607,
Europe and Central Asia (WB),,1996,1.8340969,,0.82840586,
Europe and Central Asia (WB),,1996,1.8340969,,0.676,
Europe and Central Asia (WB),,1996,1.8340969,,0.373,
Europe and Central Asia (WB),,1996,1.8340969,,0.466,
Europe and Central Asia (WB),,1996,1.8340969,,0.6810407,
Europe and Central Asia (WB),,1996,1.8340969,,0.484,
Europe and Central Asia (WB),,1996,1.8340969,,0.423,
Europe and Central Asia (WB),,1996,1.8340969,,0.818,
Europe and Central Asia (WB),,1997,3.3421965,,0.596,
Europe and Central Asia (WB),,1997,3.3421965,,0.579,
Europe and Central Asia (WB),,1997,3.3421965,,0.7872637,
Europe and Central Asia (WB),,1997,3.3421965,,0.668,
Europe and Central Asia (WB),,1997,3.3421965,,0.8263604,
Europe and Central Asia (WB),,1997,3.3421965,,0.615,
Europe and Central Asia (WB),,1997,3.3421965,,0.83428735,
Europe and Central Asia (WB),,1997,3.3421965,,0.683,
Europe and Central Asia (WB),,1997,3.3421965,,0.378,
Europe and Central Asia (WB),,1997,3.3421965,,0.472,
Europe and Central Asia (WB),,1997,3.3421965,,0.6869894,
Europe and Central Asia (WB),,1997,3.3421965,,0.49,
Europe and Central Asia (WB),,1997,3.3421965,,0.427,
Europe and Central Asia (WB),,1997,3.3421965,,0.824,
Europe and Central Asia (WB),,1998,5.4118757,,0.603,
Europe and Central Asia (WB),,1998,5.4118757,,0.586,
Europe and Central Asia (WB),,1998,5.4118757,,0.7928959,
Europe and Central Asia (WB),,1998,5.4118757,,0.674,
Europe and Central Asia (WB),,1998,5.4118757,,0.8325962,
Europe and Central Asia (WB),,1998,5.4118757,,0.622,
Europe and Central Asia (WB),,1998,5.4118757,,0.83827734,
Europe and Central Asia (WB),,1998,5.4118757,,0.688,
Europe and Central Asia (WB),,1998,5.4118757,,0.382,
Europe and Central Asia (WB),,1998,5.4118757,,0.478,
Europe and Central Asia (WB),,1998,5.4118757,,0.6915652,
Europe and Central Asia (WB),,1998,5.4118757,,0.496,
Europe and Central Asia (WB),,1998,5.4118757,,0.43,
Europe and Central Asia (WB),,1998,5.4118757,,0.829,
Europe and Central Asia (WB),,1999,9.202254,,0.609,
Europe and Central Asia (WB),,1999,9.202254,,0.594,
Europe and Central Asia (WB),,1999,9.202254,,0.7974899,
Europe and Central Asia (WB),,1999,9.202254,,0.676,
Europe and Central Asia (WB),,1999,9.202254,,0.8380795,
Europe and Central Asia (WB),,1999,9.202254,,0.628,
Europe and Central Asia (WB),,1999,9.202254,,0.84187406,
Europe and Central Asia (WB),,1999,9.202254,,0.692,
Europe and Central Asia (WB),,1999,9.202254,,0.39,
Europe and Central Asia (WB),,1999,9.202254,,0.48673937,
Europe and Central Asia (WB),,1999,9.202254,,0.485,
Europe and Central Asia (WB),,1999,9.202254,,0.69540364,
Europe and Central Asia (WB),,1999,9.202254,,0.503,
Europe and Central Asia (WB),,1999,9.202254,,0.433,
Europe and Central Asia (WB),,1999,9.202254,,0.832,
Europe and Central Asia (WB),,2000,13.133483,,0.4245854,
Europe and Central Asia (WB),,2000,13.133483,,0.615,
Europe and Central Asia (WB),,2000,13.133483,,0.569869,
Europe and Central Asia (WB),,2000,13.133483,,0.604,
Europe and Central Asia (WB),,2000,13.133483,,0.8080217,
Europe and Central Asia (WB),,2000,13.133483,,0.686,
Europe and Central Asia (WB),,2000,13.133483,,0.8433045,
Europe and Central Asia (WB),,2000,13.133483,,0.636,
Europe and Central Asia (WB),,2000,13.133483,,0.84814763,
Europe and Central Asia (WB),,2000,13.133483,,0.697,
Europe and Central Asia (WB),,2000,13.133483,,0.393,
Europe and Central Asia (WB),,2000,13.133483,,0.49990252,
Europe and Central Asia (WB),,2000,13.133483,,0.491,
Europe and Central Asia (WB),,2000,13.133483,,0.81713676,
Europe and Central Asia (WB),,2000,13.133483,,0.70062786,
Europe and Central Asia (WB),,2000,13.133483,,0.508,
Europe and Central Asia (WB),,2000,13.133483,,0.435,
Europe and Central Asia (WB),,2000,13.133483,,0.6285039,
Europe and Central Asia (WB),,2000,13.133483,,0.838,
Europe and Central Asia (WB),,2001,16.359888,,0.4292593,
Europe and Central Asia (WB),,2001,16.359888,,0.621,
Europe and Central Asia (WB),,2001,16.359888,,0.5783103,
Europe and Central Asia (WB),,2001,16.359888,,0.612,
Europe and Central Asia (WB),,2001,16.359888,,0.81529015,
Europe and Central Asia (WB),,2001,16.359888,,0.693,
Europe and Central Asia (WB),,2001,16.359888,,0.84985864,
Europe and Central Asia (WB),,2001,16.359888,,0.643,
Europe and Central Asia (WB),,2001,16.359888,,0.8533231,
Europe and Central Asia (WB),,2001,16.359888,,0.702,
Europe and Central Asia (WB),,2001,16.359888,,0.401,
Europe and Central Asia (WB),,2001,16.359888,,0.5078028,
Europe and Central Asia (WB),,2001,16.359888,,0.5,
Europe and Central Asia (WB),,2001,16.359888,,0.819591,
Europe and Central Asia (WB),,2001,16.359888,,0.7054202,
Europe and Central Asia (WB),,2001,16.359888,,0.517,
Europe and Central Asia (WB),,2001,16.359888,,0.441,
Europe and Central Asia (WB),,2001,16.359888,,0.63662523,
Europe and Central Asia (WB),,2001,16.359888,,0.843,
Europe and Central Asia (WB),,2002,22.970139,,0.43494922,
Europe and Central Asia (WB),,2002,22.970139,,0.626,
Europe and Central Asia (WB),,2002,22.970139,,0.5859656,
Europe and Central Asia (WB),,2002,22.970139,,0.622,
Europe and Central Asia (WB),,2002,22.970139,,0.8208476,
Europe and Central Asia (WB),,2002,22.970139,,0.701,
Europe and Central Asia (WB),,2002,22.970139,,0.85488456,
Europe and Central Asia (WB),,2002,22.970139,,0.651,
Europe and Central Asia (WB),,2002,22.970139,,0.85723525,
Europe and Central Asia (WB),,2002,22.970139,,0.706,
Europe and Central Asia (WB),,2002,22.970139,,0.407,
Europe and Central Asia (WB),,2002,22.970139,,0.5139684,
Europe and Central Asia (WB),,2002,22.970139,,0.506,
Europe and Central Asia (WB),,2002,22.970139,,0.8224308,
Europe and Central Asia (WB),,2002,22.970139,,0.71004105,
Europe and Central Asia (WB),,2002,22.970139,,0.523,
Europe and Central Asia (WB),,2002,22.970139,,0.449,
Europe and Central Asia (WB),,2002,22.970139,,0.645688,
Europe and Central Asia (WB),,2002,22.970139,,0.847,
Europe and Central Asia (WB),,2003,28.251608,,0.44065332,
Europe and Central Asia (WB),,2003,28.251608,,0.63,
Europe and Central Asia (WB),,2003,28.251608,,0.5955544,
Europe and Central Asia (WB),,2003,28.251608,,0.632,
Europe and Central Asia (WB),,2003,28.251608,,0.8275237,
Europe and Central Asia (WB),,2003,28.251608,,0.709,
Europe and Central Asia (WB),,2003,28.251608,,0.85958296,
Europe and Central Asia (WB),,2003,28.251608,,0.659,
Europe and Central Asia (WB),,2003,28.251608,,0.8615973,
Europe and Central Asia (WB),,2003,28.251608,,0.711,
Europe and Central Asia (WB),,2003,28.251608,,0.414,
Europe and Central Asia (WB),,2003,28.251608,,0.5242137,
Europe and Central Asia (WB),,2003,28.251608,,0.516,
Europe and Central Asia (WB),,2003,28.251608,,0.8255375,
Europe and Central Asia (WB),,2003,28.251608,,0.7139729,
Europe and Central Asia (WB),,2003,28.251608,,0.535,
Europe and Central Asia (WB),,2003,28.251608,,0.457,
Europe and Central Asia (WB),,2003,28.251608,,0.65426606,
Europe and Central Asia (WB),,2003,28.251608,,0.852,
Europe and Central Asia (WB),,2004,32.2467,,0.44817433,
Europe and Central Asia (WB),,2004,32.2467,,0.638,
Europe and Central Asia (WB),,2004,32.2467,,0.6048904,
Europe and Central Asia (WB),,2004,32.2467,,0.641,
Europe and Central Asia (WB),,2004,32.2467,,0.83400583,
Europe and Central Asia (WB),,2004,32.2467,,0.716,
Europe and Central Asia (WB),,2004,32.2467,,0.8654416,
Europe and Central Asia (WB),,2004,32.2467,,0.666,
Europe and Central Asia (WB),,2004,32.2467,,0.8671708,
Europe and Central Asia (WB),,2004,32.2467,,0.717,
Europe and Central Asia (WB),,2004,32.2467,,0.424,
Europe and Central Asia (WB),,2004,32.2467,,0.533825,
Europe and Central Asia (WB),,2004,32.2467,,0.526,
Europe and Central Asia (WB),,2004,32.2467,,0.83012056,
Europe and Central Asia (WB),,2004,32.2467,,0.7216664,
Europe and Central Asia (WB),,2004,32.2467,,0.543,
Europe and Central Asia (WB),,2004,32.2467,,0.466,
Europe and Central Asia (WB),,2004,32.2467,,0.66330206,
Europe and Central Asia (WB),,2004,32.2467,,0.857,
Europe and Central Asia (WB),,2005,34.7,,0.461668,
Europe and Central Asia (WB),,2005,34.7,,0.645,
Europe and Central Asia (WB),,2005,34.7,,0.61573684,
Europe and Central Asia (WB),,2005,34.7,,0.652,
Europe and Central Asia (WB),,2005,34.7,,0.84263706,
Europe and Central Asia (WB),,2005,34.7,,0.72,
Europe and Central Asia (WB),,2005,34.7,,0.8698894,
Europe and Central Asia (WB),,2005,34.7,,0.675,
Europe and Central Asia (WB),,2005,34.7,,0.87086254,
Europe and Central Asia (WB),,2005,34.7,,0.723,
Europe and Central Asia (WB),,2005,34.7,,0.433,
Europe and Central Asia (WB),,2005,34.7,,0.34204078,
Europe and Central Asia (WB),,2005,34.7,,0.5434632,
Europe and Central Asia (WB),,2005,34.7,,0.535,
Europe and Central Asia (WB),,2005,34.7,,0.8332466,
Europe and Central Asia (WB),,2005,34.7,,0.80804354,
Europe and Central Asia (WB),,2005,34.7,,0.727708,
Europe and Central Asia (WB),,2005,34.7,,0.552,
Europe and Central Asia (WB),,2005,34.7,,0.473,
Europe and Central Asia (WB),,2005,34.7,,0.6755118,
Europe and Central Asia (WB),,2005,34.7,,0.861,
Europe and Central Asia (WB),,2006,38.0,,0.46813595,
Europe and Central Asia (WB),,2006,38.0,,0.652,
Europe and Central Asia (WB),,2006,38.0,,0.6248776,
Europe and Central Asia (WB),,2006,38.0,,0.662,
Europe and Central Asia (WB),,2006,38.0,,0.848911,
Europe and Central Asia (WB),,2006,38.0,,0.728,
Europe and Central Asia (WB),,2006,38.0,,0.87523013,
Europe and Central Asia (WB),,2006,38.0,,0.683,
Europe and Central Asia (WB),,2006,38.0,,0.87583596,
Europe and Central Asia (WB),,2006,38.0,,0.729,
Europe and Central Asia (WB),,2006,38.0,,0.442,
Europe and Central Asia (WB),,2006,38.0,,0.35059604,
Europe and Central Asia (WB),,2006,38.0,,0.55155903,
Europe and Central Asia (WB),,2006,38.0,,0.543,
Europe and Central Asia (WB),,2006,38.0,,0.8386846,
Europe and Central Asia (WB),,2006,38.0,,0.8101854,
Europe and Central Asia (WB),,2006,38.0,,0.73351294,
Europe and Central Asia (WB),,2006,38.0,,0.561,
Europe and Central Asia (WB),,2006,38.0,,0.481,
Europe and Central Asia (WB),,2006,38.0,,0.6853619,
Europe and Central Asia (WB),,2006,38.0,,0.866,
Europe and Central Asia (WB),,2007,43.6,,0.4750963,
Europe and Central Asia (WB),,2007,43.6,,0.658,
Europe and Central Asia (WB),,2007,43.6,,0.63415104,
Europe and Central Asia (WB),,2007,43.6,,0.673,
Europe and Central Asia (WB),,2007,43.6,,0.8548727,
Europe and Central Asia (WB),,2007,43.6,,0.736,
Europe and Central Asia (WB),,2007,43.6,,0.87925476,
Europe and Central Asia (WB),,2007,43.6,,0.692,
Europe and Central Asia (WB),,2007,43.6,,0.8802514,
Europe and Central Asia (WB),,2007,43.6,,0.736,
Europe and Central Asia (WB),,2007,43.6,,0.45,
Europe and Central Asia (WB),,2007,43.6,,0.3596332,
Europe and Central Asia (WB),,2007,43.6,,0.5593327,
Europe and Central Asia (WB),,2007,43.6,,0.551,
Europe and Central Asia (WB),,2007,43.6,,0.84200835,
Europe and Central Asia (WB),,2007,43.6,,0.8121299,
Europe and Central Asia (WB),,2007,43.6,,0.74158055,
Europe and Central Asia (WB),,2007,43.6,,0.569,
Europe and Central Asia (WB),,2007,43.6,,0.489,
Europe and Central Asia (WB),,2007,43.6,,0.6958714,
Europe and Central Asia (WB),,2007,43.6,,0.87,
Europe and Central Asia (WB),,2008,48.1,,0.49759457,
Europe and Central Asia (WB),,2008,48.1,,0.661,
Europe and Central Asia (WB),,2008,48.1,,0.64034575,
Europe and Central Asia (WB),,2008,48.1,,0.68,
Europe and Central Asia (WB),,2008,48.1,,0.8590917,
Europe and Central Asia (WB),,2008,48.1,,0.74,
Europe and Central Asia (WB),,2008,48.1,,0.88218033,
Europe and Central Asia (WB),,2008,48.1,,0.699,
Europe and Central Asia (WB),,2008,48.1,,0.8827478,
Europe and Central Asia (WB),,2008,48.1,,0.742,
Europe and Central Asia (WB),,2008,48.1,,0.457,
Europe and Central Asia (WB),,2008,48.1,,0.39877075,
Europe and Central Asia (WB),,2008,48.1,,0.56541926,
Europe and Central Asia (WB),,2008,48.1,,0.558,
Europe and Central Asia (WB),,2008,48.1,,0.8433985,
Europe and Central Asia (WB),,2008,48.1,,0.8153273,
Europe and Central Asia (WB),,2008,48.1,,0.7485009,
Europe and Central Asia (WB),,2008,48.1,,0.575,
Europe and Central Asia (WB),,2008,48.1,,0.497,
Europe and Central Asia (WB),,2008,48.1,,0.7032563,
Europe and Central Asia (WB),,2008,48.1,,0.872,
Europe and Central Asia (WB),,2009,52.7,,0.5021216,
Europe and Central Asia (WB),,2009,52.7,,0.666,
Europe and Central Asia (WB),,2009,52.7,,0.64756656,
Europe and Central Asia (WB),,2009,52.7,,0.69,
Europe and Central Asia (WB),,2009,52.7,,0.8599548,
Europe and Central Asia (WB),,2009,52.7,,0.742,
Europe and Central Asia (WB),,2009,52.7,,0.8833343,
Europe and Central Asia (WB),,2009,52.7,,0.706,
Europe and Central Asia (WB),,2009,52.7,,0.8837552,
Europe and Central Asia (WB),,2009,52.7,,0.743,
Europe and Central Asia (WB),,2009,52.7,,0.461,
Europe and Central Asia (WB),,2009,52.7,,0.402766,
Europe and Central Asia (WB),,2009,52.7,,0.5710855,
Europe and Central Asia (WB),,2009,52.7,,0.565,
Europe and Central Asia (WB),,2009,52.7,,0.8439207,
Europe and Central Asia (WB),,2009,52.7,,0.81803006,
Europe and Central Asia (WB),,2009,52.7,,0.7512326,
Europe and Central Asia (WB),,2009,52.7,,0.58,
Europe and Central Asia (WB),,2009,52.7,,0.503,
Europe and Central Asia (WB),,2009,52.7,,0.71126586,
Europe and Central Asia (WB),,2009,52.7,,0.874,
Europe and Central Asia (WB),,2010,57.0,,0.513888,
Europe and Central Asia (WB),,2010,57.0,,0.67,
Europe and Central Asia (WB),,2010,57.0,,0.65679175,
Europe and Central Asia (WB),,2010,57.0,,0.699,
Europe and Central Asia (WB),,2010,57.0,,0.8645471,
Europe and Central Asia (WB),,2010,57.0,,0.753,
Europe and Central Asia (WB),,2010,57.0,,0.8875532,
Europe and Central Asia (WB),,2010,57.0,,0.714,
Europe and Central Asia (WB),,2010,57.0,,0.88799495,
Europe and Central Asia (WB),,2010,57.0,,0.747,
Europe and Central Asia (WB),,2010,57.0,,0.467,
Europe and Central Asia (WB),,2010,57.0,,0.42096916,
Europe and Central Asia (WB),,2010,57.0,,0.57957613,
Europe and Central Asia (WB),,2010,57.0,,0.573,
Europe and Central Asia (WB),,2010,57.0,,0.84561443,
Europe and Central Asia (WB),,2010,57.0,,0.82062435,
Europe and Central Asia (WB),,2010,57.0,,0.75787014,
Europe and Central Asia (WB),,2010,57.0,,0.59,
Europe and Central Asia (WB),,2010,57.0,,0.51,
Europe and Central Asia (WB),,2010,57.0,,0.72018623,
Europe and Central Asia (WB),,2010,57.0,,0.879,
Europe and Central Asia (WB),,2011,60.2,,0.52003187,
Europe and Central Asia (WB),,2011,60.2,,0.672,
Europe and Central Asia (WB),,2011,60.2,,0.66498727,
Europe and Central Asia (WB),,2011,60.2,,0.706,
Europe and Central Asia (WB),,2011,60.2,,0.87022907,
Europe and Central Asia (WB),,2011,60.2,,0.761,
Europe and Central Asia (WB),,2011,60.2,,0.89193636,
Europe and Central Asia (WB),,2011,60.2,,0.72,
Europe and Central Asia (WB),,2011,60.2,,0.8916487,
Europe and Central Asia (WB),,2011,60.2,,0.753,
Europe and Central Asia (WB),,2011,60.2,,0.471,
Europe and Central Asia (WB),,2011,60.2,,0.4269735,
Europe and Central Asia (WB),,2011,60.2,,0.5894755,
Europe and Central Asia (WB),,2011,60.2,,0.584,
Europe and Central Asia (WB),,2011,60.2,,0.8494359,
Europe and Central Asia (WB),,2011,60.2,,0.8243534,
Europe and Central Asia (WB),,2011,60.2,,0.7633919,
Europe and Central Asia (WB),,2011,60.2,,0.601,
Europe and Central Asia (WB),,2011,60.2,,0.517,
Europe and Central Asia (WB),,2011,60.2,,0.7270223,
Europe and Central Asia (WB),,2011,60.2,,0.883,
Europe and Central Asia (WB),,2012,63.9,,0.5260907,
Europe and Central Asia (WB),,2012,63.9,,0.68,
Europe and Central Asia (WB),,2012,63.9,,0.67128,
Europe and Central Asia (WB),,2012,63.9,,0.713,
Europe and Central Asia (WB),,2012,63.9,,0.87196416,
Europe and Central Asia (WB),,2012,63.9,,0.767,
Europe and Central Asia (WB),,2012,63.9,,0.8927878,
Europe and Central Asia (WB),,2012,63.9,,0.727,
Europe and Central Asia (WB),,2012,63.9,,0.8941138,
Europe and Central Asia (WB),,2012,63.9,,0.758,
Europe and Central Asia (WB),,2012,63.9,,0.477,
Europe and Central Asia (WB),,2012,63.9,,0.43000394,
Europe and Central Asia (WB),,2012,63.9,,0.5956914,
Europe and Central Asia (WB),,2012,63.9,,0.59,
Europe and Central Asia (WB),,2012,63.9,,0.8532949,
Europe and Central Asia (WB),,2012,63.9,,0.82798356,
Europe and Central Asia (WB),,2012,63.9,,0.7674748,
Europe and Central Asia (WB),,2012,63.9,,0.606,
Europe and Central Asia (WB),,2012,63.9,,0.523,
Europe and Central Asia (WB),,2012,63.9,,0.73412,
Europe and Central Asia (WB),,2012,63.9,,0.886,
Europe and Central Asia (WB),,2013,66.3,,0.53123987,
Europe and Central Asia (WB),,2013,66.3,,0.683,
Europe and Central Asia (WB),,2013,66.3,,0.677284,
Europe and Central Asia (WB),,2013,66.3,,0.72,
Europe and Central Asia (WB),,2013,66.3,,0.87687457,
Europe and Central Asia (WB),,2013,66.3,,0.78,
Europe and Central Asia (WB),,2013,66.3,,0.8967906,
Europe and Central Asia (WB),,2013,66.3,,0.733,
Europe and Central Asia (WB),,2013,66.3,,0.8981406,
Europe and Central Asia (WB),,2013,66.3,,0.762,
Europe and Central Asia (WB),,2013,66.3,,0.482,
Europe and Central Asia (WB),,2013,66.3,,0.432075,
Europe and Central Asia (WB),,2013,66.3,,0.60151386,
Europe and Central Asia (WB),,2013,66.3,,0.595,
Europe and Central Asia (WB),,2013,66.3,,0.85496044,
Europe and Central Asia (WB),,2013,66.3,,0.8279558,
Europe and Central Asia (WB),,2013,66.3,,0.7731587,
Europe and Central Asia (WB),,2013,66.3,,0.611,
Europe and Central Asia (WB),,2013,66.3,,0.528,
Europe and Central Asia (WB),,2013,66.3,,0.7406829,
Europe and Central Asia (WB),,2013,66.3,,0.892,
Europe and Central Asia (WB),,2014,68.8,,0.5367227,
Europe and Central Asia (WB),,2014,68.8,,0.688,
Europe and Central Asia (WB),,2014,68.8,,0.68550044,
Europe and Central Asia (WB),,2014,68.8,,0.728,
Europe and Central Asia (WB),,2014,68.8,,0.87929887,
Europe and Central Asia (WB),,2014,68.8,,0.785,
Europe and Central Asia (WB),,2014,68.8,,0.8999237,
Europe and Central Asia (WB),,2014,68.8,,0.739,
Europe and Central Asia (WB),,2014,68.8,,0.90055966,
Europe and Central Asia (WB),,2014,68.8,,0.765,
Europe and Central Asia (WB),,2014,68.8,,0.488,
Europe and Central Asia (WB),,2014,68.8,,0.43649974,
Europe and Central Asia (WB),,2014,68.8,,0.60980934,
Europe and Central Asia (WB),,2014,68.8,,0.604,
Europe and Central Asia (WB),,2014,68.8,,0.85716856,
Europe and Central Asia (WB),,2014,68.8,,0.8310525,
Europe and Central Asia (WB),,2014,68.8,,0.7760436,
Europe and Central Asia (WB),,2014,68.8,,0.62,
Europe and Central Asia (WB),,2014,68.8,,0.534,
Europe and Central Asia (WB),,2014,68.8,,0.7478326,
Europe and Central Asia (WB),,2014,68.8,,0.895,
Europe and Central Asia (WB),,2015,69.8,,0.5425902,
Europe and Central Asia (WB),,2015,69.8,,0.693,
Europe and Central Asia (WB),,2015,69.8,,0.6922845,
Europe and Central Asia (WB),,2015,69.8,,0.735,
Europe and Central Asia (WB),,2015,69.8,,0.88032347,
Europe and Central Asia (WB),,2015,69.8,,0.789,
Europe and Central Asia (WB),,2015,69.8,,0.9017791,
Europe and Central Asia (WB),,2015,69.8,,0.744,
Europe and Central Asia (WB),,2015,69.8,,0.9027572,
Europe and Central Asia (WB),,2015,69.8,,0.767,
Europe and Central Asia (WB),,2015,69.8,,0.491,
Europe and Central Asia (WB),,2015,69.8,,0.43883622,
Europe and Central Asia (WB),,2015,69.8,,0.6173714,
Europe and Central Asia (WB),,2015,69.8,,0.611,
Europe and Central Asia (WB),,2015,69.8,,0.8591236,
Europe and Central Asia (WB),,2015,69.8,,0.8333656,
Europe and Central Asia (WB),,2015,69.8,,0.7772507,
Europe and Central Asia (WB),,2015,69.8,,0.627,
Europe and Central Asia (WB),,2015,69.8,,0.54,
Europe and Central Asia (WB),,2015,69.8,,0.7533915,
Europe and Central Asia (WB),,2015,69.8,,0.898,
Europe and Central Asia (WB),,2016,72.3,,0.5466387,
Europe and Central Asia (WB),,2016,72.3,,0.698,
Europe and Central Asia (WB),,2016,72.3,,0.6996885,
Europe and Central Asia (WB),,2016,72.3,,0.742,
Europe and Central Asia (WB),,2016,72.3,,0.8832819,
Europe and Central Asia (WB),,2016,72.3,,0.793,
Europe and Central Asia (WB),,2016,72.3,,0.9050324,
Europe and Central Asia (WB),,2016,72.3,,0.749,
Europe and Central Asia (WB),,2016,72.3,,0.90514636,
Europe and Central Asia (WB),,2016,72.3,,0.769,
Europe and Central Asia (WB),,2016,72.3,,0.497,
Europe and Central Asia (WB),,2016,72.3,,0.4427982,
Europe and Central Asia (WB),,2016,72.3,,0.62547666,
Europe and Central Asia (WB),,2016,72.3,,0.62,
Europe and Central Asia (WB),,2016,72.3,,0.86142576,
Europe and Central Asia (WB),,2016,72.3,,0.83567315,
Europe and Central Asia (WB),,2016,72.3,,0.7784721,
Europe and Central Asia (WB),,2016,72.3,,0.637,
Europe and Central Asia (WB),,2016,72.3,,0.543,
Europe and Central Asia (WB),,2016,72.3,,0.7588624,
Europe and Central Asia (WB),,2016,72.3,,0.9,
Europe and Central Asia (WB),,2017,74.4,,0.5504002,
Europe and Central Asia (WB),,2017,74.4,,0.702,
Europe and Central Asia (WB),,2017,74.4,,0.7046988,
Europe and Central Asia (WB),,2017,74.4,,0.749,
Europe and Central Asia (WB),,2017,74.4,,0.8861951,
Europe and Central Asia (WB),,2017,74.4,,0.8,
Europe and Central Asia (WB),,2017,74.4,,0.9075523,
Europe and Central Asia (WB),,2017,74.4,,0.754,
Europe and Central Asia (WB),,2017,74.4,,0.90792,
Europe and Central Asia (WB),,2017,74.4,,0.772,
Europe and Central Asia (WB),,2017,74.4,,0.5,
Europe and Central Asia (WB),,2017,74.4,,0.44619104,
Europe and Central Asia (WB),,2017,74.4,,0.62979513,
Europe and Central Asia (WB),,2017,74.4,,0.624,
Europe and Central Asia (WB),,2017,74.4,,0.8636879,
Europe and Central Asia (WB),,2017,74.4,,0.83694863,
Europe and Central Asia (WB),,2017,74.4,,0.7811188,
Europe and Central Asia (WB),,2017,74.4,,0.641,
Europe and Central Asia (WB),,2017,74.4,,0.546,
Europe and Central Asia (WB),,2017,74.4,,0.7643767,
Europe and Central Asia (WB),,2017,74.4,,0.903,
Europe and Central Asia (WB),,2018,78.1,,0.5558327,
Europe and Central Asia (WB),,2018,78.1,,0.707,
Europe and Central Asia (WB),,2018,78.1,,0.7085525,
Europe and Central Asia (WB),,2018,78.1,,0.756,
Europe and Central Asia (WB),,2018,78.1,,0.88933504,
Europe and Central Asia (WB),,2018,78.1,,0.804,
Europe and Central Asia (WB),,2018,78.1,,0.9103591,
Europe and Central Asia (WB),,2018,78.1,,0.76,
Europe and Central Asia (WB),,2018,78.1,,0.91105837,
Europe and Central Asia (WB),,2018,78.1,,0.774,
Europe and Central Asia (WB),,2018,78.1,,0.504,
Europe and Central Asia (WB),,2018,78.1,,0.4525536,
Europe and Central Asia (WB),,2018,78.1,,0.6321534,
Europe and Central Asia (WB),,2018,78.1,,0.627,
Europe and Central Asia (WB),,2018,78.1,,0.8665236,
Europe and Central Asia (WB),,2018,78.1,,0.84073627,
Europe and Central Asia (WB),,2018,78.1,,0.7836532,
Europe and Central Asia (WB),,2018,78.1,,0.642,
Europe and Central Asia (WB),,2018,78.1,,0.551,
Europe and Central Asia (WB),,2018,78.1,,0.7702497,
Europe and Central Asia (WB),,2018,78.1,,0.906,
Europe and Central Asia (WB),,2019,80.3,,0.56035364,
Europe and Central Asia (WB),,2019,80.3,,0.712,
Europe and Central Asia (WB),,2019,80.3,,0.7126623,
Europe and Central Asia (WB),,2019,80.3,,0.761,
Europe and Central Asia (WB),,2019,80.3,,0.89306754,
Europe and Central Asia (WB),,2019,80.3,,0.808,
Europe and Central Asia (WB),,2019,80.3,,0.9143795,
Europe and Central Asia (WB),,2019,80.3,,0.765,
Europe and Central Asia (WB),,2019,80.3,,0.91397655,
Europe and Central Asia (WB),,2019,80.3,,0.776,
Europe and Central Asia (WB),,2019,80.3,,0.507,
Europe and Central Asia (WB),,2019,80.3,,0.45707306,
Europe and Central Asia (WB),,2019,80.3,,0.63645244,
Europe and Central Asia (WB),,2019,80.3,,0.631,
Europe and Central Asia (WB),,2019,80.3,,0.8687238,
Europe and Central Asia (WB),,2019,80.3,,0.8431121,
Europe and Central Asia (WB),,2019,80.3,,0.78433996,
Europe and Central Asia (WB),,2019,80.3,,0.645,
Europe and Central Asia (WB),,2019,80.3,,0.557,
Europe and Central Asia (WB),,2019,80.3,,0.7744862,
Europe and Central Asia (WB),,2019,80.3,,0.909,
Europe and Central Asia (WB),,2020,83.4,,0.5594648,
Europe and Central Asia (WB),,2020,83.4,,0.707,
Europe and Central Asia (WB),,2020,83.4,,0.7130719,
Europe and Central Asia (WB),,2020,83.4,,0.764,
Europe and Central Asia (WB),,2020,83.4,,0.8829021,
Europe and Central Asia (WB),,2020,83.4,,0.802,
Europe and Central Asia (WB),,2020,83.4,,0.90954304,
Europe and Central Asia (WB),,2020,83.4,,0.763,
Europe and Central Asia (WB),,2020,83.4,,0.9056104,
Europe and Central Asia (WB),,2020,83.4,,0.764,
Europe and Central Asia (WB),,2020,83.4,,0.507,
Europe and Central Asia (WB),,2020,83.4,,0.45871836,
Europe and Central Asia (WB),,2020,83.4,,0.6364669,
Europe and Central Asia (WB),,2020,83.4,,0.631,
Europe and Central Asia (WB),,2020,83.4,,0.85540247,
Europe and Central Asia (WB),,2020,83.4,,0.84438473,
Europe and Central Asia (WB),,2020,83.4,,0.7736417,
Europe and Central Asia (WB),,2020,83.4,,0.645,
Europe and Central Asia (WB),,2020,83.4,,0.557,
Europe and Central Asia (WB),,2020,83.4,,0.7720838,
Europe and Central Asia (WB),,2020,83.4,,0.901,
Europe and Central Asia (WB),,2021,86.0,,0.56110394,
Europe and Central Asia (WB),,2021,86.0,,0.71,
Europe and Central Asia (WB),,2021,86.0,,0.71319216,
Europe and Central Asia (WB),,2021,86.0,,0.768,
Europe and Central Asia (WB),,2021,86.0,,0.88542944,
Europe and Central Asia (WB),,2021,86.0,,0.803,
Europe and Central Asia (WB),,2021,86.0,,0.914425,
Europe and Central Asia (WB),,2021,86.0,,0.766,
Europe and Central Asia (WB),,2021,86.0,,0.90697354,
Europe and Central Asia (WB),,2021,86.0,,0.762,
Europe and Central Asia (WB),,2021,86.0,,0.507,
Europe and Central Asia (WB),,2021,86.0,,0.4588084,
Europe and Central Asia (WB),,2021,86.0,,0.63409626,
Europe and Central Asia (WB),,2021,86.0,,0.629,
Europe and Central Asia (WB),,2021,86.0,,0.8522403,
Europe and Central Asia (WB),,2021,86.0,,0.84548646,
Europe and Central Asia (WB),,2021,86.0,,0.77192116,
Europe and Central Asia (WB),,2021,86.0,,0.641,
Europe and Central Asia (WB),,2021,86.0,,0.558,
Europe and Central Asia (WB),,2021,86.0,,0.77544844,
Europe and Central Asia (WB),,2021,86.0,,0.903,
Europe and Central Asia (WB),,2022,87.9,,0.5714846,
Europe and Central Asia (WB),,2022,87.9,,0.716,
Europe and Central Asia (WB),,2022,87.9,,0.7262154,
Europe and Central Asia (WB),,2022,87.9,,0.773,
Europe and Central Asia (WB),,2022,87.9,,0.89101297,
Europe and Central Asia (WB),,2022,87.9,,0.815,
Europe and Central Asia (WB),,2022,87.9,,0.91688347,
Europe and Central Asia (WB),,2022,87.9,,0.774,
Europe and Central Asia (WB),,2022,87.9,,0.91196257,
Europe and Central Asia (WB),,2022,87.9,,0.778,
Europe and Central Asia (WB),,2022,87.9,,0.512,
Europe and Central Asia (WB),,2022,87.9,,0.47149748,
Europe and Central Asia (WB),,2022,87.9,,0.6529091,
Europe and Central Asia (WB),,2022,87.9,,0.649,
Europe and Central Asia (WB),,2022,87.9,,0.86384416,
Europe and Central Asia (WB),,2022,87.9,,0.84466344,
Europe and Central Asia (WB),,2022,87.9,,0.7865941,
Europe and Central Asia (WB),,2022,87.9,,0.665,
Europe and Central Asia (WB),,2022,87.9,,0.565,
Europe and Central Asia (WB),,2022,87.9,,0.7832832,
Europe and Central Asia (WB),,2022,87.9,,0.908,
Europe and Central Asia (WB),,2023,90.1,,0.5760591,
Europe and Central Asia (WB),,2023,90.1,,0.719,
Europe and Central Asia (WB),,2023,90.1,,0.73009235,
Europe and Central Asia (WB),,2023,90.1,,,
Europe and Central Asia (WB),,2023,90.1,,,
Europe and Central Asia (WB),,2023,90.1,,,
Europe and Central Asia (WB),,2023,90.1,,0.775,
Europe and Central Asia (WB),,2023,90.1,,0.89665455,
Europe and Central Asia (WB),,2023,90.1,,0.818,
Europe and Central Asia (WB),,2023,90.1,,0.92227614,
Europe and Central Asia (WB),,2023,90.1,,,
Europe and Central Asia (WB),,2023,90.1,,,
Europe and Central Asia (WB),,2023,90.1,,,
Europe and Central Asia (WB),,2023,90.1,,,
Europe and Central Asia (WB),,2023,90.1,,0.777,
Europe and Central Asia (WB),,2023,90.1,,0.9179597,
Europe and Central Asia (WB),,2023,90.1,,,
Europe and Central Asia (WB),,2023,90.1,,,
Europe and Central Asia (WB),,2023,90.1,,,
Europe and Central Asia (WB),,2023,90.1,,,
Europe and Central Asia (WB),,2023,90.1,,,
Europe and Central Asia (WB),,2023,90.1,,0.783,
Europe and Central Asia (WB),,2023,90.1,,0.515,
Europe and Central Asia (WB),,2023,90.1,,0.47806427,
Europe and Central Asia (WB),,2023,90.1,,0.6585855,
Europe and Central Asia (WB),,2023,90.1,,0.656,
Europe and Central Asia (WB),,2023,90.1,,0.8702258,
Europe and Central Asia (WB),,2023,90.1,,0.84926206,
Europe and Central Asia (WB),,2023,90.1,,,
Europe and Central Asia (WB),,2023,90.1,,,
Europe and Central Asia (WB),,2023,90.1,,0.79245985,
Europe and Central Asia (WB),,2023,90.1,,0.672,
Europe and Central Asia (WB),,2023,90.1,,0.568,
Europe and Central Asia (WB),,2023,90.1,,,
Europe and Central Asia (WB),,2023,90.1,,0.78573513,
Europe and Central Asia (WB),,2023,90.1,,0.914,
European Union (27),,1990,0.06685855,,0.55,
European Union (27),,1990,0.06685855,,0.514,
European Union (27),,1990,0.06685855,,0.674,
European Union (27),,1990,0.06685855,,0.7739702,
European Union (27),,1990,0.06685855,,0.569,
European Union (27),,1990,0.06685855,,0.8043755,
European Union (27),,1990,0.06685855,,0.648,
European Union (27),,1990,0.06685855,,0.346,
European Union (27),,1990,0.06685855,,0.439,
European Union (27),,1990,0.06685855,,0.6497253,
European Union (27),,1990,0.06685855,,0.454,
European Union (27),,1990,0.06685855,,0.405,
European Union (27),,1990,0.06685855,,0.797,
European Union (27),,1991,0.145457,,0.552,
European Union (27),,1991,0.145457,,0.522,
European Union (27),,1991,0.145457,,0.671,
European Union (27),,1991,0.145457,,0.7779599,
European Union (27),,1991,0.145457,,0.574,
European Union (27),,1991,0.145457,,0.806783,
European Union (27),,1991,0.145457,,0.653,
European Union (27),,1991,0.145457,,0.348,
European Union (27),,1991,0.145457,,0.44,
European Union (27),,1991,0.145457,,0.6547653,
European Union (27),,1991,0.145457,,0.458,
European Union (27),,1991,0.145457,,0.409,
European Union (27),,1991,0.145457,,0.8,
European Union (27),,1992,0.2722378,,0.561,
European Union (27),,1992,0.2722378,,0.531,
European Union (27),,1992,0.2722378,,0.664,
European Union (27),,1992,0.2722378,,0.78332764,
European Union (27),,1992,0.2722378,,0.58,
European Union (27),,1992,0.2722378,,0.80932313,
European Union (27),,1992,0.2722378,,0.657,
European Union (27),,1992,0.2722378,,0.352,
European Union (27),,1992,0.2722378,,0.445,
European Union (27),,1992,0.2722378,,0.65902275,
European Union (27),,1992,0.2722378,,0.464,
European Union (27),,1992,0.2722378,,0.408,
European Union (27),,1992,0.2722378,,0.802,
European Union (27),,1993,0.4152275,,0.571,
European Union (27),,1993,0.4152275,,0.541,
European Union (27),,1993,0.4152275,,0.659,
European Union (27),,1993,0.4152275,,0.79047537,
European Union (27),,1993,0.4152275,,0.586,
European Union (27),,1993,0.4152275,,0.81150347,
European Union (27),,1993,0.4152275,,0.661,
European Union (27),,1993,0.4152275,,0.356,
European Union (27),,1993,0.4152275,,0.449,
European Union (27),,1993,0.4152275,,0.66415447,
European Union (27),,1993,0.4152275,,0.468,
European Union (27),,1993,0.4152275,,0.411,
European Union (27),,1993,0.4152275,,0.804,
European Union (27),,1994,0.7851768,,0.577,
European Union (27),,1994,0.7851768,,0.55,
European Union (27),,1994,0.7851768,,0.654,
European Union (27),,1994,0.7851768,,0.7999784,
European Union (27),,1994,0.7851768,,0.591,
European Union (27),,1994,0.7851768,,0.81610936,
European Union (27),,1994,0.7851768,,0.666,
European Union (27),,1994,0.7851768,,0.361,
European Union (27),,1994,0.7851768,,0.453,
European Union (27),,1994,0.7851768,,0.66946566,
European Union (27),,1994,0.7851768,,0.472,
European Union (27),,1994,0.7851768,,0.413,
European Union (27),,1994,0.7851768,,0.809,
European Union (27),,1995,1.5143852,,0.582,
European Union (27),,1995,1.5143852,,0.559,
European Union (27),,1995,1.5143852,,0.7735119,
European Union (27),,1995,1.5143852,,0.658,
European Union (27),,1995,1.5143852,,0.8133682,
European Union (27),,1995,1.5143852,,0.599,
European Union (27),,1995,1.5143852,,0.8224163,
European Union (27),,1995,1.5143852,,0.67,
European Union (27),,1995,1.5143852,,0.368,
European Union (27),,1995,1.5143852,,0.459,
European Union (27),,1995,1.5143852,,0.6756636,
European Union (27),,1995,1.5143852,,0.478,
European Union (27),,1995,1.5143852,,0.42,
European Union (27),,1995,1.5143852,,0.812,
European Union (27),,1996,2.6231687,,0.59,
European Union (27),,1996,2.6231687,,0.57,
European Union (27),,1996,2.6231687,,0.7801411,
European Union (27),,1996,2.6231687,,0.662,
European Union (27),,1996,2.6231687,,0.82013655,
European Union (27),,1996,2.6231687,,0.607,
European Union (27),,1996,2.6231687,,0.82840586,
European Union (27),,1996,2.6231687,,0.676,
European Union (27),,1996,2.6231687,,0.373,
European Union (27),,1996,2.6231687,,0.466,
European Union (27),,1996,2.6231687,,0.6810407,
European Union (27),,1996,2.6231687,,0.484,
European Union (27),,1996,2.6231687,,0.423,
European Union (27),,1996,2.6231687,,0.818,
European Union (27),,1997,4.799629,,0.596,
European Union (27),,1997,4.799629,,0.579,
European Union (27),,1997,4.799629,,0.7872637,
European Union (27),,1997,4.799629,,0.668,
European Union (27),,1997,4.799629,,0.8263604,
European Union (27),,1997,4.799629,,0.615,
European Union (27),,1997,4.799629,,0.83428735,
European Union (27),,1997,4.799629,,0.683,
European Union (27),,1997,4.799629,,0.378,
European Union (27),,1997,4.799629,,0.472,
European Union (27),,1997,4.799629,,0.6869894,
European Union (27),,1997,4.799629,,0.49,
European Union (27),,1997,4.799629,,0.427,
European Union (27),,1997,4.799629,,0.824,
European Union (27),,1998,7.688773,,0.603,
European Union (27),,1998,7.688773,,0.586,
European Union (27),,1998,7.688773,,0.7928959,
European Union (27),,1998,7.688773,,0.674,
European Union (27),,1998,7.688773,,0.8325962,
European Union (27),,1998,7.688773,,0.622,
European Union (27),,1998,7.688773,,0.83827734,
European Union (27),,1998,7.688773,,0.688,
European Union (27),,1998,7.688773,,0.382,
European Union (27),,1998,7.688773,,0.478,
European Union (27),,1998,7.688773,,0.6915652,
European Union (27),,1998,7.688773,,0.496,
European Union (27),,1998,7.688773,,0.43,
European Union (27),,1998,7.688773,,0.829,
European Union (27),,1999,13.63301,,0.609,
European Union (27),,1999,13.63301,,0.594,
European Union (27),,1999,13.63301,,0.7974899,
European Union (27),,1999,13.63301,,0.676,
European Union (27),,1999,13.63301,,0.8380795,
European Union (27),,1999,13.63301,,0.628,
European Union (27),,1999,13.63301,,0.84187406,
European Union (27),,1999,13.63301,,0.692,
European Union (27),,1999,13.63301,,0.39,
European Union (27),,1999,13.63301,,0.48673937,
European Union (27),,1999,13.63301,,0.485,
European Union (27),,1999,13.63301,,0.69540364,
European Union (27),,1999,13.63301,,0.503,
European Union (27),,1999,13.63301,,0.433,
European Union (27),,1999,13.63301,,0.832,
European Union (27),,2000,19.686556,,0.4245854,
European Union (27),,2000,19.686556,,0.615,
European Union (27),,2000,19.686556,,0.569869,
European Union (27),,2000,19.686556,,0.604,
European Union (27),,2000,19.686556,,0.8080217,
European Union (27),,2000,19.686556,,0.686,
European Union (27),,2000,19.686556,,0.8433045,
European Union (27),,2000,19.686556,,0.636,
European Union (27),,2000,19.686556,,0.84814763,
European Union (27),,2000,19.686556,,0.697,
European Union (27),,2000,19.686556,,0.393,
European Union (27),,2000,19.686556,,0.49990252,
European Union (27),,2000,19.686556,,0.491,
European Union (27),,2000,19.686556,,0.81713676,
European Union (27),,2000,19.686556,,0.70062786,
European Union (27),,2000,19.686556,,0.508,
European Union (27),,2000,19.686556,,0.435,
European Union (27),,2000,19.686556,,0.6285039,
European Union (27),,2000,19.686556,,0.838,
European Union (27),,2001,24.192804,,0.4292593,
European Union (27),,2001,24.192804,,0.621,
European Union (27),,2001,24.192804,,0.5783103,
European Union (27),,2001,24.192804,,0.612,
European Union (27),,2001,24.192804,,0.81529015,
European Union (27),,2001,24.192804,,0.693,
European Union (27),,2001,24.192804,,0.84985864,
European Union (27),,2001,24.192804,,0.643,
European Union (27),,2001,24.192804,,0.8533231,
European Union (27),,2001,24.192804,,0.702,
European Union (27),,2001,24.192804,,0.401,
European Union (27),,2001,24.192804,,0.5078028,
European Union (27),,2001,24.192804,,0.5,
European Union (27),,2001,24.192804,,0.819591,
European Union (27),,2001,24.192804,,0.7054202,
European Union (27),,2001,24.192804,,0.517,
European Union (27),,2001,24.192804,,0.441,
European Union (27),,2001,24.192804,,0.63662523,
European Union (27),,2001,24.192804,,0.843,
European Union (27),,2002,32.18789,,0.43494922,
European Union (27),,2002,32.18789,,0.626,
European Union (27),,2002,32.18789,,0.5859656,
European Union (27),,2002,32.18789,,0.622,
European Union (27),,2002,32.18789,,0.8208476,
European Union (27),,2002,32.18789,,0.701,
European Union (27),,2002,32.18789,,0.85488456,
European Union (27),,2002,32.18789,,0.651,
European Union (27),,2002,32.18789,,0.85723525,
European Union (27),,2002,32.18789,,0.706,
European Union (27),,2002,32.18789,,0.407,
European Union (27),,2002,32.18789,,0.5139684,
European Union (27),,2002,32.18789,,0.506,
European Union (27),,2002,32.18789,,0.8224308,
European Union (27),,2002,32.18789,,0.71004105,
European Union (27),,2002,32.18789,,0.523,
European Union (27),,2002,32.18789,,0.449,
European Union (27),,2002,32.18789,,0.645688,
European Union (27),,2002,32.18789,,0.847,
European Union (27),,2003,38.667164,,0.44065332,
European Union (27),,2003,38.667164,,0.63,
European Union (27),,2003,38.667164,,0.5955544,
European Union (27),,2003,38.667164,,0.632,
European Union (27),,2003,38.667164,,0.8275237,
European Union (27),,2003,38.667164,,0.709,
European Union (27),,2003,38.667164,,0.85958296,
European Union (27),,2003,38.667164,,0.659,
European Union (27),,2003,38.667164,,0.8615973,
European Union (27),,2003,38.667164,,0.711,
European Union (27),,2003,38.667164,,0.414,
European Union (27),,2003,38.667164,,0.5242137,
European Union (27),,2003,38.667164,,0.516,
European Union (27),,2003,38.667164,,0.8255375,
European Union (27),,2003,38.667164,,0.7139729,
European Union (27),,2003,38.667164,,0.535,
European Union (27),,2003,38.667164,,0.457,
European Union (27),,2003,38.667164,,0.65426606,
European Union (27),,2003,38.667164,,0.852,
European Union (27),,2004,44.234253,,0.44817433,
European Union (27),,2004,44.234253,,0.638,
European Union (27),,2004,44.234253,,0.6048904,
European Union (27),,2004,44.234253,,0.641,
European Union (27),,2004,44.234253,,0.83400583,
European Union (27),,2004,44.234253,,0.716,
European Union (27),,2004,44.234253,,0.8654416,
European Union (27),,2004,44.234253,,0.666,
European Union (27),,2004,44.234253,,0.8671708,
European Union (27),,2004,44.234253,,0.717,
European Union (27),,2004,44.234253,,0.424,
European Union (27),,2004,44.234253,,0.533825,
European Union (27),,2004,44.234253,,0.526,
European Union (27),,2004,44.234253,,0.83012056,
European Union (27),,2004,44.234253,,0.7216664,
European Union (27),,2004,44.234253,,0.543,
European Union (27),,2004,44.234253,,0.466,
European Union (27),,2004,44.234253,,0.66330206,
European Union (27),,2004,44.234253,,0.857,
European Union (27),,2005,48.347477,,0.461668,
European Union (27),,2005,48.347477,,0.645,
European Union (27),,2005,48.347477,,0.61573684,
European Union (27),,2005,48.347477,,0.652,
European Union (27),,2005,48.347477,,0.84263706,
European Union (27),,2005,48.347477,,0.72,
European Union (27),,2005,48.347477,,0.8698894,
European Union (27),,2005,48.347477,,0.675,
European Union (27),,2005,48.347477,,0.87086254,
European Union (27),,2005,48.347477,,0.723,
European Union (27),,2005,48.347477,,0.433,
European Union (27),,2005,48.347477,,0.34204078,
European Union (27),,2005,48.347477,,0.5434632,
European Union (27),,2005,48.347477,,0.535,
European Union (27),,2005,48.347477,,0.8332466,
European Union (27),,2005,48.347477,,0.80804354,
European Union (27),,2005,48.347477,,0.727708,
European Union (27),,2005,48.347477,,0.552,
European Union (27),,2005,48.347477,,0.473,
European Union (27),,2005,48.347477,,0.6755118,
European Union (27),,2005,48.347477,,0.861,
European Union (27),,2006,52.63237,,0.46813595,
European Union (27),,2006,52.63237,,0.652,
European Union (27),,2006,52.63237,,0.6248776,
European Union (27),,2006,52.63237,,0.662,
European Union (27),,2006,52.63237,,0.848911,
European Union (27),,2006,52.63237,,0.728,
European Union (27),,2006,52.63237,,0.87523013,
European Union (27),,2006,52.63237,,0.683,
European Union (27),,2006,52.63237,,0.87583596,
European Union (27),,2006,52.63237,,0.729,
European Union (27),,2006,52.63237,,0.442,
European Union (27),,2006,52.63237,,0.35059604,
European Union (27),,2006,52.63237,,0.55155903,
European Union (27),,2006,52.63237,,0.543,
European Union (27),,2006,52.63237,,0.8386846,
European Union (27),,2006,52.63237,,0.8101854,
European Union (27),,2006,52.63237,,0.73351294,
European Union (27),,2006,52.63237,,0.561,
European Union (27),,2006,52.63237,,0.481,
European Union (27),,2006,52.63237,,0.6853619,
European Union (27),,2006,52.63237,,0.866,
European Union (27),,2007,58.32606,,0.4750963,
European Union (27),,2007,58.32606,,0.658,
European Union (27),,2007,58.32606,,0.63415104,
European Union (27),,2007,58.32606,,0.673,
European Union (27),,2007,58.32606,,0.8548727,
European Union (27),,2007,58.32606,,0.736,
European Union (27),,2007,58.32606,,0.87925476,
European Union (27),,2007,58.32606,,0.692,
European Union (27),,2007,58.32606,,0.8802514,
European Union (27),,2007,58.32606,,0.736,
European Union (27),,2007,58.32606,,0.45,
European Union (27),,2007,58.32606,,0.3596332,
European Union (27),,2007,58.32606,,0.5593327,
European Union (27),,2007,58.32606,,0.551,
European Union (27),,2007,58.32606,,0.84200835,
European Union (27),,2007,58.32606,,0.8121299,
European Union (27),,2007,58.32606,,0.74158055,
European Union (27),,2007,58.32606,,0.569,
European Union (27),,2007,58.32606,,0.489,
European Union (27),,2007,58.32606,,0.6958714,
European Union (27),,2007,58.32606,,0.87,
European Union (27),,2008,62.317024,,0.49759457,
European Union (27),,2008,62.317024,,0.661,
European Union (27),,2008,62.317024,,0.64034575,
European Union (27),,2008,62.317024,,0.68,
European Union (27),,2008,62.317024,,0.8590917,
European Union (27),,2008,62.317024,,0.74,
European Union (27),,2008,62.317024,,0.88218033,
European Union (27),,2008,62.317024,,0.699,
European Union (27),,2008,62.317024,,0.8827478,
European Union (27),,2008,62.317024,,0.742,
European Union (27),,2008,62.317024,,0.457,
European Union (27),,2008,62.317024,,0.39877075,
European Union (27),,2008,62.317024,,0.56541926,
European Union (27),,2008,62.317024,,0.558,
European Union (27),,2008,62.317024,,0.8433985,
European Union (27),,2008,62.317024,,0.8153273,
European Union (27),,2008,62.317024,,0.7485009,
European Union (27),,2008,62.317024,,0.575,
European Union (27),,2008,62.317024,,0.497,
European Union (27),,2008,62.317024,,0.7032563,
European Union (27),,2008,62.317024,,0.872,
European Union (27),,2009,65.08568,,0.5021216,
European Union (27),,2009,65.08568,,0.666,
European Union (27),,2009,65.08568,,0.64756656,
European Union (27),,2009,65.08568,,0.69,
European Union (27),,2009,65.08568,,0.8599548,
European Union (27),,2009,65.08568,,0.742,
European Union (27),,2009,65.08568,,0.8833343,
European Union (27),,2009,65.08568,,0.706,
European Union (27),,2009,65.08568,,0.8837552,
European Union (27),,2009,65.08568,,0.743,
European Union (27),,2009,65.08568,,0.461,
European Union (27),,2009,65.08568,,0.402766,
European Union (27),,2009,65.08568,,0.5710855,
European Union (27),,2009,65.08568,,0.565,
European Union (27),,2009,65.08568,,0.8439207,
European Union (27),,2009,65.08568,,0.81803006,
European Union (27),,2009,65.08568,,0.7512326,
European Union (27),,2009,65.08568,,0.58,
European Union (27),,2009,65.08568,,0.503,
European Union (27),,2009,65.08568,,0.71126586,
European Union (27),,2009,65.08568,,0.874,
European Union (27),,2010,68.74083,,0.513888,
European Union (27),,2010,68.74083,,0.67,
European Union (27),,2010,68.74083,,0.65679175,
European Union (27),,2010,68.74083,,0.699,
European Union (27),,2010,68.74083,,0.8645471,
European Union (27),,2010,68.74083,,0.753,
European Union (27),,2010,68.74083,,0.8875532,
European Union (27),,2010,68.74083,,0.714,
European Union (27),,2010,68.74083,,0.88799495,
European Union (27),,2010,68.74083,,0.747,
European Union (27),,2010,68.74083,,0.467,
European Union (27),,2010,68.74083,,0.42096916,
European Union (27),,2010,68.74083,,0.57957613,
European Union (27),,2010,68.74083,,0.573,
European Union (27),,2010,68.74083,,0.84561443,
European Union (27),,2010,68.74083,,0.82062435,
European Union (27),,2010,68.74083,,0.75787014,
European Union (27),,2010,68.74083,,0.59,
European Union (27),,2010,68.74083,,0.51,
European Union (27),,2010,68.74083,,0.72018623,
European Union (27),,2010,68.74083,,0.879,
European Union (27),,2011,69.64194,,0.52003187,
European Union (27),,2011,69.64194,,0.672,
European Union (27),,2011,69.64194,,0.66498727,
European Union (27),,2011,69.64194,,0.706,
European Union (27),,2011,69.64194,,0.87022907,
European Union (27),,2011,69.64194,,0.761,
European Union (27),,2011,69.64194,,0.89193636,
European Union (27),,2011,69.64194,,0.72,
European Union (27),,2011,69.64194,,0.8916487,
European Union (27),,2011,69.64194,,0.753,
European Union (27),,2011,69.64194,,0.471,
European Union (27),,2011,69.64194,,0.4269735,
European Union (27),,2011,69.64194,,0.5894755,
European Union (27),,2011,69.64194,,0.584,
European Union (27),,2011,69.64194,,0.8494359,
European Union (27),,2011,69.64194,,0.8243534,
European Union (27),,2011,69.64194,,0.7633919,
European Union (27),,2011,69.64194,,0.601,
European Union (27),,2011,69.64194,,0.517,
European Union (27),,2011,69.64194,,0.7270223,
European Union (27),,2011,69.64194,,0.883,
European Union (27),,2012,71.84271,,0.5260907,
European Union (27),,2012,71.84271,,0.68,
European Union (27),,2012,71.84271,,0.67128,
European Union (27),,2012,71.84271,,0.713,
European Union (27),,2012,71.84271,,0.87196416,
European Union (27),,2012,71.84271,,0.767,
European Union (27),,2012,71.84271,,0.8927878,
European Union (27),,2012,71.84271,,0.727,
European Union (27),,2012,71.84271,,0.8941138,
European Union (27),,2012,71.84271,,0.758,
European Union (27),,2012,71.84271,,0.477,
European Union (27),,2012,71.84271,,0.43000394,
European Union (27),,2012,71.84271,,0.5956914,
European Union (27),,2012,71.84271,,0.59,
European Union (27),,2012,71.84271,,0.8532949,
European Union (27),,2012,71.84271,,0.82798356,
European Union (27),,2012,71.84271,,0.7674748,
European Union (27),,2012,71.84271,,0.606,
European Union (27),,2012,71.84271,,0.523,
European Union (27),,2012,71.84271,,0.73412,
European Union (27),,2012,71.84271,,0.886,
European Union (27),,2013,73.5945,,0.53123987,
European Union (27),,2013,73.5945,,0.683,
European Union (27),,2013,73.5945,,0.677284,
European Union (27),,2013,73.5945,,0.72,
European Union (27),,2013,73.5945,,0.87687457,
European Union (27),,2013,73.5945,,0.78,
European Union (27),,2013,73.5945,,0.8967906,
European Union (27),,2013,73.5945,,0.733,
European Union (27),,2013,73.5945,,0.8981406,
European Union (27),,2013,73.5945,,0.762,
European Union (27),,2013,73.5945,,0.482,
European Union (27),,2013,73.5945,,0.432075,
European Union (27),,2013,73.5945,,0.60151386,
European Union (27),,2013,73.5945,,0.595,
European Union (27),,2013,73.5945,,0.85496044,
European Union (27),,2013,73.5945,,0.8279558,
European Union (27),,2013,73.5945,,0.7731587,
European Union (27),,2013,73.5945,,0.611,
European Union (27),,2013,73.5945,,0.528,
European Union (27),,2013,73.5945,,0.7406829,
European Union (27),,2013,73.5945,,0.892,
European Union (27),,2014,75.178696,,0.5367227,
European Union (27),,2014,75.178696,,0.688,
European Union (27),,2014,75.178696,,0.68550044,
European Union (27),,2014,75.178696,,0.728,
European Union (27),,2014,75.178696,,0.87929887,
European Union (27),,2014,75.178696,,0.785,
European Union (27),,2014,75.178696,,0.8999237,
European Union (27),,2014,75.178696,,0.739,
European Union (27),,2014,75.178696,,0.90055966,
European Union (27),,2014,75.178696,,0.765,
European Union (27),,2014,75.178696,,0.488,
European Union (27),,2014,75.178696,,0.43649974,
European Union (27),,2014,75.178696,,0.60980934,
European Union (27),,2014,75.178696,,0.604,
European Union (27),,2014,75.178696,,0.85716856,
European Union (27),,2014,75.178696,,0.8310525,
European Union (27),,2014,75.178696,,0.7760436,
European Union (27),,2014,75.178696,,0.62,
European Union (27),,2014,75.178696,,0.534,
European Union (27),,2014,75.178696,,0.7478326,
European Union (27),,2014,75.178696,,0.895,
European Union (27),,2015,75.66594,,0.5425902,
European Union (27),,2015,75.66594,,0.693,
European Union (27),,2015,75.66594,,0.6922845,
European Union (27),,2015,75.66594,,0.735,
European Union (27),,2015,75.66594,,0.88032347,
European Union (27),,2015,75.66594,,0.789,
European Union (27),,2015,75.66594,,0.9017791,
European Union (27),,2015,75.66594,,0.744,
European Union (27),,2015,75.66594,,0.9027572,
European Union (27),,2015,75.66594,,0.767,
European Union (27),,2015,75.66594,,0.491,
European Union (27),,2015,75.66594,,0.43883622,
European Union (27),,2015,75.66594,,0.6173714,
European Union (27),,2015,75.66594,,0.611,
European Union (27),,2015,75.66594,,0.8591236,
European Union (27),,2015,75.66594,,0.8333656,
European Union (27),,2015,75.66594,,0.7772507,
European Union (27),,2015,75.66594,,0.627,
European Union (27),,2015,75.66594,,0.54,
European Union (27),,2015,75.66594,,0.7533915,
European Union (27),,2015,75.66594,,0.898,
European Union (27),,2016,76.92178,,0.5466387,
European Union (27),,2016,76.92178,,0.698,
European Union (27),,2016,76.92178,,0.6996885,
European Union (27),,2016,76.92178,,0.742,
European Union (27),,2016,76.92178,,0.8832819,
European Union (27),,2016,76.92178,,0.793,
European Union (27),,2016,76.92178,,0.9050324,
European Union (27),,2016,76.92178,,0.749,
European Union (27),,2016,76.92178,,0.90514636,
European Union (27),,2016,76.92178,,0.769,
European Union (27),,2016,76.92178,,0.497,
European Union (27),,2016,76.92178,,0.4427982,
European Union (27),,2016,76.92178,,0.62547666,
European Union (27),,2016,76.92178,,0.62,
European Union (27),,2016,76.92178,,0.86142576,
European Union (27),,2016,76.92178,,0.83567315,
European Union (27),,2016,76.92178,,0.7784721,
European Union (27),,2016,76.92178,,0.637,
European Union (27),,2016,76.92178,,0.543,
European Union (27),,2016,76.92178,,0.7588624,
European Union (27),,2016,76.92178,,0.9,
European Union (27),,2017,78.71622,,0.5504002,
European Union (27),,2017,78.71622,,0.702,
European Union (27),,2017,78.71622,,0.7046988,
European Union (27),,2017,78.71622,,0.749,
European Union (27),,2017,78.71622,,0.8861951,
European Union (27),,2017,78.71622,,0.8,
European Union (27),,2017,78.71622,,0.9075523,
European Union (27),,2017,78.71622,,0.754,
European Union (27),,2017,78.71622,,0.90792,
European Union (27),,2017,78.71622,,0.772,
European Union (27),,2017,78.71622,,0.5,
European Union (27),,2017,78.71622,,0.44619104,
European Union (27),,2017,78.71622,,0.62979513,
European Union (27),,2017,78.71622,,0.624,
European Union (27),,2017,78.71622,,0.8636879,
European Union (27),,2017,78.71622,,0.83694863,
European Union (27),,2017,78.71622,,0.7811188,
European Union (27),,2017,78.71622,,0.641,
European Union (27),,2017,78.71622,,0.546,
European Union (27),,2017,78.71622,,0.7643767,
European Union (27),,2017,78.71622,,0.903,
European Union (27),,2018,81.756424,,0.5558327,
European Union (27),,2018,81.756424,,0.707,
European Union (27),,2018,81.756424,,0.7085525,
European Union (27),,2018,81.756424,,0.756,
European Union (27),,2018,81.756424,,0.88933504,
European Union (27),,2018,81.756424,,0.804,
European Union (27),,2018,81.756424,,0.9103591,
European Union (27),,2018,81.756424,,0.76,
European Union (27),,2018,81.756424,,0.91105837,
European Union (27),,2018,81.756424,,0.774,
European Union (27),,2018,81.756424,,0.504,
European Union (27),,2018,81.756424,,0.4525536,
European Union (27),,2018,81.756424,,0.6321534,
European Union (27),,2018,81.756424,,0.627,
European Union (27),,2018,81.756424,,0.8665236,
European Union (27),,2018,81.756424,,0.84073627,
European Union (27),,2018,81.756424,,0.7836532,
European Union (27),,2018,81.756424,,0.642,
European Union (27),,2018,81.756424,,0.551,
European Union (27),,2018,81.756424,,0.7702497,
European Union (27),,2018,81.756424,,0.906,
European Union (27),,2019,82.75927,,0.56035364,
European Union (27),,2019,82.75927,,0.712,
European Union (27),,2019,82.75927,,0.7126623,
European Union (27),,2019,82.75927,,0.761,
European Union (27),,2019,82.75927,,0.89306754,
European Union (27),,2019,82.75927,,0.808,
European Union (27),,2019,82.75927,,0.9143795,
European Union (27),,2019,82.75927,,0.765,
European Union (27),,2019,82.75927,,0.91397655,
European Union (27),,2019,82.75927,,0.776,
European Union (27),,2019,82.75927,,0.507,
European Union (27),,2019,82.75927,,0.45707306,
European Union (27),,2019,82.75927,,0.63645244,
European Union (27),,2019,82.75927,,0.631,
European Union (27),,2019,82.75927,,0.8687238,
European Union (27),,2019,82.75927,,0.8431121,
European Union (27),,2019,82.75927,,0.78433996,
European Union (27),,2019,82.75927,,0.645,
European Union (27),,2019,82.75927,,0.557,
European Union (27),,2019,82.75927,,0.7744862,
European Union (27),,2019,82.75927,,0.909,
European Union (27),,2020,84.7697,,0.5594648,
European Union (27),,2020,84.7697,,0.707,
European Union (27),,2020,84.7697,,0.7130719,
European Union (27),,2020,84.7697,,0.764,
European Union (27),,2020,84.7697,,0.8829021,
European Union (27),,2020,84.7697,,0.802,
European Union (27),,2020,84.7697,,0.90954304,
European Union (27),,2020,84.7697,,0.763,
European Union (27),,2020,84.7697,,0.9056104,
European Union (27),,2020,84.7697,,0.764,
European Union (27),,2020,84.7697,,0.507,
European Union (27),,2020,84.7697,,0.45871836,
European Union (27),,2020,84.7697,,0.6364669,
European Union (27),,2020,84.7697,,0.631,
European Union (27),,2020,84.7697,,0.85540247,
European Union (27),,2020,84.7697,,0.84438473,
European Union (27),,2020,84.7697,,0.7736417,
European Union (27),,2020,84.7697,,0.645,
European Union (27),,2020,84.7697,,0.557,
European Union (27),,2020,84.7697,,0.7720838,
European Union (27),,2020,84.7697,,0.901,
European Union (27),,2021,86.956436,,0.56110394,
European Union (27),,2021,86.956436,,0.71,
European Union (27),,2021,86.956436,,0.71319216,
European Union (27),,2021,86.956436,,0.768,
European Union (27),,2021,86.956436,,0.88542944,
European Union (27),,2021,86.956436,,0.803,
European Union (27),,2021,86.956436,,0.914425,
European Union (27),,2021,86.956436,,0.766,
European Union (27),,2021,86.956436,,0.90697354,
European Union (27),,2021,86.956436,,0.762,
European Union (27),,2021,86.956436,,0.507,
European Union (27),,2021,86.956436,,0.4588084,
European Union (27),,2021,86.956436,,0.63409626,
European Union (27),,2021,86.956436,,0.629,
European Union (27),,2021,86.956436,,0.8522403,
European Union (27),,2021,86.956436,,0.84548646,
European Union (27),,2021,86.956436,,0.77192116,
European Union (27),,2021,86.956436,,0.641,
European Union (27),,2021,86.956436,,0.558,
European Union (27),,2021,86.956436,,0.77544844,
European Union (27),,2021,86.956436,,0.903,
European Union (27),,2022,88.90389,,0.5714846,
European Union (27),,2022,88.90389,,0.716,
European Union (27),,2022,88.90389,,0.7262154,
European Union (27),,2022,88.90389,,0.773,
European Union (27),,2022,88.90389,,0.89101297,
European Union (27),,2022,88.90389,,0.815,
European Union (27),,2022,88.90389,,0.91688347,
European Union (27),,2022,88.90389,,0.774,
European Union (27),,2022,88.90389,,0.91196257,
European Union (27),,2022,88.90389,,0.778,
European Union (27),,2022,88.90389,,0.512,
European Union (27),,2022,88.90389,,0.47149748,
European Union (27),,2022,88.90389,,0.6529091,
European Union (27),,2022,88.90389,,0.649,
European Union (27),,2022,88.90389,,0.86384416,
European Union (27),,2022,88.90389,,0.84466344,
European Union (27),,2022,88.90389,,0.7865941,
European Union (27),,2022,88.90389,,0.665,
European Union (27),,2022,88.90389,,0.565,
European Union (27),,2022,88.90389,,0.7832832,
European Union (27),,2022,88.90389,,0.908,
European Union (27),,2023,90.16461,,0.5760591,
European Union (27),,2023,90.16461,,0.719,
European Union (27),,2023,90.16461,,0.73009235,
European Union (27),,2023,90.16461,,,
European Union (27),,2023,90.16461,,,
European Union (27),,2023,90.16461,,,
European Union (27),,2023,90.16461,,0.775,
European Union (27),,2023,90.16461,,0.89665455,
European Union (27),,2023,90.16461,,0.818,
European Union (27),,2023,90.16461,,0.92227614,
European Union (27),,2023,90.16461,,,
European Union (27),,2023,90.16461,,,
European Union (27),,2023,90.16461,,,
European Union (27),,2023,90.16461,,,
European Union (27),,2023,90.16461,,0.777,
European Union (27),,2023,90.16461,,0.9179597,
European Union (27),,2023,90.16461,,,
European Union (27),,2023,90.16461,,,
European Union (27),,2023,90.16461,,,
European Union (27),,2023,90.16461,,,
European Union (27),,2023,90.16461,,,
European Union (27),,2023,90.16461,,0.783,
European Union (27),,2023,90.16461,,0.515,
European Union (27),,2023,90.16461,,0.47806427,
European Union (27),,2023,90.16461,,0.6585855,
European Union (27),,2023,90.16461,,0.656,
European Union (27),,2023,90.16461,,0.8702258,
European Union (27),,2023,90.16461,,0.84926206,
European Union (27),,2023,90.16461,,,
European Union (27),,2023,90.16461,,,
European Union (27),,2023,90.16461,,0.79245985,
European Union (27),,2023,90.16461,,0.672,
European Union (27),,2023,90.16461,,0.568,
European Union (27),,2023,90.16461,,,
European Union (27),,2023,90.16461,,0.78573513,
European Union (27),,2023,90.16461,,0.914,
Faeroe Islands,,1990,0.0,,0.55,
Faeroe Islands,,1990,0.0,,0.514,
Faeroe Islands,,1990,0.0,,0.674,
Faeroe Islands,,1990,0.0,,0.7739702,
Faeroe Islands,,1990,0.0,,0.569,
Faeroe Islands,,1990,0.0,,0.8043755,
Faeroe Islands,,1990,0.0,,0.648,
Faeroe Islands,,1990,0.0,,0.346,
Faeroe Islands,,1990,0.0,,0.439,
Faeroe Islands,,1990,0.0,,0.6497253,
Faeroe Islands,,1990,0.0,,0.454,
Faeroe Islands,,1990,0.0,,0.405,
Faeroe Islands,,1990,0.0,,0.797,
Faeroe Islands,,1991,0.0,,0.552,
Faeroe Islands,,1991,0.0,,0.522,
Faeroe Islands,,1991,0.0,,0.671,
Faeroe Islands,,1991,0.0,,0.7779599,
Faeroe Islands,,1991,0.0,,0.574,
Faeroe Islands,,1991,0.0,,0.806783,
Faeroe Islands,,1991,0.0,,0.653,
Faeroe Islands,,1991,0.0,,0.348,
Faeroe Islands,,1991,0.0,,0.44,
Faeroe Islands,,1991,0.0,,0.6547653,
Faeroe Islands,,1991,0.0,,0.458,
Faeroe Islands,,1991,0.0,,0.409,
Faeroe Islands,,1991,0.0,,0.8,
Faeroe Islands,,1992,0.0,,0.561,
Faeroe Islands,,1992,0.0,,0.531,
Faeroe Islands,,1992,0.0,,0.664,
Faeroe Islands,,1992,0.0,,0.78332764,
Faeroe Islands,,1992,0.0,,0.58,
Faeroe Islands,,1992,0.0,,0.80932313,
Faeroe Islands,,1992,0.0,,0.657,
Faeroe Islands,,1992,0.0,,0.352,
Faeroe Islands,,1992,0.0,,0.445,
Faeroe Islands,,1992,0.0,,0.65902275,
Faeroe Islands,,1992,0.0,,0.464,
Faeroe Islands,,1992,0.0,,0.408,
Faeroe Islands,,1992,0.0,,0.802,
Faeroe Islands,,1993,0.0,,0.571,
Faeroe Islands,,1993,0.0,,0.541,
Faeroe Islands,,1993,0.0,,0.659,
Faeroe Islands,,1993,0.0,,0.79047537,
Faeroe Islands,,1993,0.0,,0.586,
Faeroe Islands,,1993,0.0,,0.81150347,
Faeroe Islands,,1993,0.0,,0.661,
Faeroe Islands,,1993,0.0,,0.356,
Faeroe Islands,,1993,0.0,,0.449,
Faeroe Islands,,1993,0.0,,0.66415447,
Faeroe Islands,,1993,0.0,,0.468,
Faeroe Islands,,1993,0.0,,0.411,
Faeroe Islands,,1993,0.0,,0.804,
Faeroe Islands,,1994,0.0,,0.577,
Faeroe Islands,,1994,0.0,,0.55,
Faeroe Islands,,1994,0.0,,0.654,
Faeroe Islands,,1994,0.0,,0.7999784,
Faeroe Islands,,1994,0.0,,0.591,
Faeroe Islands,,1994,0.0,,0.81610936,
Faeroe Islands,,1994,0.0,,0.666,
Faeroe Islands,,1994,0.0,,0.361,
Faeroe Islands,,1994,0.0,,0.453,
Faeroe Islands,,1994,0.0,,0.66946566,
Faeroe Islands,,1994,0.0,,0.472,
Faeroe Islands,,1994,0.0,,0.413,
Faeroe Islands,,1994,0.0,,0.809,
Faeroe Islands,,1995,0.0,,0.582,
Faeroe Islands,,1995,0.0,,0.559,
Faeroe Islands,,1995,0.0,,0.7735119,
Faeroe Islands,,1995,0.0,,0.658,
Faeroe Islands,,1995,0.0,,0.8133682,
Faeroe Islands,,1995,0.0,,0.599,
Faeroe Islands,,1995,0.0,,0.8224163,
Faeroe Islands,,1995,0.0,,0.67,
Faeroe Islands,,1995,0.0,,0.368,
Faeroe Islands,,1995,0.0,,0.459,
Faeroe Islands,,1995,0.0,,0.6756636,
Faeroe Islands,,1995,0.0,,0.478,
Faeroe Islands,,1995,0.0,,0.42,
Faeroe Islands,,1995,0.0,,0.812,
Faeroe Islands,,1996,2.3187869,,0.59,
Faeroe Islands,,1996,2.3187869,,0.57,
Faeroe Islands,,1996,2.3187869,,0.7801411,
Faeroe Islands,,1996,2.3187869,,0.662,
Faeroe Islands,,1996,2.3187869,,0.82013655,
Faeroe Islands,,1996,2.3187869,,0.607,
Faeroe Islands,,1996,2.3187869,,0.82840586,
Faeroe Islands,,1996,2.3187869,,0.676,
Faeroe Islands,,1996,2.3187869,,0.373,
Faeroe Islands,,1996,2.3187869,,0.466,
Faeroe Islands,,1996,2.3187869,,0.6810407,
Faeroe Islands,,1996,2.3187869,,0.484,
Faeroe Islands,,1996,2.3187869,,0.423,
Faeroe Islands,,1996,2.3187869,,0.818,
Faeroe Islands,,1997,4.6012974,,0.596,
Faeroe Islands,,1997,4.6012974,,0.579,
Faeroe Islands,,1997,4.6012974,,0.7872637,
Faeroe Islands,,1997,4.6012974,,0.668,
Faeroe Islands,,1997,4.6012974,,0.8263604,
Faeroe Islands,,1997,4.6012974,,0.615,
Faeroe Islands,,1997,4.6012974,,0.83428735,
Faeroe Islands,,1997,4.6012974,,0.683,
Faeroe Islands,,1997,4.6012974,,0.378,
Faeroe Islands,,1997,4.6012974,,0.472,
Faeroe Islands,,1997,4.6012974,,0.6869894,
Faeroe Islands,,1997,4.6012974,,0.49,
Faeroe Islands,,1997,4.6012974,,0.427,
Faeroe Islands,,1997,4.6012974,,0.824,
Faeroe Islands,,1998,11.337869,,0.603,
Faeroe Islands,,1998,11.337869,,0.586,
Faeroe Islands,,1998,11.337869,,0.7928959,
Faeroe Islands,,1998,11.337869,,0.674,
Faeroe Islands,,1998,11.337869,,0.8325962,
Faeroe Islands,,1998,11.337869,,0.622,
Faeroe Islands,,1998,11.337869,,0.83827734,
Faeroe Islands,,1998,11.337869,,0.688,
Faeroe Islands,,1998,11.337869,,0.382,
Faeroe Islands,,1998,11.337869,,0.478,
Faeroe Islands,,1998,11.337869,,0.6915652,
Faeroe Islands,,1998,11.337869,,0.496,
Faeroe Islands,,1998,11.337869,,0.43,
Faeroe Islands,,1998,11.337869,,0.829,
Faeroe Islands,,1999,22.297539,,0.609,
Faeroe Islands,,1999,22.297539,,0.594,
Faeroe Islands,,1999,22.297539,,0.7974899,
Faeroe Islands,,1999,22.297539,,0.676,
Faeroe Islands,,1999,22.297539,,0.8380795,
Faeroe Islands,,1999,22.297539,,0.628,
Faeroe Islands,,1999,22.297539,,0.84187406,
Faeroe Islands,,1999,22.297539,,0.692,
Faeroe Islands,,1999,22.297539,,0.39,
Faeroe Islands,,1999,22.297539,,0.48673937,
Faeroe Islands,,1999,22.297539,,0.485,
Faeroe Islands,,1999,22.297539,,0.69540364,
Faeroe Islands,,1999,22.297539,,0.503,
Faeroe Islands,,1999,22.297539,,0.433,
Faeroe Islands,,1999,22.297539,,0.832,
Faeroe Islands,,2000,32.9164,,0.4245854,
Faeroe Islands,,2000,32.9164,,0.615,
Faeroe Islands,,2000,32.9164,,0.569869,
Faeroe Islands,,2000,32.9164,,0.604,
Faeroe Islands,,2000,32.9164,,0.8080217,
Faeroe Islands,,2000,32.9164,,0.686,
Faeroe Islands,,2000,32.9164,,0.8433045,
Faeroe Islands,,2000,32.9164,,0.636,
Faeroe Islands,,2000,32.9164,,0.84814763,
Faeroe Islands,,2000,32.9164,,0.697,
Faeroe Islands,,2000,32.9164,,0.393,
Faeroe Islands,,2000,32.9164,,0.49990252,
Faeroe Islands,,2000,32.9164,,0.491,
Faeroe Islands,,2000,32.9164,,0.81713676,
Faeroe Islands,,2000,32.9164,,0.70062786,
Faeroe Islands,,2000,32.9164,,0.508,
Faeroe Islands,,2000,32.9164,,0.435,
Faeroe Islands,,2000,32.9164,,0.6285039,
Faeroe Islands,,2000,32.9164,,0.838,
Faeroe Islands,,2001,43.247,,0.4292593,
Faeroe Islands,,2001,43.247,,0.621,
Faeroe Islands,,2001,43.247,,0.5783103,
Faeroe Islands,,2001,43.247,,0.612,
Faeroe Islands,,2001,43.247,,0.81529015,
Faeroe Islands,,2001,43.247,,0.693,
Faeroe Islands,,2001,43.247,,0.84985864,
Faeroe Islands,,2001,43.247,,0.643,
Faeroe Islands,,2001,43.247,,0.8533231,
Faeroe Islands,,2001,43.247,,0.702,
Faeroe Islands,,2001,43.247,,0.401,
Faeroe Islands,,2001,43.247,,0.5078028,
Faeroe Islands,,2001,43.247,,0.5,
Faeroe Islands,,2001,43.247,,0.819591,
Faeroe Islands,,2001,43.247,,0.7054202,
Faeroe Islands,,2001,43.247,,0.517,
Faeroe Islands,,2001,43.247,,0.441,
Faeroe Islands,,2001,43.247,,0.63662523,
Faeroe Islands,,2001,43.247,,0.843,
Faeroe Islands,,2002,53.2992,,0.43494922,
Faeroe Islands,,2002,53.2992,,0.626,
Faeroe Islands,,2002,53.2992,,0.5859656,
Faeroe Islands,,2002,53.2992,,0.622,
Faeroe Islands,,2002,53.2992,,0.8208476,
Faeroe Islands,,2002,53.2992,,0.701,
Faeroe Islands,,2002,53.2992,,0.85488456,
Faeroe Islands,,2002,53.2992,,0.651,
Faeroe Islands,,2002,53.2992,,0.85723525,
Faeroe Islands,,2002,53.2992,,0.706,
Faeroe Islands,,2002,53.2992,,0.407,
Faeroe Islands,,2002,53.2992,,0.5139684,
Faeroe Islands,,2002,53.2992,,0.506,
Faeroe Islands,,2002,53.2992,,0.8224308,
Faeroe Islands,,2002,53.2992,,0.71004105,
Faeroe Islands,,2002,53.2992,,0.523,
Faeroe Islands,,2002,53.2992,,0.449,
Faeroe Islands,,2002,53.2992,,0.645688,
Faeroe Islands,,2002,53.2992,,0.847,
Faeroe Islands,,2003,58.9126,,0.44065332,
Faeroe Islands,,2003,58.9126,,0.63,
Faeroe Islands,,2003,58.9126,,0.5955544,
Faeroe Islands,,2003,58.9126,,0.632,
Faeroe Islands,,2003,58.9126,,0.8275237,
Faeroe Islands,,2003,58.9126,,0.709,
Faeroe Islands,,2003,58.9126,,0.85958296,
Faeroe Islands,,2003,58.9126,,0.659,
Faeroe Islands,,2003,58.9126,,0.8615973,
Faeroe Islands,,2003,58.9126,,0.711,
Faeroe Islands,,2003,58.9126,,0.414,
Faeroe Islands,,2003,58.9126,,0.5242137,
Faeroe Islands,,2003,58.9126,,0.516,
Faeroe Islands,,2003,58.9126,,0.8255375,
Faeroe Islands,,2003,58.9126,,0.7139729,
Faeroe Islands,,2003,58.9126,,0.535,
Faeroe Islands,,2003,58.9126,,0.457,
Faeroe Islands,,2003,58.9126,,0.65426606,
Faeroe Islands,,2003,58.9126,,0.852,
Faeroe Islands,,2004,66.5336,,0.44817433,
Faeroe Islands,,2004,66.5336,,0.638,
Faeroe Islands,,2004,66.5336,,0.6048904,
Faeroe Islands,,2004,66.5336,,0.641,
Faeroe Islands,,2004,66.5336,,0.83400583,
Faeroe Islands,,2004,66.5336,,0.716,
Faeroe Islands,,2004,66.5336,,0.8654416,
Faeroe Islands,,2004,66.5336,,0.666,
Faeroe Islands,,2004,66.5336,,0.8671708,
Faeroe Islands,,2004,66.5336,,0.717,
Faeroe Islands,,2004,66.5336,,0.424,
Faeroe Islands,,2004,66.5336,,0.533825,
Faeroe Islands,,2004,66.5336,,0.526,
Faeroe Islands,,2004,66.5336,,0.83012056,
Faeroe Islands,,2004,66.5336,,0.7216664,
Faeroe Islands,,2004,66.5336,,0.543,
Faeroe Islands,,2004,66.5336,,0.466,
Faeroe Islands,,2004,66.5336,,0.66330206,
Faeroe Islands,,2004,66.5336,,0.857,
Faeroe Islands,,2005,67.9026,,0.461668,
Faeroe Islands,,2005,67.9026,,0.645,
Faeroe Islands,,2005,67.9026,,0.61573684,
Faeroe Islands,,2005,67.9026,,0.652,
Faeroe Islands,,2005,67.9026,,0.84263706,
Faeroe Islands,,2005,67.9026,,0.72,
Faeroe Islands,,2005,67.9026,,0.8698894,
Faeroe Islands,,2005,67.9026,,0.675,
Faeroe Islands,,2005,67.9026,,0.87086254,
Faeroe Islands,,2005,67.9026,,0.723,
Faeroe Islands,,2005,67.9026,,0.433,
Faeroe Islands,,2005,67.9026,,0.34204078,
Faeroe Islands,,2005,67.9026,,0.5434632,
Faeroe Islands,,2005,67.9026,,0.535,
Faeroe Islands,,2005,67.9026,,0.8332466,
Faeroe Islands,,2005,67.9026,,0.80804354,
Faeroe Islands,,2005,67.9026,,0.727708,
Faeroe Islands,,2005,67.9026,,0.552,
Faeroe Islands,,2005,67.9026,,0.473,
Faeroe Islands,,2005,67.9026,,0.6755118,
Faeroe Islands,,2005,67.9026,,0.861,
Faeroe Islands,,2006,69.3594,,0.46813595,
Faeroe Islands,,2006,69.3594,,0.652,
Faeroe Islands,,2006,69.3594,,0.6248776,
Faeroe Islands,,2006,69.3594,,0.662,
Faeroe Islands,,2006,69.3594,,0.848911,
Faeroe Islands,,2006,69.3594,,0.728,
Faeroe Islands,,2006,69.3594,,0.87523013,
Faeroe Islands,,2006,69.3594,,0.683,
Faeroe Islands,,2006,69.3594,,0.87583596,
Faeroe Islands,,2006,69.3594,,0.729,
Faeroe Islands,,2006,69.3594,,0.442,
Faeroe Islands,,2006,69.3594,,0.35059604,
Faeroe Islands,,2006,69.3594,,0.55155903,
Faeroe Islands,,2006,69.3594,,0.543,
Faeroe Islands,,2006,69.3594,,0.8386846,
Faeroe Islands,,2006,69.3594,,0.8101854,
Faeroe Islands,,2006,69.3594,,0.73351294,
Faeroe Islands,,2006,69.3594,,0.561,
Faeroe Islands,,2006,69.3594,,0.481,
Faeroe Islands,,2006,69.3594,,0.6853619,
Faeroe Islands,,2006,69.3594,,0.866,
Faeroe Islands,,2007,75.98,,0.4750963,
Faeroe Islands,,2007,75.98,,0.658,
Faeroe Islands,,2007,75.98,,0.63415104,
Faeroe Islands,,2007,75.98,,0.673,
Faeroe Islands,,2007,75.98,,0.8548727,
Faeroe Islands,,2007,75.98,,0.736,
Faeroe Islands,,2007,75.98,,0.87925476,
Faeroe Islands,,2007,75.98,,0.692,
Faeroe Islands,,2007,75.98,,0.8802514,
Faeroe Islands,,2007,75.98,,0.736,
Faeroe Islands,,2007,75.98,,0.45,
Faeroe Islands,,2007,75.98,,0.3596332,
Faeroe Islands,,2007,75.98,,0.5593327,
Faeroe Islands,,2007,75.98,,0.551,
Faeroe Islands,,2007,75.98,,0.84200835,
Faeroe Islands,,2007,75.98,,0.8121299,
Faeroe Islands,,2007,75.98,,0.74158055,
Faeroe Islands,,2007,75.98,,0.569,
Faeroe Islands,,2007,75.98,,0.489,
Faeroe Islands,,2007,75.98,,0.6958714,
Faeroe Islands,,2007,75.98,,0.87,
Faeroe Islands,,2008,75.57,,0.49759457,
Faeroe Islands,,2008,75.57,,0.661,
Faeroe Islands,,2008,75.57,,0.64034575,
Faeroe Islands,,2008,75.57,,0.68,
Faeroe Islands,,2008,75.57,,0.8590917,
Faeroe Islands,,2008,75.57,,0.74,
Faeroe Islands,,2008,75.57,,0.88218033,
Faeroe Islands,,2008,75.57,,0.699,
Faeroe Islands,,2008,75.57,,0.8827478,
Faeroe Islands,,2008,75.57,,0.742,
Faeroe Islands,,2008,75.57,,0.457,
Faeroe Islands,,2008,75.57,,0.39877075,
Faeroe Islands,,2008,75.57,,0.56541926,
Faeroe Islands,,2008,75.57,,0.558,
Faeroe Islands,,2008,75.57,,0.8433985,
Faeroe Islands,,2008,75.57,,0.8153273,
Faeroe Islands,,2008,75.57,,0.7485009,
Faeroe Islands,,2008,75.57,,0.575,
Faeroe Islands,,2008,75.57,,0.497,
Faeroe Islands,,2008,75.57,,0.7032563,
Faeroe Islands,,2008,75.57,,0.872,
Faeroe Islands,,2009,75.18,,0.5021216,
Faeroe Islands,,2009,75.18,,0.666,
Faeroe Islands,,2009,75.18,,0.64756656,
Faeroe Islands,,2009,75.18,,0.69,
Faeroe Islands,,2009,75.18,,0.8599548,
Faeroe Islands,,2009,75.18,,0.742,
Faeroe Islands,,2009,75.18,,0.8833343,
Faeroe Islands,,2009,75.18,,0.706,
Faeroe Islands,,2009,75.18,,0.8837552,
Faeroe Islands,,2009,75.18,,0.743,
Faeroe Islands,,2009,75.18,,0.461,
Faeroe Islands,,2009,75.18,,0.402766,
Faeroe Islands,,2009,75.18,,0.5710855,
Faeroe Islands,,2009,75.18,,0.565,
Faeroe Islands,,2009,75.18,,0.8439207,
Faeroe Islands,,2009,75.18,,0.81803006,
Faeroe Islands,,2009,75.18,,0.7512326,
Faeroe Islands,,2009,75.18,,0.58,
Faeroe Islands,,2009,75.18,,0.503,
Faeroe Islands,,2009,75.18,,0.71126586,
Faeroe Islands,,2009,75.18,,0.874,
Faeroe Islands,,2010,75.2,,0.513888,
Faeroe Islands,,2010,75.2,,0.67,
Faeroe Islands,,2010,75.2,,0.65679175,
Faeroe Islands,,2010,75.2,,0.699,
Faeroe Islands,,2010,75.2,,0.8645471,
Faeroe Islands,,2010,75.2,,0.753,
Faeroe Islands,,2010,75.2,,0.8875532,
Faeroe Islands,,2010,75.2,,0.714,
Faeroe Islands,,2010,75.2,,0.88799495,
Faeroe Islands,,2010,75.2,,0.747,
Faeroe Islands,,2010,75.2,,0.467,
Faeroe Islands,,2010,75.2,,0.42096916,
Faeroe Islands,,2010,75.2,,0.57957613,
Faeroe Islands,,2010,75.2,,0.573,
Faeroe Islands,,2010,75.2,,0.84561443,
Faeroe Islands,,2010,75.2,,0.82062435,
Faeroe Islands,,2010,75.2,,0.75787014,
Faeroe Islands,,2010,75.2,,0.59,
Faeroe Islands,,2010,75.2,,0.51,
Faeroe Islands,,2010,75.2,,0.72018623,
Faeroe Islands,,2010,75.2,,0.879,
Faeroe Islands,,2011,80.7322,,0.52003187,
Faeroe Islands,,2011,80.7322,,0.672,
Faeroe Islands,,2011,80.7322,,0.66498727,
Faeroe Islands,,2011,80.7322,,0.706,
Faeroe Islands,,2011,80.7322,,0.87022907,
Faeroe Islands,,2011,80.7322,,0.761,
Faeroe Islands,,2011,80.7322,,0.89193636,
Faeroe Islands,,2011,80.7322,,0.72,
Faeroe Islands,,2011,80.7322,,0.8916487,
Faeroe Islands,,2011,80.7322,,0.753,
Faeroe Islands,,2011,80.7322,,0.471,
Faeroe Islands,,2011,80.7322,,0.4269735,
Faeroe Islands,,2011,80.7322,,0.5894755,
Faeroe Islands,,2011,80.7322,,0.584,
Faeroe Islands,,2011,80.7322,,0.8494359,
Faeroe Islands,,2011,80.7322,,0.8243534,
Faeroe Islands,,2011,80.7322,,0.7633919,
Faeroe Islands,,2011,80.7322,,0.601,
Faeroe Islands,,2011,80.7322,,0.517,
Faeroe Islands,,2011,80.7322,,0.7270223,
Faeroe Islands,,2011,80.7322,,0.883,
Faeroe Islands,,2012,85.3352,,0.5260907,
Faeroe Islands,,2012,85.3352,,0.68,
Faeroe Islands,,2012,85.3352,,0.67128,
Faeroe Islands,,2012,85.3352,,0.713,
Faeroe Islands,,2012,85.3352,,0.87196416,
Faeroe Islands,,2012,85.3352,,0.767,
Faeroe Islands,,2012,85.3352,,0.8927878,
Faeroe Islands,,2012,85.3352,,0.727,
Faeroe Islands,,2012,85.3352,,0.8941138,
Faeroe Islands,,2012,85.3352,,0.758,
Faeroe Islands,,2012,85.3352,,0.477,
Faeroe Islands,,2012,85.3352,,0.43000394,
Faeroe Islands,,2012,85.3352,,0.5956914,
Faeroe Islands,,2012,85.3352,,0.59,
Faeroe Islands,,2012,85.3352,,0.8532949,
Faeroe Islands,,2012,85.3352,,0.82798356,
Faeroe Islands,,2012,85.3352,,0.7674748,
Faeroe Islands,,2012,85.3352,,0.606,
Faeroe Islands,,2012,85.3352,,0.523,
Faeroe Islands,,2012,85.3352,,0.73412,
Faeroe Islands,,2012,85.3352,,0.886,
Faeroe Islands,,2013,90.0,,0.53123987,
Faeroe Islands,,2013,90.0,,0.683,
Faeroe Islands,,2013,90.0,,0.677284,
Faeroe Islands,,2013,90.0,,0.72,
Faeroe Islands,,2013,90.0,,0.87687457,
Faeroe Islands,,2013,90.0,,0.78,
Faeroe Islands,,2013,90.0,,0.8967906,
Faeroe Islands,,2013,90.0,,0.733,
Faeroe Islands,,2013,90.0,,0.8981406,
Faeroe Islands,,2013,90.0,,0.762,
Faeroe Islands,,2013,90.0,,0.482,
Faeroe Islands,,2013,90.0,,0.432075,
Faeroe Islands,,2013,90.0,,0.60151386,
Faeroe Islands,,2013,90.0,,0.595,
Faeroe Islands,,2013,90.0,,0.85496044,
Faeroe Islands,,2013,90.0,,0.8279558,
Faeroe Islands,,2013,90.0,,0.7731587,
Faeroe Islands,,2013,90.0,,0.611,
Faeroe Islands,,2013,90.0,,0.528,
Faeroe Islands,,2013,90.0,,0.7406829,
Faeroe Islands,,2013,90.0,,0.892,
Faeroe Islands,,2014,93.3,,0.5367227,
Faeroe Islands,,2014,93.3,,0.688,
Faeroe Islands,,2014,93.3,,0.68550044,
Faeroe Islands,,2014,93.3,,0.728,
Faeroe Islands,,2014,93.3,,0.87929887,
Faeroe Islands,,2014,93.3,,0.785,
Faeroe Islands,,2014,93.3,,0.8999237,
Faeroe Islands,,2014,93.3,,0.739,
Faeroe Islands,,2014,93.3,,0.90055966,
Faeroe Islands,,2014,93.3,,0.765,
Faeroe Islands,,2014,93.3,,0.488,
Faeroe Islands,,2014,93.3,,0.43649974,
Faeroe Islands,,2014,93.3,,0.60980934,
Faeroe Islands,,2014,93.3,,0.604,
Faeroe Islands,,2014,93.3,,0.85716856,
Faeroe Islands,,2014,93.3,,0.8310525,
Faeroe Islands,,2014,93.3,,0.7760436,
Faeroe Islands,,2014,93.3,,0.62,
Faeroe Islands,,2014,93.3,,0.534,
Faeroe Islands,,2014,93.3,,0.7478326,
Faeroe Islands,,2014,93.3,,0.895,
Faeroe Islands,,2015,94.2,,0.5425902,
Faeroe Islands,,2015,94.2,,0.693,
Faeroe Islands,,2015,94.2,,0.6922845,
Faeroe Islands,,2015,94.2,,0.735,
Faeroe Islands,,2015,94.2,,0.88032347,
Faeroe Islands,,2015,94.2,,0.789,
Faeroe Islands,,2015,94.2,,0.9017791,
Faeroe Islands,,2015,94.2,,0.744,
Faeroe Islands,,2015,94.2,,0.9027572,
Faeroe Islands,,2015,94.2,,0.767,
Faeroe Islands,,2015,94.2,,0.491,
Faeroe Islands,,2015,94.2,,0.43883622,
Faeroe Islands,,2015,94.2,,0.6173714,
Faeroe Islands,,2015,94.2,,0.611,
Faeroe Islands,,2015,94.2,,0.8591236,
Faeroe Islands,,2015,94.2,,0.8333656,
Faeroe Islands,,2015,94.2,,0.7772507,
Faeroe Islands,,2015,94.2,,0.627,
Faeroe Islands,,2015,94.2,,0.54,
Faeroe Islands,,2015,94.2,,0.7533915,
Faeroe Islands,,2015,94.2,,0.898,
Faeroe Islands,,2016,95.1087,,0.5466387,
Faeroe Islands,,2016,95.1087,,0.698,
Faeroe Islands,,2016,95.1087,,0.6996885,
Faeroe Islands,,2016,95.1087,,0.742,
Faeroe Islands,,2016,95.1087,,0.8832819,
Faeroe Islands,,2016,95.1087,,0.793,
Faeroe Islands,,2016,95.1087,,0.9050324,
Faeroe Islands,,2016,95.1087,,0.749,
Faeroe Islands,,2016,95.1087,,0.90514636,
Faeroe Islands,,2016,95.1087,,0.769,
Faeroe Islands,,2016,95.1087,,0.497,
Faeroe Islands,,2016,95.1087,,0.4427982,
Faeroe Islands,,2016,95.1087,,0.62547666,
Faeroe Islands,,2016,95.1087,,0.62,
Faeroe Islands,,2016,95.1087,,0.86142576,
Faeroe Islands,,2016,95.1087,,0.83567315,
Faeroe Islands,,2016,95.1087,,0.7784721,
Faeroe Islands,,2016,95.1087,,0.637,
Faeroe Islands,,2016,95.1087,,0.543,
Faeroe Islands,,2016,95.1087,,0.7588624,
Faeroe Islands,,2016,95.1087,,0.9,
Faeroe Islands,,2017,97.582,,0.5504002,
Faeroe Islands,,2017,97.582,,0.702,
Faeroe Islands,,2017,97.582,,0.7046988,
Faeroe Islands,,2017,97.582,,0.749,
Faeroe Islands,,2017,97.582,,0.8861951,
Faeroe Islands,,2017,97.582,,0.8,
Faeroe Islands,,2017,97.582,,0.9075523,
Faeroe Islands,,2017,97.582,,0.754,
Faeroe Islands,,2017,97.582,,0.90792,
Faeroe Islands,,2017,97.582,,0.772,
Faeroe Islands,,2017,97.582,,0.5,
Faeroe Islands,,2017,97.582,,0.44619104,
Faeroe Islands,,2017,97.582,,0.62979513,
Faeroe Islands,,2017,97.582,,0.624,
Faeroe Islands,,2017,97.582,,0.8636879,
Faeroe Islands,,2017,97.582,,0.83694863,
Faeroe Islands,,2017,97.582,,0.7811188,
Faeroe Islands,,2017,97.582,,0.641,
Faeroe Islands,,2017,97.582,,0.546,
Faeroe Islands,,2017,97.582,,0.7643767,
Faeroe Islands,,2017,97.582,,0.903,
Fiji,FJI,1990,0.0,,0.629,Oceania
Fiji,FJI,1991,0.0,,0.633,Oceania
Fiji,FJI,1992,0.0,,0.637,Oceania
Fiji,FJI,1993,0.006678447,,0.642,Oceania
Fiji,FJI,1994,0.007907399,,0.648,Oceania
Fiji,FJI,1995,0.009115343,,0.653,Oceania
Fiji,FJI,1996,0.06443714,,0.657,Oceania
Fiji,FJI,1997,0.22345485,,0.658,Oceania
Fiji,FJI,1998,0.63316786,,0.66,Oceania
Fiji,FJI,1999,0.9424621,,0.667,Oceania
Fiji,FJI,2000,1.49685,,0.668,Oceania
Fiji,FJI,2001,1.85798,,0.67,Oceania
Fiji,FJI,2002,6.15265,,0.67,Oceania
Fiji,FJI,2003,6.72543,,0.673,Oceania
Fiji,FJI,2004,7.41294,,0.679,Oceania
Fiji,FJI,2005,8.45364,,0.681,Oceania
Fiji,FJI,2006,9.60004,,0.684,Oceania
Fiji,FJI,2007,10.8978,,0.686,Oceania
Fiji,FJI,2008,13.0,,0.69,Oceania
Fiji,FJI,2009,17.0,,0.693,Oceania
Fiji,FJI,2010,20.0,,0.697,Oceania
Fiji,FJI,2011,28.0,,0.701,Oceania
Fiji,FJI,2012,33.7424,,0.698,Oceania
Fiji,FJI,2013,35.2,,0.708,Oceania
Fiji,FJI,2014,37.4,,0.712,Oceania
Fiji,FJI,2015,42.5,,0.715,Oceania
Fiji,FJI,2016,49.42,,0.719,Oceania
Fiji,FJI,2017,65.78,,0.725,Oceania
Fiji,FJI,2018,68.9,,0.728,Oceania
Fiji,FJI,2019,77.1867,,0.727,Oceania
Fiji,FJI,2020,83.0267,,0.718,Oceania
Fiji,FJI,2021,81.9,,0.705,Oceania
Fiji,FJI,2022,85.2199,,0.726,Oceania
Finland,FIN,1990,0.40108767,37.359497,0.823,Europe
Finland,FIN,1991,1.3974394,36.757362,0.827,Europe
Finland,FIN,1992,1.8868798,38.044975,0.833,Europe
Finland,FIN,1993,2.5684614,40.297012,0.838,Europe
Finland,FIN,1994,4.9150987,43.175785,0.85,Europe
Finland,FIN,1995,13.900304,47.177303,0.856,Europe
Finland,FIN,1996,16.780075,46.399403,0.863,Europe
Finland,FIN,1997,19.458683,48.937263,0.871,Europe
Finland,FIN,1998,25.452524,51.990208,0.88,Europe
Finland,FIN,1999,32.295094,53.481224,0.889,Europe
Finland,FIN,2000,37.2485,55.383022,0.898,Europe
Finland,FIN,2001,43.1054,55.84865,0.908,Europe
Finland,FIN,2002,62.43,55.7608,0.912,Europe
Finland,FIN,2003,69.22,56.082157,0.915,Europe
Finland,FIN,2004,72.39,58.53743,0.911,Europe
Finland,FIN,2005,74.48,60.606853,0.914,Europe
Finland,FIN,2006,79.66,60.5608,0.917,Europe
Finland,FIN,2007,80.78,64.30976,0.92,Europe
Finland,FIN,2008,83.67,65.480774,0.921,Europe
Finland,FIN,2009,82.49,62.864017,0.916,Europe
Finland,FIN,2010,86.89,64.69934,0.92,Europe
Finland,FIN,2011,88.71,66.40329,0.924,Europe
Finland,FIN,2012,89.88,65.64078,0.924,Europe
Finland,FIN,2013,91.5144,63.076878,0.934,Europe
Finland,FIN,2014,86.5304,63.709225,0.936,Europe
Finland,FIN,2015,86.4221,64.56952,0.938,Europe
Finland,FIN,2016,87.7036,65.81687,0.94,Europe
Finland,FIN,2017,87.4689,67.742004,0.942,Europe
Finland,FIN,2018,88.89,66.70301,0.945,Europe
Finland,FIN,2019,89.6074,69.871284,0.947,Europe
Finland,FIN,2020,92.1703,71.64948,0.947,Europe
Finland,FIN,2021,92.8081,72.21261,0.949,Europe
Finland,FIN,2022,92.9888,70.495186,0.946,Europe
Finland,FIN,2023,93.5139,69.63438,0.948,Europe
France,FRA,1990,0.05277786,45.47389,0.798,Europe
France,FRA,1991,0.14011389,45.883667,0.807,Europe
France,FRA,1992,0.27904946,47.14731,0.814,Europe
France,FRA,1993,0.5906194,47.99465,0.818,Europe
France,FRA,1994,0.8998674,48.85685,0.832,Europe
France,FRA,1995,1.6379472,50.27979,0.837,Europe
France,FRA,1996,2.584034,51.13975,0.842,Europe
France,FRA,1997,4.255004,53.63146,0.847,Europe
France,FRA,1998,6.319779,55.73289,0.851,Europe
France,FRA,1999,9.125318,56.734753,0.856,Europe
France,FRA,2000,14.3079,59.59324,0.852,Europe
France,FRA,2001,26.3259,61.51625,0.855,Europe
France,FRA,2002,30.18,63.588486,0.858,Europe
France,FRA,2003,36.14,60.832603,0.862,Europe
France,FRA,2004,39.15,61.278027,0.869,Europe
France,FRA,2005,42.87,63.988853,0.877,Europe
France,FRA,2006,46.87,65.12917,0.881,Europe
France,FRA,2007,66.09,66.86444,0.884,Europe
France,FRA,2008,70.68,67.040504,0.884,Europe
France,FRA,2009,71.58,66.91059,0.883,Europe
France,FRA,2010,77.28,68.51237,0.888,Europe
France,FRA,2011,77.82,70.49767,0.892,Europe
France,FRA,2012,81.44,71.08738,0.893,Europe
France,FRA,2013,81.9198,70.648125,0.896,Europe
France,FRA,2014,83.7511,71.26861,0.9,Europe
France,FRA,2015,78.006,72.26746,0.901,Europe
France,FRA,2016,79.2698,72.82366,0.905,Europe
France,FRA,2017,80.5025,74.38966,0.908,Europe
France,FRA,2018,82.0432,74.25583,0.911,Europe
France,FRA,2019,83.3397,80.23372,0.914,Europe
France,FRA,2020,84.7064,81.77437,0.909,Europe
France,FRA,2021,86.0955,78.91601,0.915,Europe
France,FRA,2022,85.3333,77.588234,0.916,Europe
France,FRA,2023,86.8364,77.668205,0.92,Europe
French Polynesia,PYF,1990,0.0,,,Oceania
French Polynesia,PYF,1991,0.0,,,Oceania
French Polynesia,PYF,1992,0.0,,,Oceania
French Polynesia,PYF,1993,0.0,,,Oceania
French Polynesia,PYF,1994,0.0,,,Oceania
French Polynesia,PYF,1995,0.0,,,Oceania
French Polynesia,PYF,1996,0.09097195,,,Oceania
French Polynesia,PYF,1997,0.21438526,,,Oceania
French Polynesia,PYF,1998,1.3161647,,,Oceania
French Polynesia,PYF,1999,3.4489002,,,Oceania
French Polynesia,PYF,2000,6.35706,,,Oceania
French Polynesia,PYF,2001,6.25159,,,Oceania
French Polynesia,PYF,2002,8.20022,,,Oceania
French Polynesia,PYF,2003,14.1243,,,Oceania
French Polynesia,PYF,2004,17.8845,,,Oceania
French Polynesia,PYF,2005,21.5422,,,Oceania
French Polynesia,PYF,2006,25.108,,,Oceania
French Polynesia,PYF,2007,28.59,,,Oceania
French Polynesia,PYF,2008,33.87,,,Oceania
French Polynesia,PYF,2009,44.6,,,Oceania
French Polynesia,PYF,2010,49.0,,,Oceania
French Polynesia,PYF,2011,49.0,,,Oceania
French Polynesia,PYF,2012,52.8766,,,Oceania
French Polynesia,PYF,2013,56.8,,,Oceania
French Polynesia,PYF,2014,60.68,,,Oceania
French Polynesia,PYF,2015,64.5602,,,Oceania
French Polynesia,PYF,2016,68.4404,,,Oceania
French Polynesia,PYF,2017,72.7039,,,Oceania
Gabon,GAB,1990,0.0,,0.621,Africa
Gabon,GAB,1991,0.0,,0.627,Africa
Gabon,GAB,1992,0.0,,0.628,Africa
Gabon,GAB,1993,0.0,,0.631,Africa
Gabon,GAB,1994,0.0,,0.636,Africa
Gabon,GAB,1995,0.0,,0.64,Africa
Gabon,GAB,1996,0.0,,0.644,Africa
Gabon,GAB,1997,0.04799901,,0.648,Africa
Gabon,GAB,1998,0.17012487,,0.654,Africa
Gabon,GAB,1999,0.24900956,,0.653,Africa
Gabon,GAB,2000,1.21614,,0.652,Africa
Gabon,GAB,2001,1.34762,,0.657,Africa
Gabon,GAB,2002,1.93953,,0.661,Africa
Gabon,GAB,2003,2.65959,,0.664,Africa
Gabon,GAB,2004,2.97907,,0.665,Africa
Gabon,GAB,2005,4.89326,30.73309,0.671,Africa
Gabon,GAB,2006,5.4892,29.156263,0.67,Africa
Gabon,GAB,2007,5.767,30.19786,0.674,Africa
Gabon,GAB,2008,7.5,35.270332,0.675,Africa
Gabon,GAB,2009,9.5,22.21868,0.681,Africa
Gabon,GAB,2010,13.0,25.480875,0.684,Africa
Gabon,GAB,2011,18.0,34.33747,0.69,Africa
Gabon,GAB,2012,24.0,30.204332,0.699,Africa
Gabon,GAB,2013,30.538,30.581564,0.707,Africa
Gabon,GAB,2014,38.0712,30.14725,0.716,Africa
Gabon,GAB,2015,45.7845,28.519707,0.72,Africa
Gabon,GAB,2016,48.0523,27.675024,0.724,Africa
Gabon,GAB,2017,50.3201,27.83088,0.726,Africa
Gabon,GAB,2018,59.6,28.109964,0.727,Africa
Gabon,GAB,2019,68.6855,29.801157,0.73,Africa
Gabon,GAB,2020,72.2754,32.62525,0.732,Africa
Gabon,GAB,2021,73.1414,35.11949,0.72,Africa
Gabon,GAB,2022,73.6951,35.19077,0.73,Africa
Gambia,GMB,1990,0.0,,0.331,Africa
Gambia,GMB,1991,0.0,,0.339,Africa
Gambia,GMB,1992,0.0,,0.347,Africa
Gambia,GMB,1993,0.0,,0.355,Africa
Gambia,GMB,1994,0.0,,0.362,Africa
Gambia,GMB,1995,0.009217541,,0.37,Africa
Gambia,GMB,1996,0.03550736,,0.377,Africa
Gambia,GMB,1997,0.051311348,,0.381,Africa
Gambia,GMB,1998,0.20609446,,0.389,Africa
Gambia,GMB,1999,0.715827,,0.396,Africa
Gambia,GMB,2000,0.921795,,0.403,Africa
Gambia,GMB,2001,1.33679,,0.41,Africa
Gambia,GMB,2002,1.79678,,0.415,Africa
Gambia,GMB,2003,2.43678,,0.422,Africa
Gambia,GMB,2004,3.308,,0.432,Africa
Gambia,GMB,2005,3.799,,0.436,Africa
Gambia,GMB,2006,5.23769,,0.441,Africa
Gambia,GMB,2007,6.20504,,0.447,Africa
Gambia,GMB,2008,6.88,,0.455,Africa
Gambia,GMB,2009,7.63,,0.459,Africa
Gambia,GMB,2010,9.2,,0.463,Africa
Gambia,GMB,2011,10.8703,,0.463,Africa
Gambia,GMB,2012,12.4492,,0.469,Africa
Gambia,GMB,2013,14.0,,0.474,Africa
Gambia,GMB,2014,15.56,,0.477,Africa
Gambia,GMB,2015,17.6,,0.482,Africa
Gambia,GMB,2016,19.9,,0.487,Africa
Gambia,GMB,2017,22.5,,0.493,Africa
Gambia,GMB,2018,28.3,,0.5,Africa
Gambia,GMB,2019,35.6,,0.508,Africa
Gambia,GMB,2020,44.8133,,0.512,Africa
Gambia,GMB,2021,49.6646,,0.513,Africa
Gambia,GMB,2022,54.1899,,0.519,Africa
Georgia,GEO,1990,0.0,,,Asia
Georgia,GEO,1991,0.0,,,Asia
Georgia,GEO,1992,0.0,,,Asia
Georgia,GEO,1993,0.0,,,Asia
Georgia,GEO,1994,0.0,,,Asia
Georgia,GEO,1995,0.011836885,,,Asia
Georgia,GEO,1996,0.04006542,,,Asia
Georgia,GEO,1997,0.060930334,,,Asia
Georgia,GEO,1998,0.102830954,,,Asia
Georgia,GEO,1999,0.41634357,,,Asia
Georgia,GEO,2000,0.484746,,0.705,Asia
Georgia,GEO,2001,0.992344,,0.712,Asia
Georgia,GEO,2002,1.58788,,0.719,Asia
Georgia,GEO,2003,2.55882,,0.733,Asia
Georgia,GEO,2004,3.88622,,0.737,Asia
Georgia,GEO,2005,6.07946,14.98912,0.744,Asia
Georgia,GEO,2006,7.52688,18.32415,0.75,Asia
Georgia,GEO,2007,8.26,21.1719,0.76,Asia
Georgia,GEO,2008,10.01,22.156137,0.757,Asia
Georgia,GEO,2009,20.07,22.791471,0.76,Asia
Georgia,GEO,2010,26.9,24.147573,0.77,Asia
Georgia,GEO,2011,31.52,26.242535,0.78,Asia
Georgia,GEO,2012,36.94,27.073835,0.789,Asia
Georgia,GEO,2013,43.3,28.00136,0.796,Asia
Georgia,GEO,2014,49.1025,28.779175,0.802,Asia
Georgia,GEO,2015,47.5698,30.09388,0.807,Asia
Georgia,GEO,2016,58.4593,32.191864,0.809,Asia
Georgia,GEO,2017,59.7055,35.574593,0.816,Asia
Georgia,GEO,2018,62.7179,34.644398,0.824,Asia
Georgia,GEO,2019,68.8467,38.052338,0.83,Asia
Georgia,GEO,2020,72.5316,41.4111,0.822,Asia
Georgia,GEO,2021,76.4427,43.231712,0.819,Asia
Georgia,GEO,2022,78.7113,44.70829,0.838,Asia
Georgia,GEO,2023,81.8842,46.887165,0.844,Asia
Germany,DEU,1990,0.12589222,39.499382,0.834,Europe
Germany,DEU,1991,0.25027415,43.37597,0.841,Europe
Germany,DEU,1992,0.4352853,45.187477,0.849,Europe
Germany,DEU,1993,0.4636351,47.030697,0.859,Europe
Germany,DEU,1994,0.922541,49.049942,0.865,Europe
Germany,DEU,1995,1.8377378,50.687958,0.87,Europe
Germany,DEU,1996,3.0548053,51.823856,0.875,Europe
Germany,DEU,1997,6.7110877,53.603516,0.881,Europe
Germany,DEU,1998,9.877852,54.964676,0.887,Europe
Germany,DEU,1999,20.845984,57.002277,0.892,Europe
Germany,DEU,2000,30.2163,58.083973,0.897,Europe
Germany,DEU,2001,31.6509,59.583893,0.904,Europe
Germany,DEU,2002,48.82,60.345882,0.909,Europe
Germany,DEU,2003,55.9,62.53588,0.914,Europe
Germany,DEU,2004,64.73,63.894978,0.923,Europe
Germany,DEU,2005,68.71,67.481415,0.923,Europe
Germany,DEU,2006,72.16,67.91674,0.927,Europe
Germany,DEU,2007,75.16,70.65134,0.931,Europe
Germany,DEU,2008,78.0,71.66557,0.933,Europe
Germany,DEU,2009,79.0,68.88706,0.933,Europe
Germany,DEU,2010,82.0,70.99874,0.936,Europe
Germany,DEU,2011,81.27,74.035706,0.942,Europe
Germany,DEU,2012,82.35,73.76013,0.944,Europe
Germany,DEU,2013,84.17,73.892365,0.945,Europe
Germany,DEU,2014,86.1937,75.67106,0.949,Europe
Germany,DEU,2015,87.5898,74.099724,0.948,Europe
Germany,DEU,2016,84.1652,76.02909,0.949,Europe
Germany,DEU,2017,84.3942,78.19524,0.951,Europe
Germany,DEU,2018,87.0371,78.59967,0.952,Europe
Germany,DEU,2019,88.1345,81.118675,0.957,Europe
Germany,DEU,2020,89.8129,82.04048,0.955,Europe
Germany,DEU,2021,91.4306,82.90917,0.958,Europe
Germany,DEU,2022,91.6298,82.74721,0.955,Europe
Germany,DEU,2023,92.4764,82.501175,0.959,Europe
Ghana,GHA,1990,0.0,,0.432,Africa
Ghana,GHA,1991,0.0,,0.438,Africa
Ghana,GHA,1992,0.0,,0.444,Africa
Ghana,GHA,1993,0.0,,0.45,Africa
Ghana,GHA,1994,0.0,,0.453,Africa
Ghana,GHA,1995,0.000347918,,0.459,Africa
Ghana,GHA,1996,0.005648763,,0.465,Africa
Ghana,GHA,1997,0.027537541,,0.469,Africa
Ghana,GHA,1998,0.032240443,,0.475,Africa
Ghana,GHA,1999,0.104895465,,0.48,Africa
Ghana,GHA,2000,0.153615,,0.487,Africa
Ghana,GHA,2001,0.200008,,0.486,Africa
Ghana,GHA,2002,0.830284,,0.493,Africa
Ghana,GHA,2003,1.19306,,0.495,Africa
Ghana,GHA,2004,1.7168,,0.503,Africa
Ghana,GHA,2005,1.8312,5.511845,0.515,Africa
Ghana,GHA,2006,2.72318,5.4192886,0.524,Africa
Ghana,GHA,2007,3.85,6.3293066,0.534,Africa
Ghana,GHA,2008,4.27,6.8371067,0.546,Africa
Ghana,GHA,2009,5.44,6.3728943,0.551,Africa
Ghana,GHA,2010,7.8,6.7201314,0.558,Africa
Ghana,GHA,2011,9.0,7.0698495,0.568,Africa
Ghana,GHA,2012,10.6,7.638496,0.575,Africa
Ghana,GHA,2013,15.0,7.875678,0.582,Africa
Ghana,GHA,2014,19.0,8.687737,0.58,Africa
Ghana,GHA,2015,23.0,8.222179,0.588,Africa
Ghana,GHA,2016,28.0,7.9721875,0.59,Africa
Ghana,GHA,2017,37.8842,7.9013696,0.594,Africa
Ghana,GHA,2018,43.0,8.082425,0.6,Africa
Ghana,GHA,2019,22.0732,8.805693,0.609,Africa
Ghana,GHA,2020,62.5176,9.150618,0.614,Africa
Ghana,GHA,2021,68.6,9.427308,0.618,Africa
Ghana,GHA,2022,69.8405,9.90034,0.625,Africa
Gibraltar,GIB,1990,0.0,,,Europe
Gibraltar,GIB,1991,0.0,,,Europe
Gibraltar,GIB,1992,0.0,,,Europe
Gibraltar,GIB,1993,0.0,,,Europe
Gibraltar,GIB,1994,0.0,,,Europe
Gibraltar,GIB,1995,0.0,,,Europe
Gibraltar,GIB,1997,2.6629074,,,Europe
Gibraltar,GIB,1998,4.1837945,,,Europe
Gibraltar,GIB,1999,5.9369783,,,Europe
Gibraltar,GIB,2000,19.1316,,,Europe
Gibraltar,GIB,2001,21.1711,,,Europe
Gibraltar,GIB,2002,23.6702,,,Europe
Gibraltar,GIB,2003,28.3258,,,Europe
Gibraltar,GIB,2004,32.8861,,,Europe
Gibraltar,GIB,2005,39.0701,,,Europe
Gibraltar,GIB,2006,45.2986,,,Europe
Gibraltar,GIB,2007,51.61,,,Europe
Gibraltar,GIB,2008,58.0,,,Europe
Gibraltar,GIB,2009,65.07,,,Europe
Gibraltar,GIB,2010,65.0,,,Europe
Gibraltar,GIB,2011,65.0,,,Europe
Gibraltar,GIB,2012,65.017,,,Europe
Gibraltar,GIB,2016,94.4445,,,Europe
Greece,GRC,1990,0.0,24.409918,0.77,Europe
Greece,GRC,1991,0.048788805,26.291782,0.78,Europe
Greece,GRC,1992,0.0482916,26.124716,0.782,Europe
Greece,GRC,1993,0.19106224,26.389612,0.784,Europe
Greece,GRC,1994,0.3781743,27.799145,0.79,Europe
Greece,GRC,1995,0.7496165,28.889275,0.792,Europe
Greece,GRC,1996,1.3953608,29.564573,0.796,Europe
Greece,GRC,1997,1.8496346,32.091225,0.803,Europe
Greece,GRC,1998,3.2218218,31.931044,0.813,Europe
Greece,GRC,1999,6.877292,32.5649,0.816,Europe
Greece,GRC,2000,9.13884,34.14118,0.828,Europe
Greece,GRC,2001,10.935,36.395542,0.837,Europe
Greece,GRC,2002,14.67,38.017967,0.836,Europe
Greece,GRC,2003,17.8,36.920322,0.842,Europe
Greece,GRC,2004,21.42,37.68432,0.851,Europe
Greece,GRC,2005,24.0,35.795254,0.863,Europe
Greece,GRC,2006,32.25,38.030193,0.871,Europe
Greece,GRC,2007,35.88,38.440254,0.866,Europe
Greece,GRC,2008,38.2,39.811615,0.871,Europe
Greece,GRC,2009,42.4,39.698597,0.874,Europe
Greece,GRC,2010,44.4,39.88448,0.876,Europe
Greece,GRC,2011,51.65,36.30221,0.874,Europe
Greece,GRC,2012,55.07,34.935993,0.874,Europe
Greece,GRC,2013,59.8663,34.78587,0.879,Europe
Greece,GRC,2014,63.2073,34.229015,0.886,Europe
Greece,GRC,2015,66.835,35.89035,0.888,Europe
Greece,GRC,2016,69.0879,34.110714,0.884,Europe
Greece,GRC,2017,69.893,34.763412,0.887,Europe
Greece,GRC,2018,72.2384,32.844246,0.893,Europe
Greece,GRC,2019,75.6712,35.219307,0.896,Europe
Greece,GRC,2020,78.1158,35.598457,0.896,Europe
Greece,GRC,2021,78.4943,35.341057,0.897,Europe
Greece,GRC,2022,83.1707,37.005333,0.897,Europe
Greece,GRC,2023,85.0102,37.6641,0.908,Europe
Greenland,GRL,1990,0.0,,,Americas
Greenland,GRL,1991,0.0,,,Americas
Greenland,GRL,1992,0.0,,,Americas
Greenland,GRL,1993,0.0,,,Americas
Greenland,GRL,1994,0.06471212,,,Americas
Greenland,GRL,1995,0.05394034,,,Americas
Greenland,GRL,1996,1.7967192,,,Americas
Greenland,GRL,1997,7.9545045,,,Americas
Greenland,GRL,1998,14.654448,,,Americas
Greenland,GRL,1999,21.602613,,,Americas
Greenland,GRL,2000,31.7478,,,Americas
Greenland,GRL,2001,35.4641,,,Americas
Greenland,GRL,2002,44.1548,,,Americas
Greenland,GRL,2003,54.5343,,,Americas
Greenland,GRL,2004,56.099,,,Americas
Greenland,GRL,2005,57.7034,,,Americas
Greenland,GRL,2006,59.3617,,,Americas
Greenland,GRL,2007,61.07,,,Americas
Greenland,GRL,2008,62.82,,,Americas
Greenland,GRL,2009,62.83,,,Americas
Greenland,GRL,2010,63.0,,,Americas
Greenland,GRL,2011,64.0,,,Americas
Greenland,GRL,2012,64.896,,,Americas
Greenland,GRL,2013,65.8,,,Americas
Greenland,GRL,2014,66.7,,,Americas
Greenland,GRL,2015,67.6004,,,Americas
Greenland,GRL,2016,68.5009,,,Americas
Greenland,GRL,2017,69.4825,,,Americas
Grenada,GRD,1960,0.0,,,Americas
Grenada,GRD,1965,0.0,,,Americas
Grenada,GRD,1970,0.0,,,Americas
Grenada,GRD,1975,0.0,,,Americas
Grenada,GRD,1976,0.0,,,Americas
Grenada,GRD,1977,0.0,,,Americas
Grenada,GRD,1978,0.0,,,Americas
Grenada,GRD,1979,0.0,,,Americas
Grenada,GRD,1980,0.0,,,Americas
Grenada,GRD,1981,0.0,,,Americas
Grenada,GRD,1982,0.0,,,Americas
Grenada,GRD,1983,0.0,,,Americas
Grenada,GRD,1984,0.0,,,Americas
Grenada,GRD,1985,0.0,,,Americas
Grenada,GRD,1986,0.0,,,Americas
Grenada,GRD,1987,0.0,,,Americas
Grenada,GRD,1988,0.0,,,Americas
Grenada,GRD,1989,0.0,,,Americas
Grenada,GRD,1990,0.0,,,Americas
Grenada,GRD,1991,0.0,,,Americas
Grenada,GRD,1992,0.0,,,Americas
Grenada,GRD,1993,0.0,,,Americas
Grenada,GRD,1994,0.0,,,Americas
Grenada,GRD,1995,0.0,,,Americas
Grenada,GRD,1996,0.29803297,,,Americas
Grenada,GRD,1997,0.9908839,,,Americas
Grenada,GRD,1998,1.4848545,,,Americas
Grenada,GRD,1999,2.4731662,,,Americas
Grenada,GRD,2000,4.06391,,,Americas
Grenada,GRD,2001,5.1281,,,Americas
Grenada,GRD,2002,14.7588,,0.744,Americas
Grenada,GRD,2003,18.6452,,0.751,Americas
Grenada,GRD,2004,19.5706,,0.746,Americas
Grenada,GRD,2005,20.4878,,0.764,Americas
Grenada,GRD,2006,21.396,,0.764,Americas
Grenada,GRD,2007,22.29,,0.768,Americas
Grenada,GRD,2008,23.18,,0.771,Americas
Grenada,GRD,2009,24.05,,0.767,Americas
Grenada,GRD,2010,27.0,,0.771,Americas
Grenada,GRD,2011,30.0,,0.773,Americas
Grenada,GRD,2012,32.0,,0.774,Americas
Grenada,GRD,2013,35.0,,0.777,Americas
Grenada,GRD,2014,51.6,,0.779,Americas
Grenada,GRD,2015,52.5,,0.782,Americas
Grenada,GRD,2016,53.3,,0.784,Americas
Grenada,GRD,2017,54.2,,0.784,Americas
Grenada,GRD,2018,61.4,,0.788,Americas
Grenada,GRD,2019,69.6122,,0.789,Americas
Grenada,GRD,2020,73.2676,,0.782,Americas
Grenada,GRD,2021,71.1154,,0.782,Americas
Grenada,GRD,2022,79.8955,,0.789,Americas
Guam,GUM,1990,0.0,,,Oceania
Guam,GUM,1991,0.0,,,Oceania
Guam,GUM,1992,0.0,,,Oceania
Guam,GUM,1993,0.0,,,Oceania
Guam,GUM,1994,0.3484539,,,Oceania
Guam,GUM,1995,0.65953094,,,Oceania
Guam,GUM,1996,1.3561069,,,Oceania
Guam,GUM,1997,2.3445716,,,Oceania
Guam,GUM,1998,4.501284,,,Oceania
Guam,GUM,1999,8.497176,,,Oceania
Guam,GUM,2000,16.1131,,,Oceania
Guam,GUM,2001,25.3802,,,Oceania
Guam,GUM,2002,31.1923,,,Oceania
Guam,GUM,2003,33.7167,,,Oceania
Guam,GUM,2004,36.1618,,,Oceania
Guam,GUM,2005,38.5599,,,Oceania
Guam,GUM,2006,43.8514,,,Oceania
Guam,GUM,2007,46.1505,,,Oceania
Guam,GUM,2008,48.4187,,,Oceania
Guam,GUM,2009,50.642,,,Oceania
Guam,GUM,2010,54.04,,,Oceania
Guam,GUM,2011,57.7,,,Oceania
Guam,GUM,2012,61.5342,,,Oceania
Guam,GUM,2013,65.4,,,Oceania
Guam,GUM,2014,69.27,,,Oceania
Guam,GUM,2015,73.14,,,Oceania
Guam,GUM,2016,77.01,,,Oceania
Guam,GUM,2017,80.5055,,,Oceania
Guatemala,GTM,1990,0.0,,0.499,Americas
Guatemala,GTM,1991,0.0,,0.503,Americas
Guatemala,GTM,1992,0.0,,0.506,Americas
Guatemala,GTM,1993,0.0,,0.51,Americas
Guatemala,GTM,1994,0.0,,0.515,Americas
Guatemala,GTM,1995,0.002998005,,0.522,Americas
Guatemala,GTM,1996,0.019534871,,0.53,Americas
Guatemala,GTM,1997,0.095476024,,0.539,Americas
Guatemala,GTM,1998,0.46659043,,0.548,Americas
Guatemala,GTM,1999,0.5926529,,0.556,Americas
Guatemala,GTM,2000,0.712333,,0.563,Americas
Guatemala,GTM,2001,1.7382,,0.567,Americas
Guatemala,GTM,2002,3.39175,,0.572,Americas
Guatemala,GTM,2003,4.54885,,0.577,Americas
Guatemala,GTM,2004,5.1,,0.58,Americas
Guatemala,GTM,2005,5.7,8.8409,0.583,Americas
Guatemala,GTM,2006,6.5,9.141973,0.59,Americas
Guatemala,GTM,2007,7.3,9.640011,0.601,Americas
Guatemala,GTM,2008,8.3,9.921935,0.609,Americas
Guatemala,GTM,2009,9.3,10.066008,0.616,Americas
Guatemala,GTM,2010,10.5,10.46881,0.623,Americas
Guatemala,GTM,2011,12.3,10.805719,0.628,Americas
Guatemala,GTM,2012,16.0,10.412385,0.631,Americas
Guatemala,GTM,2013,19.7,11.1281395,0.633,Americas
Guatemala,GTM,2014,23.4,11.313834,0.65,Americas
Guatemala,GTM,2015,28.8059,11.321547,0.638,Americas
Guatemala,GTM,2016,34.5093,11.399208,0.642,Americas
Guatemala,GTM,2017,37.9,11.924084,0.647,Americas
Guatemala,GTM,2018,41.5,12.006821,0.649,Americas
Guatemala,GTM,2019,44.401,11.980206,0.653,Americas
Guatemala,GTM,2020,47.5123,12.560625,0.645,Americas
Guatemala,GTM,2021,50.8416,13.51357,0.639,Americas
Guatemala,GTM,2022,54.4043,13.499698,0.655,Americas
Guinea,GIN,1990,0.0,,0.282,Africa
Guinea,GIN,1991,0.0,,0.287,Africa
Guinea,GIN,1992,0.0,,0.293,Africa
Guinea,GIN,1993,0.0,,0.3,Africa
Guinea,GIN,1994,0.000138318,,0.307,Africa
Guinea,GIN,1995,0.000668589,,0.314,Africa
Guinea,GIN,1996,0.001948942,,0.323,Africa
Guinea,GIN,1997,0.003803109,,0.332,Africa
Guinea,GIN,1998,0.006203369,,0.342,Africa
Guinea,GIN,1999,0.06080892,,0.351,Africa
Guinea,GIN,2000,0.0954249,,0.359,Africa
Guinea,GIN,2001,0.175542,,0.366,Africa
Guinea,GIN,2002,0.402023,,0.377,Africa
Guinea,GIN,2003,0.45096,,0.384,Africa
Guinea,GIN,2004,0.508819,,0.391,Africa
Guinea,GIN,2005,0.542254,,0.401,Africa
Guinea,GIN,2006,0.637492,,0.409,Africa
Guinea,GIN,2007,0.780025,,0.416,Africa
Guinea,GIN,2008,0.92,,0.422,Africa
Guinea,GIN,2009,0.94,,0.424,Africa
Guinea,GIN,2010,1.0,,0.43,Africa
Guinea,GIN,2011,2.0,,0.436,Africa
Guinea,GIN,2012,3.1,,0.44,Africa
Guinea,GIN,2013,4.5,,0.445,Africa
Guinea,GIN,2014,6.4,,0.451,Africa
Guinea,GIN,2015,9.2,,0.465,Africa
Guinea,GIN,2016,13.1,,0.482,Africa
Guinea,GIN,2017,18.7,,0.482,Africa
Guinea,GIN,2018,21.83,,0.479,Africa
Guinea,GIN,2019,23.3663,,0.486,Africa
Guinea,GIN,2020,29.3934,,0.488,Africa
Guinea,GIN,2021,31.311,,0.49,Africa
Guinea,GIN,2022,33.923,,0.498,Africa
Guinea-Bissau,GNB,1990,0.0,,,Africa
Guinea-Bissau,GNB,1991,0.0,,,Africa
Guinea-Bissau,GNB,1992,0.0,,,Africa
Guinea-Bissau,GNB,1993,0.0,,,Africa
Guinea-Bissau,GNB,1994,0.0,,,Africa
Guinea-Bissau,GNB,1995,0.0,,,Africa
Guinea-Bissau,GNB,1997,0.016389063,,,Africa
Guinea-Bissau,GNB,1998,0.02406042,,,Africa
Guinea-Bissau,GNB,1999,0.11770245,,,Africa
Guinea-Bissau,GNB,2000,0.230103,,,Africa
Guinea-Bissau,GNB,2001,0.299569,,,Africa
Guinea-Bissau,GNB,2002,1.02299,,,Africa
Guinea-Bissau,GNB,2003,1.3542,,,Africa
Guinea-Bissau,GNB,2004,1.80814,,,Africa
Guinea-Bissau,GNB,2005,1.90137,,0.412,Africa
Guinea-Bissau,GNB,2006,2.0572,,0.424,Africa
Guinea-Bissau,GNB,2007,2.2063,,0.431,Africa
Guinea-Bissau,GNB,2008,2.35489,,0.436,Africa
Guinea-Bissau,GNB,2009,2.30328,,0.444,Africa
Guinea-Bissau,GNB,2010,2.45,,0.452,Africa
Guinea-Bissau,GNB,2011,2.672,,0.46,Africa
Guinea-Bissau,GNB,2012,2.89399,,0.462,Africa
Guinea-Bissau,GNB,2013,3.1,,0.469,Africa
Guinea-Bissau,GNB,2014,3.32,,0.476,Africa
Guinea-Bissau,GNB,2015,6.1,,0.481,Africa
Guinea-Bissau,GNB,2016,13.8,,0.486,Africa
Guinea-Bissau,GNB,2017,14.8,,0.491,Africa
Guinea-Bissau,GNB,2018,15.7,,0.493,Africa
Guinea-Bissau,GNB,2019,22.9201,,0.501,Africa
Guinea-Bissau,GNB,2020,28.1686,,0.498,Africa
Guinea-Bissau,GNB,2021,28.5397,,0.502,Africa
Guinea-Bissau,GNB,2022,31.567,,0.511,Africa
Guyana,GUY,1990,0.0,,0.494,Americas
Guyana,GUY,1991,0.0,,0.491,Americas
Guyana,GUY,1992,0.0,,0.507,Americas
Guyana,GUY,1993,0.0,,0.521,Americas
Guyana,GUY,1994,0.0,,0.531,Americas
Guyana,GUY,1995,0.0,,0.536,Americas
Guyana,GUY,1996,0.06585412,,0.546,Americas
Guyana,GUY,1997,0.13182804,,0.552,Americas
Guyana,GUY,1998,0.26408812,,0.557,Americas
Guyana,GUY,1999,0.4,,0.562,Americas
Guyana,GUY,2000,0.6,,0.567,Americas
Guyana,GUY,2001,1.0,,0.575,Americas
Guyana,GUY,2002,1.5,,0.58,Americas
Guyana,GUY,2003,2.4,,0.587,Americas
Guyana,GUY,2004,3.7,,0.6,Americas
Guyana,GUY,2005,5.7,,0.61,Americas
Guyana,GUY,2006,8.9,,0.619,Americas
Guyana,GUY,2007,13.8,,0.626,Americas
Guyana,GUY,2008,18.2,,0.632,Americas
Guyana,GUY,2009,23.9,,0.637,Americas
Guyana,GUY,2010,29.9,,0.647,Americas
Guyana,GUY,2011,30.0,,0.659,Americas
Guyana,GUY,2012,30.5,,0.664,Americas
Guyana,GUY,2013,31.0,,0.669,Americas
Guyana,GUY,2014,32.0,,0.678,Americas
Guyana,GUY,2015,34.0,,0.683,Americas
Guyana,GUY,2016,35.66,,0.69,Americas
Guyana,GUY,2017,42.7,,0.696,Americas
Guyana,GUY,2018,51.1,,0.702,Americas
Guyana,GUY,2019,61.1,,0.709,Americas
Guyana,GUY,2020,73.1413,,0.722,Americas
Guyana,GUY,2021,81.0716,,0.713,Americas
Guyana,GUY,2022,85.3163,,0.763,Americas
Haiti,HTI,1990,0.0,,0.461,Americas
Haiti,HTI,1991,0.0,,0.464,Americas
Haiti,HTI,1992,0.0,,0.466,Americas
Haiti,HTI,1993,0.0,,0.467,Americas
Haiti,HTI,1994,0.0,,0.463,Americas
Haiti,HTI,1995,0.0,,0.473,Americas
Haiti,HTI,1996,0.007484253,,0.479,Americas
Haiti,HTI,1998,0.023999477,,0.488,Americas
Haiti,HTI,1999,0.070658475,,0.493,Americas
Haiti,HTI,2000,0.231271,,0.497,Americas
Haiti,HTI,2001,0.340832,,0.5,Americas
Haiti,HTI,2002,0.893433,,0.504,Americas
Haiti,HTI,2003,1.64736,,0.508,Americas
Haiti,HTI,2004,5.40126,,0.505,Americas
Haiti,HTI,2005,6.3762,,0.516,Americas
Haiti,HTI,2006,6.796,,0.52,Americas
Haiti,HTI,2007,7.2,,0.524,Americas
Haiti,HTI,2008,7.6,,0.528,Americas
Haiti,HTI,2009,8.1,,0.534,Americas
Haiti,HTI,2010,8.37,,0.452,Americas
Haiti,HTI,2011,9.0,,0.536,Americas
Haiti,HTI,2012,9.8,,0.54,Americas
Haiti,HTI,2013,10.6,,0.545,Americas
Haiti,HTI,2014,11.4,,0.549,Americas
Haiti,HTI,2015,14.2,,0.552,Americas
Haiti,HTI,2016,22.8,,0.555,Americas
Haiti,HTI,2017,27.2,,0.559,Americas
Haiti,HTI,2018,32.4736,,0.561,Americas
Haiti,HTI,2019,39.262,,0.56,Americas
Haiti,HTI,2020,36.39475,,0.555,Americas
Haiti,HTI,2021,38.94502,,0.548,Americas
High-income countries,,1990,0.2188702,,0.55,
High-income countries,,1990,0.2188702,,0.514,
High-income countries,,1990,0.2188702,,0.674,
High-income countries,,1990,0.2188702,,0.7739702,
High-income countries,,1990,0.2188702,,0.569,
High-income countries,,1990,0.2188702,,0.8043755,
High-income countries,,1990,0.2188702,,0.648,
High-income countries,,1990,0.2188702,,0.346,
High-income countries,,1990,0.2188702,,0.439,
High-income countries,,1990,0.2188702,,0.6497253,
High-income countries,,1990,0.2188702,,0.454,
High-income countries,,1990,0.2188702,,0.405,
High-income countries,,1990,0.2188702,,0.797,
High-income countries,,1991,0.35548034,,0.552,
High-income countries,,1991,0.35548034,,0.522,
High-income countries,,1991,0.35548034,,0.671,
High-income countries,,1991,0.35548034,,0.7779599,
High-income countries,,1991,0.35548034,,0.574,
High-income countries,,1991,0.35548034,,0.806783,
High-income countries,,1991,0.35548034,,0.653,
High-income countries,,1991,0.35548034,,0.348,
High-income countries,,1991,0.35548034,,0.44,
High-income countries,,1991,0.35548034,,0.6547653,
High-income countries,,1991,0.35548034,,0.458,
High-income countries,,1991,0.35548034,,0.409,
High-income countries,,1991,0.35548034,,0.8,
High-income countries,,1992,0.5669419,,0.561,
High-income countries,,1992,0.5669419,,0.531,
High-income countries,,1992,0.5669419,,0.664,
High-income countries,,1992,0.5669419,,0.78332764,
High-income countries,,1992,0.5669419,,0.58,
High-income countries,,1992,0.5669419,,0.80932313,
High-income countries,,1992,0.5669419,,0.657,
High-income countries,,1992,0.5669419,,0.352,
High-income countries,,1992,0.5669419,,0.445,
High-income countries,,1992,0.5669419,,0.65902275,
High-income countries,,1992,0.5669419,,0.464,
High-income countries,,1992,0.5669419,,0.408,
High-income countries,,1992,0.5669419,,0.802,
High-income countries,,1993,0.8114511,,0.571,
High-income countries,,1993,0.8114511,,0.541,
High-income countries,,1993,0.8114511,,0.659,
High-income countries,,1993,0.8114511,,0.79047537,
High-income countries,,1993,0.8114511,,0.586,
High-income countries,,1993,0.8114511,,0.81150347,
High-income countries,,1993,0.8114511,,0.661,
High-income countries,,1993,0.8114511,,0.356,
High-income countries,,1993,0.8114511,,0.449,
High-income countries,,1993,0.8114511,,0.66415447,
High-income countries,,1993,0.8114511,,0.468,
High-income countries,,1993,0.8114511,,0.411,
High-income countries,,1993,0.8114511,,0.804,
High-income countries,,1994,1.6423196,,0.577,
High-income countries,,1994,1.6423196,,0.55,
High-income countries,,1994,1.6423196,,0.654,
High-income countries,,1994,1.6423196,,0.7999784,
High-income countries,,1994,1.6423196,,0.591,
High-income countries,,1994,1.6423196,,0.81610936,
High-income countries,,1994,1.6423196,,0.666,
High-income countries,,1994,1.6423196,,0.361,
High-income countries,,1994,1.6423196,,0.453,
High-income countries,,1994,1.6423196,,0.66946566,
High-income countries,,1994,1.6423196,,0.472,
High-income countries,,1994,1.6423196,,0.413,
High-income countries,,1994,1.6423196,,0.809,
High-income countries,,1995,3.0966163,,0.582,
High-income countries,,1995,3.0966163,,0.559,
High-income countries,,1995,3.0966163,,0.7735119,
High-income countries,,1995,3.0966163,,0.658,
High-income countries,,1995,3.0966163,,0.8133682,
High-income countries,,1995,3.0966163,,0.599,
High-income countries,,1995,3.0966163,,0.8224163,
High-income countries,,1995,3.0966163,,0.67,
High-income countries,,1995,3.0966163,,0.368,
High-income countries,,1995,3.0966163,,0.459,
High-income countries,,1995,3.0966163,,0.6756636,
High-income countries,,1995,3.0966163,,0.478,
High-income countries,,1995,3.0966163,,0.42,
High-income countries,,1995,3.0966163,,0.812,
High-income countries,,1996,5.703136,,0.59,
High-income countries,,1996,5.703136,,0.57,
High-income countries,,1996,5.703136,,0.7801411,
High-income countries,,1996,5.703136,,0.662,
High-income countries,,1996,5.703136,,0.82013655,
High-income countries,,1996,5.703136,,0.607,
High-income countries,,1996,5.703136,,0.82840586,
High-income countries,,1996,5.703136,,0.676,
High-income countries,,1996,5.703136,,0.373,
High-income countries,,1996,5.703136,,0.466,
High-income countries,,1996,5.703136,,0.6810407,
High-income countries,,1996,5.703136,,0.484,
High-income countries,,1996,5.703136,,0.423,
High-income countries,,1996,5.703136,,0.818,
High-income countries,,1997,9.019827,,0.596,
High-income countries,,1997,9.019827,,0.579,
High-income countries,,1997,9.019827,,0.7872637,
High-income countries,,1997,9.019827,,0.668,
High-income countries,,1997,9.019827,,0.8263604,
High-income countries,,1997,9.019827,,0.615,
High-income countries,,1997,9.019827,,0.83428735,
High-income countries,,1997,9.019827,,0.683,
High-income countries,,1997,9.019827,,0.378,
High-income countries,,1997,9.019827,,0.472,
High-income countries,,1997,9.019827,,0.6869894,
High-income countries,,1997,9.019827,,0.49,
High-income countries,,1997,9.019827,,0.427,
High-income countries,,1997,9.019827,,0.824,
High-income countries,,1998,13.607279,,0.603,
High-income countries,,1998,13.607279,,0.586,
High-income countries,,1998,13.607279,,0.7928959,
High-income countries,,1998,13.607279,,0.674,
High-income countries,,1998,13.607279,,0.8325962,
High-income countries,,1998,13.607279,,0.622,
High-income countries,,1998,13.607279,,0.83827734,
High-income countries,,1998,13.607279,,0.688,
High-income countries,,1998,13.607279,,0.382,
High-income countries,,1998,13.607279,,0.478,
High-income countries,,1998,13.607279,,0.6915652,
High-income countries,,1998,13.607279,,0.496,
High-income countries,,1998,13.607279,,0.43,
High-income countries,,1998,13.607279,,0.829,
High-income countries,,1999,19.654566,,0.609,
High-income countries,,1999,19.654566,,0.594,
High-income countries,,1999,19.654566,,0.7974899,
High-income countries,,1999,19.654566,,0.676,
High-income countries,,1999,19.654566,,0.8380795,
High-income countries,,1999,19.654566,,0.628,
High-income countries,,1999,19.654566,,0.84187406,
High-income countries,,1999,19.654566,,0.692,
High-income countries,,1999,19.654566,,0.39,
High-income countries,,1999,19.654566,,0.48673937,
High-income countries,,1999,19.654566,,0.485,
High-income countries,,1999,19.654566,,0.69540364,
High-income countries,,1999,19.654566,,0.503,
High-income countries,,1999,19.654566,,0.433,
High-income countries,,1999,19.654566,,0.832,
High-income countries,,2000,26.559898,,0.4245854,
High-income countries,,2000,26.559898,,0.615,
High-income countries,,2000,26.559898,,0.569869,
High-income countries,,2000,26.559898,,0.604,
High-income countries,,2000,26.559898,,0.8080217,
High-income countries,,2000,26.559898,,0.686,
High-income countries,,2000,26.559898,,0.8433045,
High-income countries,,2000,26.559898,,0.636,
High-income countries,,2000,26.559898,,0.84814763,
High-income countries,,2000,26.559898,,0.697,
High-income countries,,2000,26.559898,,0.393,
High-income countries,,2000,26.559898,,0.49990252,
High-income countries,,2000,26.559898,,0.491,
High-income countries,,2000,26.559898,,0.81713676,
High-income countries,,2000,26.559898,,0.70062786,
High-income countries,,2000,26.559898,,0.508,
High-income countries,,2000,26.559898,,0.435,
High-income countries,,2000,26.559898,,0.6285039,
High-income countries,,2000,26.559898,,0.838,
High-income countries,,2001,31.970629,,0.4292593,
High-income countries,,2001,31.970629,,0.621,
High-income countries,,2001,31.970629,,0.5783103,
High-income countries,,2001,31.970629,,0.612,
High-income countries,,2001,31.970629,,0.81529015,
High-income countries,,2001,31.970629,,0.693,
High-income countries,,2001,31.970629,,0.84985864,
High-income countries,,2001,31.970629,,0.643,
High-income countries,,2001,31.970629,,0.8533231,
High-income countries,,2001,31.970629,,0.702,
High-income countries,,2001,31.970629,,0.401,
High-income countries,,2001,31.970629,,0.5078028,
High-income countries,,2001,31.970629,,0.5,
High-income countries,,2001,31.970629,,0.819591,
High-income countries,,2001,31.970629,,0.7054202,
High-income countries,,2001,31.970629,,0.517,
High-income countries,,2001,31.970629,,0.441,
High-income countries,,2001,31.970629,,0.63662523,
High-income countries,,2001,31.970629,,0.843,
High-income countries,,2002,39.35432,,0.43494922,
High-income countries,,2002,39.35432,,0.626,
High-income countries,,2002,39.35432,,0.5859656,
High-income countries,,2002,39.35432,,0.622,
High-income countries,,2002,39.35432,,0.8208476,
High-income countries,,2002,39.35432,,0.701,
High-income countries,,2002,39.35432,,0.85488456,
High-income countries,,2002,39.35432,,0.651,
High-income countries,,2002,39.35432,,0.85723525,
High-income countries,,2002,39.35432,,0.706,
High-income countries,,2002,39.35432,,0.407,
High-income countries,,2002,39.35432,,0.5139684,
High-income countries,,2002,39.35432,,0.506,
High-income countries,,2002,39.35432,,0.8224308,
High-income countries,,2002,39.35432,,0.71004105,
High-income countries,,2002,39.35432,,0.523,
High-income countries,,2002,39.35432,,0.449,
High-income countries,,2002,39.35432,,0.645688,
High-income countries,,2002,39.35432,,0.847,
High-income countries,,2003,44.002514,,0.44065332,
High-income countries,,2003,44.002514,,0.63,
High-income countries,,2003,44.002514,,0.5955544,
High-income countries,,2003,44.002514,,0.632,
High-income countries,,2003,44.002514,,0.8275237,
High-income countries,,2003,44.002514,,0.709,
High-income countries,,2003,44.002514,,0.85958296,
High-income countries,,2003,44.002514,,0.659,
High-income countries,,2003,44.002514,,0.8615973,
High-income countries,,2003,44.002514,,0.711,
High-income countries,,2003,44.002514,,0.414,
High-income countries,,2003,44.002514,,0.5242137,
High-income countries,,2003,44.002514,,0.516,
High-income countries,,2003,44.002514,,0.8255375,
High-income countries,,2003,44.002514,,0.7139729,
High-income countries,,2003,44.002514,,0.535,
High-income countries,,2003,44.002514,,0.457,
High-income countries,,2003,44.002514,,0.65426606,
High-income countries,,2003,44.002514,,0.852,
High-income countries,,2004,49.194183,,0.44817433,
High-income countries,,2004,49.194183,,0.638,
High-income countries,,2004,49.194183,,0.6048904,
High-income countries,,2004,49.194183,,0.641,
High-income countries,,2004,49.194183,,0.83400583,
High-income countries,,2004,49.194183,,0.716,
High-income countries,,2004,49.194183,,0.8654416,
High-income countries,,2004,49.194183,,0.666,
High-income countries,,2004,49.194183,,0.8671708,
High-income countries,,2004,49.194183,,0.717,
High-income countries,,2004,49.194183,,0.424,
High-income countries,,2004,49.194183,,0.533825,
High-income countries,,2004,49.194183,,0.526,
High-income countries,,2004,49.194183,,0.83012056,
High-income countries,,2004,49.194183,,0.7216664,
High-income countries,,2004,49.194183,,0.543,
High-income countries,,2004,49.194183,,0.466,
High-income countries,,2004,49.194183,,0.66330206,
High-income countries,,2004,49.194183,,0.857,
High-income countries,,2005,52.9,,0.461668,
High-income countries,,2005,52.9,,0.645,
High-income countries,,2005,52.9,,0.61573684,
High-income countries,,2005,52.9,,0.652,
High-income countries,,2005,52.9,,0.84263706,
High-income countries,,2005,52.9,,0.72,
High-income countries,,2005,52.9,,0.8698894,
High-income countries,,2005,52.9,,0.675,
High-income countries,,2005,52.9,,0.87086254,
High-income countries,,2005,52.9,,0.723,
High-income countries,,2005,52.9,,0.433,
High-income countries,,2005,52.9,,0.34204078,
High-income countries,,2005,52.9,,0.5434632,
High-income countries,,2005,52.9,,0.535,
High-income countries,,2005,52.9,,0.8332466,
High-income countries,,2005,52.9,,0.80804354,
High-income countries,,2005,52.9,,0.727708,
High-income countries,,2005,52.9,,0.552,
High-income countries,,2005,52.9,,0.473,
High-income countries,,2005,52.9,,0.6755118,
High-income countries,,2005,52.9,,0.861,
High-income countries,,2006,55.7,,0.46813595,
High-income countries,,2006,55.7,,0.652,
High-income countries,,2006,55.7,,0.6248776,
High-income countries,,2006,55.7,,0.662,
High-income countries,,2006,55.7,,0.848911,
High-income countries,,2006,55.7,,0.728,
High-income countries,,2006,55.7,,0.87523013,
High-income countries,,2006,55.7,,0.683,
High-income countries,,2006,55.7,,0.87583596,
High-income countries,,2006,55.7,,0.729,
High-income countries,,2006,55.7,,0.442,
High-income countries,,2006,55.7,,0.35059604,
High-income countries,,2006,55.7,,0.55155903,
High-income countries,,2006,55.7,,0.543,
High-income countries,,2006,55.7,,0.8386846,
High-income countries,,2006,55.7,,0.8101854,
High-income countries,,2006,55.7,,0.73351294,
High-income countries,,2006,55.7,,0.561,
High-income countries,,2006,55.7,,0.481,
High-income countries,,2006,55.7,,0.6853619,
High-income countries,,2006,55.7,,0.866,
High-income countries,,2007,61.3,,0.4750963,
High-income countries,,2007,61.3,,0.658,
High-income countries,,2007,61.3,,0.63415104,
High-income countries,,2007,61.3,,0.673,
High-income countries,,2007,61.3,,0.8548727,
High-income countries,,2007,61.3,,0.736,
High-income countries,,2007,61.3,,0.87925476,
High-income countries,,2007,61.3,,0.692,
High-income countries,,2007,61.3,,0.8802514,
High-income countries,,2007,61.3,,0.736,
High-income countries,,2007,61.3,,0.45,
High-income countries,,2007,61.3,,0.3596332,
High-income countries,,2007,61.3,,0.5593327,
High-income countries,,2007,61.3,,0.551,
High-income countries,,2007,61.3,,0.84200835,
High-income countries,,2007,61.3,,0.8121299,
High-income countries,,2007,61.3,,0.74158055,
High-income countries,,2007,61.3,,0.569,
High-income countries,,2007,61.3,,0.489,
High-income countries,,2007,61.3,,0.6958714,
High-income countries,,2007,61.3,,0.87,
High-income countries,,2008,64.1,,0.49759457,
High-income countries,,2008,64.1,,0.661,
High-income countries,,2008,64.1,,0.64034575,
High-income countries,,2008,64.1,,0.68,
High-income countries,,2008,64.1,,0.8590917,
High-income countries,,2008,64.1,,0.74,
High-income countries,,2008,64.1,,0.88218033,
High-income countries,,2008,64.1,,0.699,
High-income countries,,2008,64.1,,0.8827478,
High-income countries,,2008,64.1,,0.742,
High-income countries,,2008,64.1,,0.457,
High-income countries,,2008,64.1,,0.39877075,
High-income countries,,2008,64.1,,0.56541926,
High-income countries,,2008,64.1,,0.558,
High-income countries,,2008,64.1,,0.8433985,
High-income countries,,2008,64.1,,0.8153273,
High-income countries,,2008,64.1,,0.7485009,
High-income countries,,2008,64.1,,0.575,
High-income countries,,2008,64.1,,0.497,
High-income countries,,2008,64.1,,0.7032563,
High-income countries,,2008,64.1,,0.872,
High-income countries,,2009,66.4,,0.5021216,
High-income countries,,2009,66.4,,0.666,
High-income countries,,2009,66.4,,0.64756656,
High-income countries,,2009,66.4,,0.69,
High-income countries,,2009,66.4,,0.8599548,
High-income countries,,2009,66.4,,0.742,
High-income countries,,2009,66.4,,0.8833343,
High-income countries,,2009,66.4,,0.706,
High-income countries,,2009,66.4,,0.8837552,
High-income countries,,2009,66.4,,0.743,
High-income countries,,2009,66.4,,0.461,
High-income countries,,2009,66.4,,0.402766,
High-income countries,,2009,66.4,,0.5710855,
High-income countries,,2009,66.4,,0.565,
High-income countries,,2009,66.4,,0.8439207,
High-income countries,,2009,66.4,,0.81803006,
High-income countries,,2009,66.4,,0.7512326,
High-income countries,,2009,66.4,,0.58,
High-income countries,,2009,66.4,,0.503,
High-income countries,,2009,66.4,,0.71126586,
High-income countries,,2009,66.4,,0.874,
High-income countries,,2010,69.0,,0.513888,
High-income countries,,2010,69.0,,0.67,
High-income countries,,2010,69.0,,0.65679175,
High-income countries,,2010,69.0,,0.699,
High-income countries,,2010,69.0,,0.8645471,
High-income countries,,2010,69.0,,0.753,
High-income countries,,2010,69.0,,0.8875532,
High-income countries,,2010,69.0,,0.714,
High-income countries,,2010,69.0,,0.88799495,
High-income countries,,2010,69.0,,0.747,
High-income countries,,2010,69.0,,0.467,
High-income countries,,2010,69.0,,0.42096916,
High-income countries,,2010,69.0,,0.57957613,
High-income countries,,2010,69.0,,0.573,
High-income countries,,2010,69.0,,0.84561443,
High-income countries,,2010,69.0,,0.82062435,
High-income countries,,2010,69.0,,0.75787014,
High-income countries,,2010,69.0,,0.59,
High-income countries,,2010,69.0,,0.51,
High-income countries,,2010,69.0,,0.72018623,
High-income countries,,2010,69.0,,0.879,
High-income countries,,2011,70.5,,0.52003187,
High-income countries,,2011,70.5,,0.672,
High-income countries,,2011,70.5,,0.66498727,
High-income countries,,2011,70.5,,0.706,
High-income countries,,2011,70.5,,0.87022907,
High-income countries,,2011,70.5,,0.761,
High-income countries,,2011,70.5,,0.89193636,
High-income countries,,2011,70.5,,0.72,
High-income countries,,2011,70.5,,0.8916487,
High-income countries,,2011,70.5,,0.753,
High-income countries,,2011,70.5,,0.471,
High-income countries,,2011,70.5,,0.4269735,
High-income countries,,2011,70.5,,0.5894755,
High-income countries,,2011,70.5,,0.584,
High-income countries,,2011,70.5,,0.8494359,
High-income countries,,2011,70.5,,0.8243534,
High-income countries,,2011,70.5,,0.7633919,
High-income countries,,2011,70.5,,0.601,
High-income countries,,2011,70.5,,0.517,
High-income countries,,2011,70.5,,0.7270223,
High-income countries,,2011,70.5,,0.883,
High-income countries,,2012,73.8,,0.5260907,
High-income countries,,2012,73.8,,0.68,
High-income countries,,2012,73.8,,0.67128,
High-income countries,,2012,73.8,,0.713,
High-income countries,,2012,73.8,,0.87196416,
High-income countries,,2012,73.8,,0.767,
High-income countries,,2012,73.8,,0.8927878,
High-income countries,,2012,73.8,,0.727,
High-income countries,,2012,73.8,,0.8941138,
High-income countries,,2012,73.8,,0.758,
High-income countries,,2012,73.8,,0.477,
High-income countries,,2012,73.8,,0.43000394,
High-income countries,,2012,73.8,,0.5956914,
High-income countries,,2012,73.8,,0.59,
High-income countries,,2012,73.8,,0.8532949,
High-income countries,,2012,73.8,,0.82798356,
High-income countries,,2012,73.8,,0.7674748,
High-income countries,,2012,73.8,,0.606,
High-income countries,,2012,73.8,,0.523,
High-income countries,,2012,73.8,,0.73412,
High-income countries,,2012,73.8,,0.886,
High-income countries,,2013,75.2,,0.53123987,
High-income countries,,2013,75.2,,0.683,
High-income countries,,2013,75.2,,0.677284,
High-income countries,,2013,75.2,,0.72,
High-income countries,,2013,75.2,,0.87687457,
High-income countries,,2013,75.2,,0.78,
High-income countries,,2013,75.2,,0.8967906,
High-income countries,,2013,75.2,,0.733,
High-income countries,,2013,75.2,,0.8981406,
High-income countries,,2013,75.2,,0.762,
High-income countries,,2013,75.2,,0.482,
High-income countries,,2013,75.2,,0.432075,
High-income countries,,2013,75.2,,0.60151386,
High-income countries,,2013,75.2,,0.595,
High-income countries,,2013,75.2,,0.85496044,
High-income countries,,2013,75.2,,0.8279558,
High-income countries,,2013,75.2,,0.7731587,
High-income countries,,2013,75.2,,0.611,
High-income countries,,2013,75.2,,0.528,
High-income countries,,2013,75.2,,0.7406829,
High-income countries,,2013,75.2,,0.892,
High-income countries,,2014,77.0,,0.5367227,
High-income countries,,2014,77.0,,0.688,
High-income countries,,2014,77.0,,0.68550044,
High-income countries,,2014,77.0,,0.728,
High-income countries,,2014,77.0,,0.87929887,
High-income countries,,2014,77.0,,0.785,
High-income countries,,2014,77.0,,0.8999237,
High-income countries,,2014,77.0,,0.739,
High-income countries,,2014,77.0,,0.90055966,
High-income countries,,2014,77.0,,0.765,
High-income countries,,2014,77.0,,0.488,
High-income countries,,2014,77.0,,0.43649974,
High-income countries,,2014,77.0,,0.60980934,
High-income countries,,2014,77.0,,0.604,
High-income countries,,2014,77.0,,0.85716856,
High-income countries,,2014,77.0,,0.8310525,
High-income countries,,2014,77.0,,0.7760436,
High-income countries,,2014,77.0,,0.62,
High-income countries,,2014,77.0,,0.534,
High-income countries,,2014,77.0,,0.7478326,
High-income countries,,2014,77.0,,0.895,
High-income countries,,2015,78.3,,0.5425902,
High-income countries,,2015,78.3,,0.693,
High-income countries,,2015,78.3,,0.6922845,
High-income countries,,2015,78.3,,0.735,
High-income countries,,2015,78.3,,0.88032347,
High-income countries,,2015,78.3,,0.789,
High-income countries,,2015,78.3,,0.9017791,
High-income countries,,2015,78.3,,0.744,
High-income countries,,2015,78.3,,0.9027572,
High-income countries,,2015,78.3,,0.767,
High-income countries,,2015,78.3,,0.491,
High-income countries,,2015,78.3,,0.43883622,
High-income countries,,2015,78.3,,0.6173714,
High-income countries,,2015,78.3,,0.611,
High-income countries,,2015,78.3,,0.8591236,
High-income countries,,2015,78.3,,0.8333656,
High-income countries,,2015,78.3,,0.7772507,
High-income countries,,2015,78.3,,0.627,
High-income countries,,2015,78.3,,0.54,
High-income countries,,2015,78.3,,0.7533915,
High-income countries,,2015,78.3,,0.898,
High-income countries,,2016,82.5,,0.5466387,
High-income countries,,2016,82.5,,0.698,
High-income countries,,2016,82.5,,0.6996885,
High-income countries,,2016,82.5,,0.742,
High-income countries,,2016,82.5,,0.8832819,
High-income countries,,2016,82.5,,0.793,
High-income countries,,2016,82.5,,0.9050324,
High-income countries,,2016,82.5,,0.749,
High-income countries,,2016,82.5,,0.90514636,
High-income countries,,2016,82.5,,0.769,
High-income countries,,2016,82.5,,0.497,
High-income countries,,2016,82.5,,0.4427982,
High-income countries,,2016,82.5,,0.62547666,
High-income countries,,2016,82.5,,0.62,
High-income countries,,2016,82.5,,0.86142576,
High-income countries,,2016,82.5,,0.83567315,
High-income countries,,2016,82.5,,0.7784721,
High-income countries,,2016,82.5,,0.637,
High-income countries,,2016,82.5,,0.543,
High-income countries,,2016,82.5,,0.7588624,
High-income countries,,2016,82.5,,0.9,
High-income countries,,2017,84.3,,0.5504002,
High-income countries,,2017,84.3,,0.702,
High-income countries,,2017,84.3,,0.7046988,
High-income countries,,2017,84.3,,0.749,
High-income countries,,2017,84.3,,0.8861951,
High-income countries,,2017,84.3,,0.8,
High-income countries,,2017,84.3,,0.9075523,
High-income countries,,2017,84.3,,0.754,
High-income countries,,2017,84.3,,0.90792,
High-income countries,,2017,84.3,,0.772,
High-income countries,,2017,84.3,,0.5,
High-income countries,,2017,84.3,,0.44619104,
High-income countries,,2017,84.3,,0.62979513,
High-income countries,,2017,84.3,,0.624,
High-income countries,,2017,84.3,,0.8636879,
High-income countries,,2017,84.3,,0.83694863,
High-income countries,,2017,84.3,,0.7811188,
High-income countries,,2017,84.3,,0.641,
High-income countries,,2017,84.3,,0.546,
High-income countries,,2017,84.3,,0.7643767,
High-income countries,,2017,84.3,,0.903,
High-income countries,,2018,86.4,,0.5558327,
High-income countries,,2018,86.4,,0.707,
High-income countries,,2018,86.4,,0.7085525,
High-income countries,,2018,86.4,,0.756,
High-income countries,,2018,86.4,,0.88933504,
High-income countries,,2018,86.4,,0.804,
High-income countries,,2018,86.4,,0.9103591,
High-income countries,,2018,86.4,,0.76,
High-income countries,,2018,86.4,,0.91105837,
High-income countries,,2018,86.4,,0.774,
High-income countries,,2018,86.4,,0.504,
High-income countries,,2018,86.4,,0.4525536,
High-income countries,,2018,86.4,,0.6321534,
High-income countries,,2018,86.4,,0.627,
High-income countries,,2018,86.4,,0.8665236,
High-income countries,,2018,86.4,,0.84073627,
High-income countries,,2018,86.4,,0.7836532,
High-income countries,,2018,86.4,,0.642,
High-income countries,,2018,86.4,,0.551,
High-income countries,,2018,86.4,,0.7702497,
High-income countries,,2018,86.4,,0.906,
High-income countries,,2019,87.6,,0.56035364,
High-income countries,,2019,87.6,,0.712,
High-income countries,,2019,87.6,,0.7126623,
High-income countries,,2019,87.6,,0.761,
High-income countries,,2019,87.6,,0.89306754,
High-income countries,,2019,87.6,,0.808,
High-income countries,,2019,87.6,,0.9143795,
High-income countries,,2019,87.6,,0.765,
High-income countries,,2019,87.6,,0.91397655,
High-income countries,,2019,87.6,,0.776,
High-income countries,,2019,87.6,,0.507,
High-income countries,,2019,87.6,,0.45707306,
High-income countries,,2019,87.6,,0.63645244,
High-income countries,,2019,87.6,,0.631,
High-income countries,,2019,87.6,,0.8687238,
High-income countries,,2019,87.6,,0.8431121,
High-income countries,,2019,87.6,,0.78433996,
High-income countries,,2019,87.6,,0.645,
High-income countries,,2019,87.6,,0.557,
High-income countries,,2019,87.6,,0.7744862,
High-income countries,,2019,87.6,,0.909,
High-income countries,,2020,90.0,,0.5594648,
High-income countries,,2020,90.0,,0.707,
High-income countries,,2020,90.0,,0.7130719,
High-income countries,,2020,90.0,,0.764,
High-income countries,,2020,90.0,,0.8829021,
High-income countries,,2020,90.0,,0.802,
High-income countries,,2020,90.0,,0.90954304,
High-income countries,,2020,90.0,,0.763,
High-income countries,,2020,90.0,,0.9056104,
High-income countries,,2020,90.0,,0.764,
High-income countries,,2020,90.0,,0.507,
High-income countries,,2020,90.0,,0.45871836,
High-income countries,,2020,90.0,,0.6364669,
High-income countries,,2020,90.0,,0.631,
High-income countries,,2020,90.0,,0.85540247,
High-income countries,,2020,90.0,,0.84438473,
High-income countries,,2020,90.0,,0.7736417,
High-income countries,,2020,90.0,,0.645,
High-income countries,,2020,90.0,,0.557,
High-income countries,,2020,90.0,,0.7720838,
High-income countries,,2020,90.0,,0.901,
High-income countries,,2021,91.3,,0.56110394,
High-income countries,,2021,91.3,,0.71,
High-income countries,,2021,91.3,,0.71319216,
High-income countries,,2021,91.3,,0.768,
High-income countries,,2021,91.3,,0.88542944,
High-income countries,,2021,91.3,,0.803,
High-income countries,,2021,91.3,,0.914425,
High-income countries,,2021,91.3,,0.766,
High-income countries,,2021,91.3,,0.90697354,
High-income countries,,2021,91.3,,0.762,
High-income countries,,2021,91.3,,0.507,
High-income countries,,2021,91.3,,0.4588084,
High-income countries,,2021,91.3,,0.63409626,
High-income countries,,2021,91.3,,0.629,
High-income countries,,2021,91.3,,0.8522403,
High-income countries,,2021,91.3,,0.84548646,
High-income countries,,2021,91.3,,0.77192116,
High-income countries,,2021,91.3,,0.641,
High-income countries,,2021,91.3,,0.558,
High-income countries,,2021,91.3,,0.77544844,
High-income countries,,2021,91.3,,0.903,
High-income countries,,2022,92.0,,0.5714846,
High-income countries,,2022,92.0,,0.716,
High-income countries,,2022,92.0,,0.7262154,
High-income countries,,2022,92.0,,0.773,
High-income countries,,2022,92.0,,0.89101297,
High-income countries,,2022,92.0,,0.815,
High-income countries,,2022,92.0,,0.91688347,
High-income countries,,2022,92.0,,0.774,
High-income countries,,2022,92.0,,0.91196257,
High-income countries,,2022,92.0,,0.778,
High-income countries,,2022,92.0,,0.512,
High-income countries,,2022,92.0,,0.47149748,
High-income countries,,2022,92.0,,0.6529091,
High-income countries,,2022,92.0,,0.649,
High-income countries,,2022,92.0,,0.86384416,
High-income countries,,2022,92.0,,0.84466344,
High-income countries,,2022,92.0,,0.7865941,
High-income countries,,2022,92.0,,0.665,
High-income countries,,2022,92.0,,0.565,
High-income countries,,2022,92.0,,0.7832832,
High-income countries,,2022,92.0,,0.908,
High-income countries,,2023,93.1,,0.5760591,
High-income countries,,2023,93.1,,0.719,
High-income countries,,2023,93.1,,0.73009235,
High-income countries,,2023,93.1,,,
High-income countries,,2023,93.1,,,
High-income countries,,2023,93.1,,,
High-income countries,,2023,93.1,,0.775,
High-income countries,,2023,93.1,,0.89665455,
High-income countries,,2023,93.1,,0.818,
High-income countries,,2023,93.1,,0.92227614,
High-income countries,,2023,93.1,,,
High-income countries,,2023,93.1,,,
High-income countries,,2023,93.1,,,
High-income countries,,2023,93.1,,,
High-income countries,,2023,93.1,,0.777,
High-income countries,,2023,93.1,,0.9179597,
High-income countries,,2023,93.1,,,
High-income countries,,2023,93.1,,,
High-income countries,,2023,93.1,,,
High-income countries,,2023,93.1,,,
High-income countries,,2023,93.1,,,
High-income countries,,2023,93.1,,0.783,
High-income countries,,2023,93.1,,0.515,
High-income countries,,2023,93.1,,0.47806427,
High-income countries,,2023,93.1,,0.6585855,
High-income countries,,2023,93.1,,0.656,
High-income countries,,2023,93.1,,0.8702258,
High-income countries,,2023,93.1,,0.84926206,
High-income countries,,2023,93.1,,,
High-income countries,,2023,93.1,,,
High-income countries,,2023,93.1,,0.79245985,
High-income countries,,2023,93.1,,0.672,
High-income countries,,2023,93.1,,0.568,
High-income countries,,2023,93.1,,,
High-income countries,,2023,93.1,,0.78573513,
High-income countries,,2023,93.1,,0.914,
Honduras,HND,1990,0.0,,0.516,Americas
Honduras,HND,1991,0.0,,0.519,Americas
Honduras,HND,1992,0.0,,0.523,Americas
Honduras,HND,1993,0.0,,0.529,Americas
Honduras,HND,1994,0.0,,0.532,Americas
Honduras,HND,1995,0.036775254,,0.537,Americas
Honduras,HND,1996,0.043711245,,0.541,Americas
Honduras,HND,1997,0.17099647,,0.547,Americas
Honduras,HND,1998,0.3012472,,0.529,Americas
Honduras,HND,1999,0.5735755,,0.552,Americas
Honduras,HND,2000,1.20386,,0.558,Americas
Honduras,HND,2001,1.41528,,0.561,Americas
Honduras,HND,2002,2.5974,,0.564,Americas
Honduras,HND,2003,4.8,,0.568,Americas
Honduras,HND,2004,5.6,,0.573,Americas
Honduras,HND,2005,6.5,,0.578,Americas
Honduras,HND,2006,7.8,,0.582,Americas
Honduras,HND,2007,9.4,,0.587,Americas
Honduras,HND,2008,9.6,,0.592,Americas
Honduras,HND,2009,9.8,,0.594,Americas
Honduras,HND,2010,11.09,,0.596,Americas
Honduras,HND,2011,15.9,,0.598,Americas
Honduras,HND,2012,18.12,,0.597,Americas
Honduras,HND,2013,17.8,,0.601,Americas
Honduras,HND,2014,23.0,,0.604,Americas
Honduras,HND,2015,27.1395,,0.61,Americas
Honduras,HND,2016,29.5282,,0.616,Americas
Honduras,HND,2017,31.7358,,0.618,Americas
Honduras,HND,2018,36.0401,,0.619,Americas
Honduras,HND,2019,39.3884,,0.632,Americas
Honduras,HND,2020,45.2483,,0.625,Americas
Honduras,HND,2021,51.9801,,0.628,Americas
Honduras,HND,2022,59.7135,,0.643,Americas
Hong Kong,HKG,1990,0.0,34.600857,0.755,Asia
Hong Kong,HKG,1991,0.120955445,35.600796,0.764,Asia
Hong Kong,HKG,1992,0.8495279,39.812172,0.773,Asia
Hong Kong,HKG,1993,1.334568,40.30446,0.784,Asia
Hong Kong,HKG,1994,2.7841983,40.401436,0.793,Asia
Hong Kong,HKG,1995,3.2186356,41.75232,0.8,Asia
Hong Kong,HKG,1996,4.748839,41.374428,0.808,Asia
Hong Kong,HKG,1997,10.518757,42.14609,0.817,Asia
Hong Kong,HKG,1998,14.5459795,39.629986,0.823,Asia
Hong Kong,HKG,1999,21.230682,39.854702,0.83,Asia
Hong Kong,HKG,2000,27.8278,42.687355,0.839,Asia
Hong Kong,HKG,2001,38.6714,44.916466,0.847,Asia
Hong Kong,HKG,2002,43.0824,47.626526,0.854,Asia
Hong Kong,HKG,2003,52.2,49.682228,0.861,Asia
Hong Kong,HKG,2004,56.3999,55.249252,0.866,Asia
Hong Kong,HKG,2005,56.9,57.907486,0.872,Asia
Hong Kong,HKG,2006,60.8,53.306545,0.879,Asia
Hong Kong,HKG,2007,64.8,54.959324,0.891,Asia
Hong Kong,HKG,2008,66.7,54.3283,0.907,Asia
Hong Kong,HKG,2009,69.4,49.659878,0.909,Asia
Hong Kong,HKG,2010,72.0,52.75171,0.912,Asia
Hong Kong,HKG,2011,72.2,55.867092,0.918,Asia
Hong Kong,HKG,2012,72.9,57.139427,0.923,Asia
Hong Kong,HKG,2013,74.2,63.139885,0.928,Asia
Hong Kong,HKG,2014,79.8663,54.635815,0.932,Asia
Hong Kong,HKG,2015,84.9484,47.188232,0.937,Asia
Hong Kong,HKG,2016,87.4794,47.74261,0.94,Asia
Hong Kong,HKG,2017,89.4159,46.566875,0.946,Asia
Hong Kong,HKG,2018,90.5074,50.459385,0.952,Asia
Hong Kong,HKG,2019,91.7434,50.8363,0.952,Asia
Hong Kong,HKG,2020,92.4131,50.867935,0.95,Asia
Hong Kong,HKG,2021,93.0872,52.480186,0.961,Asia
Hong Kong,HKG,2022,95.6136,50.732952,0.95,Asia
Hungary,HUN,1990,0.0,17.45562,0.73,Europe
Hungary,HUN,1991,0.00338263,16.998821,0.724,Europe
Hungary,HUN,1992,0.048353422,19.050795,0.722,Europe
Hungary,HUN,1993,0.19341439,21.66351,0.729,Europe
Hungary,HUN,1994,0.48358098,21.943613,0.739,Europe
Hungary,HUN,1995,0.67748606,22.626534,0.744,Europe
Hungary,HUN,1996,0.96923953,23.304245,0.752,Europe
Hungary,HUN,1997,1.9424499,23.20121,0.758,Europe
Hungary,HUN,1998,3.8946433,23.526487,0.764,Europe
Hungary,HUN,1999,5.8578405,23.798574,0.771,Europe
Hungary,HUN,2000,6.99968,25.24496,0.781,Europe
Hungary,HUN,2001,14.5286,27.715534,0.791,Europe
Hungary,HUN,2002,16.67,29.386816,0.8,Europe
Hungary,HUN,2003,21.63,29.400913,0.807,Europe
Hungary,HUN,2004,27.74,29.355461,0.811,Europe
Hungary,HUN,2005,38.97,32.128788,0.816,Europe
Hungary,HUN,2006,47.06,32.090454,0.823,Europe
Hungary,HUN,2007,53.3,33.15924,0.826,Europe
Hungary,HUN,2008,61.0,35.967438,0.833,Europe
Hungary,HUN,2009,62.0,36.418587,0.834,Europe
Hungary,HUN,2010,65.0,38.153374,0.838,Europe
Hungary,HUN,2011,68.02,39.523754,0.841,Europe
Hungary,HUN,2012,70.58,38.969757,0.841,Europe
Hungary,HUN,2013,72.6439,38.185688,0.85,Europe
Hungary,HUN,2014,75.6532,37.01669,0.848,Europe
Hungary,HUN,2015,72.8347,36.505177,0.847,Europe
Hungary,HUN,2016,79.2594,35.142975,0.851,Europe
Hungary,HUN,2017,76.7505,36.77375,0.853,Europe
Hungary,HUN,2018,76.0744,37.588276,0.857,Europe
Hungary,HUN,2019,80.3717,40.447044,0.861,Europe
Hungary,HUN,2020,84.7712,40.33771,0.857,Europe
Hungary,HUN,2021,88.6408,41.586166,0.852,Europe
Hungary,HUN,2022,89.1428,42.053265,0.867,Europe
Hungary,HUN,2023,91.4501,42.33395,0.87,Europe
Iceland,ISL,1990,0.0,42.869568,0.841,Europe
Iceland,ISL,1991,0.505129,43.610477,0.853,Europe
Iceland,ISL,1992,1.5391601,41.841423,0.86,Europe
Iceland,ISL,1993,2.6678252,42.197754,0.863,Europe
Iceland,ISL,1994,6.7948117,43.960594,0.868,Europe
Iceland,ISL,1995,11.215876,43.02846,0.863,Europe
Iceland,ISL,1996,14.806479,43.589108,0.873,Europe
Iceland,ISL,1997,27.478868,46.91536,0.881,Europe
Iceland,ISL,1998,36.264206,47.922646,0.893,Europe
Iceland,ISL,1999,41.294567,50.041344,0.895,Europe
Iceland,ISL,2000,44.4705,47.932587,0.902,Europe
Iceland,ISL,2001,49.393,49.140614,0.91,Europe
Iceland,ISL,2002,79.12,51.287457,0.917,Europe
Iceland,ISL,2003,83.14,50.936623,0.925,Europe
Iceland,ISL,2004,83.88,54.001846,0.928,Europe
Iceland,ISL,2005,87.0,54.402416,0.935,Europe
Iceland,ISL,2006,89.51,49.622932,0.936,Europe
Iceland,ISL,2007,90.6,50.890667,0.941,Europe
Iceland,ISL,2008,91.0,58.005207,0.935,Europe
Iceland,ISL,2009,93.0,65.126686,0.934,Europe
Iceland,ISL,2010,93.39,62.326572,0.935,Europe
Iceland,ISL,2011,94.8197,62.350258,0.941,Europe
Iceland,ISL,2012,96.2098,64.15448,0.946,Europe
Iceland,ISL,2013,96.5468,61.567177,0.95,Europe
Iceland,ISL,2014,98.158,61.276012,0.954,Europe
Iceland,ISL,2015,98.2,61.866894,0.956,Europe
Iceland,ISL,2016,98.24,59.73019,0.959,Europe
Iceland,ISL,2017,98.2552,59.62731,0.962,Europe
Iceland,ISL,2018,99.011,60.940754,0.966,Europe
Iceland,ISL,2019,99.5049,69.40397,0.969,Europe
Iceland,ISL,2020,99.5328,68.74584,0.965,Europe
Iceland,ISL,2021,99.687,71.41531,0.967,Europe
Iceland,ISL,2022,99.8565,73.57853,0.964,Europe
India,IND,1990,0.0,1.6376243,0.446,Asia
India,IND,1991,0.0,1.6474383,0.448,Asia
India,IND,1992,0.000111308,1.6969699,0.453,Asia
India,IND,1993,0.000218176,1.7432435,0.458,Asia
India,IND,1994,0.001069562,1.8200936,0.463,Asia
India,IND,1995,0.026228879,1.9488382,0.469,Asia
India,IND,1996,0.046333976,2.0815794,0.476,Asia
India,IND,1997,0.07076785,2.1527622,0.482,Asia
India,IND,1998,0.13902733,2.3077326,0.488,Asia
India,IND,1999,0.27322426,2.4382935,0.496,Asia
India,IND,2000,0.527532,2.491568,0.501,Asia
India,IND,2001,0.660146,2.5604465,0.511,Asia
India,IND,2002,1.53788,2.6292472,0.516,Asia
India,IND,2003,1.68649,2.7886992,0.529,Asia
India,IND,2004,1.97614,2.9644926,0.538,Asia
India,IND,2005,2.38807,3.3555307,0.547,Asia
India,IND,2006,2.8055,3.7615144,0.557,Asia
India,IND,2007,3.95,4.198147,0.566,Asia
India,IND,2008,4.38,4.394219,0.574,Asia
India,IND,2009,5.12,4.632795,0.579,Asia
India,IND,2010,7.5,5.305764,0.59,Asia
India,IND,2011,10.07,5.688874,0.603,Asia
India,IND,2012,11.1,6.124625,0.609,Asia
India,IND,2013,12.3,5.977552,0.615,Asia
India,IND,2014,13.5,6.2223783,0.625,Asia
India,IND,2015,14.9,6.5521812,0.633,Asia
India,IND,2016,16.5,6.953342,0.644,Asia
India,IND,2017,18.2,7.24559,0.649,Asia
India,IND,2018,20.0813,7.784932,0.648,Asia
India,IND,2019,29.5235,7.462654,0.651,Asia
India,IND,2020,43.4054,7.2434587,0.652,Asia
Indonesia,IDN,1990,0.0,4.9584274,0.531,Asia
Indonesia,IDN,1991,0.0,5.302407,0.538,Asia
Indonesia,IDN,1992,0.0,5.6062984,0.545,Asia
Indonesia,IDN,1993,0.0,5.921878,0.555,Asia
Indonesia,IDN,1994,0.001059744,6.0197268,0.565,Asia
Indonesia,IDN,1995,0.026109478,6.442142,0.575,Asia
Indonesia,IDN,1996,0.056623988,6.887552,0.585,Asia
Indonesia,IDN,1997,0.19491026,6.869291,0.595,Asia
Indonesia,IDN,1998,0.25530663,5.2423105,0.591,Asia
Indonesia,IDN,1999,0.44441593,5.134975,0.595,Asia
Indonesia,IDN,2000,0.925564,4.8264203,0.6,Asia
Indonesia,IDN,2001,2.01861,4.826264,0.608,Asia
Indonesia,IDN,2002,2.13414,4.9076347,0.617,Asia
Indonesia,IDN,2003,2.38702,4.8394003,0.625,Asia
Indonesia,IDN,2004,2.60029,5.1684403,0.624,Asia
Indonesia,IDN,2005,3.60202,5.650079,0.638,Asia
Indonesia,IDN,2006,4.76481,6.1959624,0.646,Asia
Indonesia,IDN,2007,5.78627,6.6316214,0.649,Asia
Indonesia,IDN,2008,7.91748,7.8130326,0.653,Asia
Indonesia,IDN,2009,6.92,8.514496,0.663,Asia
Indonesia,IDN,2010,10.92,9.7982855,0.67,Asia
Indonesia,IDN,2011,12.28,11.869345,0.678,Asia
Indonesia,IDN,2012,14.52,12.435625,0.686,Asia
Indonesia,IDN,2013,14.94,12.952612,0.69,Asia
Indonesia,IDN,2014,17.1432,12.659839,0.693,Asia
Indonesia,IDN,2015,22.0627,12.141558,0.701,Asia
Indonesia,IDN,2016,25.4474,12.23478,0.705,Asia
Indonesia,IDN,2017,32.3358,12.392845,0.712,Asia
Indonesia,IDN,2018,39.9046,13.0068,0.715,Asia
Indonesia,IDN,2019,47.6906,13.153089,0.714,Asia
Indonesia,IDN,2020,53.7265,12.948369,0.71,Asia
Indonesia,IDN,2021,62.1045,13.813761,0.707,Asia
Indonesia,IDN,2022,66.4846,14.188509,0.726,Asia
Indonesia,IDN,2023,69.2084,14.346768,0.728,Asia
Iran,IRN,1990,0.0,,0.626,Asia
Iran,IRN,1991,0.0,,0.645,Asia
Iran,IRN,1992,0.0,,0.652,Asia
Iran,IRN,1993,0.0,,0.658,Asia
Iran,IRN,1994,0.000408332,,0.664,Asia
Iran,IRN,1995,0.004179752,,0.672,Asia
Iran,IRN,1996,0.01582608,,0.681,Asia
Iran,IRN,1997,0.046756092,,0.687,Asia
Iran,IRN,1998,0.09981522,,0.695,Asia
Iran,IRN,1999,0.3785691,,0.703,Asia
Iran,IRN,2000,0.93419,,0.71,Asia
Iran,IRN,2001,1.48422,,0.719,Asia
Iran,IRN,2002,4.62618,,0.727,Asia
Iran,IRN,2003,6.93372,,0.732,Asia
Iran,IRN,2004,7.49,,0.741,Asia
Iran,IRN,2005,8.1,22.433914,0.746,Asia
Iran,IRN,2006,8.76,23.266853,0.757,Asia
Iran,IRN,2007,9.47,26.110178,0.761,Asia
Iran,IRN,2008,12.02,27.289228,0.765,Asia
Iran,IRN,2009,13.8,28.960026,0.771,Asia
Iran,IRN,2010,15.9,32.13408,0.778,Asia
Iran,IRN,2011,19.0,34.613083,0.787,Asia
Iran,IRN,2012,22.73,29.662748,0.795,Asia
Iran,IRN,2013,29.95,28.077633,0.794,Asia
Iran,IRN,2014,39.3536,27.475029,0.795,Asia
Iran,IRN,2015,45.335,22.784134,0.788,Asia
Iran,IRN,2016,53.2268,25.264742,0.791,Asia
Iran,IRN,2017,64.044,23.74372,0.793,Asia
Iran,IRN,2018,70.2006,21.166508,0.79,Asia
Iran,IRN,2019,72.4509,21.21639,0.787,Asia
Iran,IRN,2020,75.5699,28.64602,0.775,Asia
Iran,IRN,2021,78.5957,21.41469,0.777,Asia
Iran,IRN,2022,81.717,22.164333,0.793,Asia
Iraq,IRQ,1990,0.0,,0.531,Asia
Iraq,IRQ,1991,0.0,,0.504,Asia
Iraq,IRQ,1992,0.0,,0.532,Asia
Iraq,IRQ,1993,0.0,,0.55,Asia
Iraq,IRQ,1994,0.0,,0.547,Asia
Iraq,IRQ,1995,0.0,,0.538,Asia
Iraq,IRQ,2001,0.1,,0.598,Asia
Iraq,IRQ,2002,0.5,,0.6,Asia
Iraq,IRQ,2003,0.6,,0.582,Asia
Iraq,IRQ,2004,0.9,,0.604,Asia
Iraq,IRQ,2005,0.9,15.281777,0.609,Asia
Iraq,IRQ,2006,0.952344,17.18833,0.611,Asia
Iraq,IRQ,2007,0.93,19.927105,0.618,Asia
Iraq,IRQ,2008,1.0,24.020754,0.634,Asia
Iraq,IRQ,2009,1.06,27.142397,0.644,Asia
Iraq,IRQ,2010,2.5,31.66424,0.65,Asia
Iraq,IRQ,2011,5.0,37.468876,0.656,Asia
Iraq,IRQ,2012,7.1,41.83891,0.664,Asia
Iraq,IRQ,2013,9.2,41.71053,0.668,Asia
Iraq,IRQ,2014,11.6453,36.486603,0.671,Asia
Iraq,IRQ,2015,15.2,26.025658,0.675,Asia
Iraq,IRQ,2016,19.9,24.822353,0.676,Asia
Iraq,IRQ,2017,49.36,30.271027,0.681,Asia
Iraq,IRQ,2018,33.9,34.8939,0.689,Asia
Iraq,IRQ,2019,44.3263,36.41617,0.693,Asia
Iraq,IRQ,2020,53.6778,35.37982,0.68,Asia
Iraq,IRQ,2021,65.0022,38.306454,0.687,Asia
Iraq,IRQ,2022,78.7156,37.643612,0.695,Asia
Ireland,IRL,1990,0.0,26.5071,0.776,Europe
Ireland,IRL,1991,0.056796044,27.495462,0.78,Europe
Ireland,IRL,1992,0.16968638,30.027225,0.787,Europe
Ireland,IRL,1993,0.281141,31.823202,0.794,Europe
Ireland,IRL,1994,0.5583772,32.343193,0.805,Europe
Ireland,IRL,1995,1.1083863,35.42927,0.809,Europe
Ireland,IRL,1996,2.1993017,37.886673,0.816,Europe
Ireland,IRL,1997,4.088255,42.07974,0.823,Europe
Ireland,IRL,1998,8.09601,45.198975,0.855,Europe
Ireland,IRL,1999,10.933808,46.726902,0.858,Europe
Ireland,IRL,2000,17.8505,50.50551,0.869,Europe
Ireland,IRL,2001,23.1388,53.470085,0.876,Europe
Ireland,IRL,2002,25.85,60.14677,0.883,Europe
Ireland,IRL,2003,34.31,65.24012,0.891,Europe
Ireland,IRL,2004,36.99,67.148125,0.899,Europe
Ireland,IRL,2005,41.61,70.06352,0.905,Europe
Ireland,IRL,2006,54.82,69.027405,0.908,Europe
Ireland,IRL,2007,61.1583,74.354904,0.911,Europe
Ireland,IRL,2008,65.34,72.957794,0.907,Europe
Ireland,IRL,2009,67.38,79.79625,0.907,Europe
Ireland,IRL,2010,69.85,84.470085,0.915,Europe
Ireland,IRL,2011,74.89,89.170395,0.909,Europe
Ireland,IRL,2012,76.92,90.79626,0.911,Europe
Ireland,IRL,2013,78.2477,87.89277,0.915,Europe
Ireland,IRL,2014,83.4917,92.794266,0.921,Europe
Ireland,IRL,2015,83.4948,119.2469,0.931,Europe
Ireland,IRL,2016,83.5,119.92915,0.936,Europe
Ireland,IRL,2017,84.114,125.92481,0.941,Europe
Ireland,IRL,2018,87.0001,126.580215,0.944,Europe
Ireland,IRL,2019,87.0001,141.34389,0.947,Europe
Ireland,IRL,2020,91.9999,165.04803,0.948,Europe
Ireland,IRL,2021,94.456,173.66817,0.946,Europe
Ireland,IRL,2022,95.5905,175.47858,0.947,Europe
Israel,ISR,1990,0.11077387,33.858536,0.787,Asia
Israel,ISR,1991,0.2146241,35.349667,0.791,Asia
Israel,ISR,1992,0.3105792,36.157566,0.794,Asia
Israel,ISR,1993,0.39883333,35.89108,0.801,Asia
Israel,ISR,1994,0.57696646,36.06192,0.806,Asia
Israel,ISR,1995,0.93042296,37.40816,0.81,Asia
Israel,ISR,1996,2.1683676,38.678944,0.817,Asia
Israel,ISR,1997,4.3994055,39.565186,0.824,Asia
Israel,ISR,1998,10.30707,40.808643,0.831,Asia
Israel,ISR,1999,13.436122,41.279358,0.839,Asia
Israel,ISR,2000,20.8738,43.60874,0.839,Asia
Israel,ISR,2001,17.3786,45.636974,0.841,Asia
Israel,ISR,2002,17.7646,45.242188,0.846,Asia
Israel,ISR,2003,19.5934,43.84642,0.847,Asia
Israel,ISR,2004,22.7705,42.976406,0.85,Asia
Israel,ISR,2005,25.194,42.21452,0.858,Asia
Israel,ISR,2006,27.8811,41.33807,0.867,Asia
Israel,ISR,2007,48.1281,39.988865,0.878,Asia
Israel,ISR,2008,59.39,38.613937,0.878,Asia
Israel,ISR,2009,63.12,40.101757,0.884,Asia
Israel,ISR,2010,67.5,41.042717,0.889,Asia
Israel,ISR,2011,68.8739,42.041256,0.892,Asia
Israel,ISR,2012,70.8,43.03509,0.893,Asia
Israel,ISR,2013,70.2503,43.534897,0.899,Asia
Israel,ISR,2014,75.0178,43.45132,0.902,Asia
Israel,ISR,2015,77.3521,44.12585,0.902,Asia
Israel,ISR,2016,79.6531,44.817814,0.905,Asia
Israel,ISR,2017,81.5812,44.61391,0.908,Asia
Israel,ISR,2018,83.7332,41.96944,0.911,Asia
Israel,ISR,2019,86.7879,42.248512,0.913,Asia
Israel,ISR,2020,90.1273,45.382862,0.912,Asia
Israel,ISR,2021,90.2969,45.79703,0.918,Asia
Israel,ISR,2022,91.8508,45.329174,0.921,Asia
Italy,ITA,1990,0.017544562,41.605755,0.787,Europe
Italy,ITA,1991,0.035063256,42.3235,0.792,Europe
Italy,ITA,1992,0.070053436,43.560154,0.8,Europe
Italy,ITA,1993,0.12246206,44.59149,0.806,Europe
Italy,ITA,1994,0.19230463,46.7413,0.816,Europe
Italy,ITA,1995,0.5244128,48.957157,0.823,Europe
Italy,ITA,1996,1.0232899,49.492958,0.829,Europe
Italy,ITA,1997,2.276738,51.241856,0.836,Europe
Italy,ITA,1998,4.5585194,52.790176,0.84,Europe
Italy,ITA,1999,14.37841,53.541145,0.845,Europe
Italy,ITA,2000,23.1109,54.765713,0.849,Europe
Italy,ITA,2001,27.2221,55.51546,0.856,Europe
Italy,ITA,2002,28.04,53.204258,0.862,Europe
Italy,ITA,2003,29.04,52.36671,0.866,Europe
Italy,ITA,2004,33.24,52.286514,0.874,Europe
Italy,ITA,2005,35.0,53.438343,0.876,Europe
Italy,ITA,2006,37.99,54.01589,0.881,Europe
Italy,ITA,2007,40.79,56.36849,0.885,Europe
Italy,ITA,2008,44.53,57.795113,0.885,Europe
Italy,ITA,2009,48.83,57.79575,0.884,Europe
Italy,ITA,2010,53.68,58.415897,0.887,Europe
Italy,ITA,2011,54.39,60.869076,0.89,Europe
Italy,ITA,2012,55.83,60.95377,0.887,Europe
Italy,ITA,2013,58.4593,60.57737,0.887,Europe
Italy,ITA,2014,55.6385,60.517704,0.89,Europe
Italy,ITA,2015,58.1417,60.275845,0.889,Europe
Italy,ITA,2016,61.3243,62.454334,0.894,Europe
Italy,ITA,2017,63.0773,63.58544,0.897,Europe
Italy,ITA,2018,74.3872,62.97492,0.902,Europe
Italy,ITA,2019,67.8507,65.8622,0.906,Europe
Italy,ITA,2020,70.4834,68.21557,0.899,Europe
Italy,ITA,2021,74.8623,68.10817,0.908,Europe
Italy,ITA,2022,85.0607,68.23803,0.905,Europe
Italy,ITA,2023,87.0278,67.24595,0.915,Europe
Jamaica,JAM,1990,0.0,8.301429,0.662,Americas
Jamaica,JAM,1991,0.0,7.9880033,0.662,Americas
Jamaica,JAM,1992,0.0,8.350536,0.664,Americas
Jamaica,JAM,1993,0.0,8.976048,0.664,Americas
Jamaica,JAM,1994,0.036817104,8.780737,0.664,Americas
Jamaica,JAM,1995,0.10948799,8.557294,0.665,Americas
Jamaica,JAM,1996,0.5911458,8.663814,0.664,Americas
Jamaica,JAM,1997,0.79779744,8.657555,0.663,Americas
Jamaica,JAM,1998,1.9787263,8.676959,0.662,Americas
Jamaica,JAM,1999,2.3556886,9.127175,0.662,Americas
Jamaica,JAM,2000,3.11578,9.424597,0.659,Americas
Jamaica,JAM,2001,3.86302,9.345383,0.668,Americas
Jamaica,JAM,2002,6.1,8.566368,0.672,Americas
Jamaica,JAM,2003,7.8,9.27422,0.668,Americas
Jamaica,JAM,2004,10.0,9.435917,0.684,Americas
Jamaica,JAM,2005,12.8,10.069793,0.687,Americas
Jamaica,JAM,2006,16.4,9.820955,0.696,Americas
Jamaica,JAM,2007,21.1,10.13409,0.704,Americas
Jamaica,JAM,2008,23.6,9.985479,0.711,Americas
Jamaica,JAM,2009,24.3,10.431489,0.711,Americas
Jamaica,JAM,2010,27.67,10.94098,0.708,Americas
Jamaica,JAM,2011,37.4386,11.315962,0.711,Americas
Jamaica,JAM,2012,33.79,11.71804,0.711,Americas
Jamaica,JAM,2013,37.1,11.900149,0.711,Americas
Jamaica,JAM,2014,40.4027,11.870486,0.712,Americas
Jamaica,JAM,2015,42.2212,11.735018,0.713,Americas
Jamaica,JAM,2016,44.3669,11.443997,0.714,Americas
Jamaica,JAM,2017,55.0721,11.408021,0.715,Americas
Jamaica,JAM,2018,68.2145,11.329076,0.715,Americas
Jamaica,JAM,2019,70.841,11.116047,0.716,Americas
Jamaica,JAM,2020,76.384,11.1236925,0.711,Americas
Jamaica,JAM,2021,82.3607,11.36853,0.703,Americas
Jamaica,JAM,2022,85.1185,10.883335,0.718,Americas
Japan,JPN,1990,0.020293683,31.656733,0.853,Asia
Japan,JPN,1991,0.04043804,33.826954,0.857,Asia
Japan,JPN,1992,0.096678026,35.487663,0.859,Asia
Japan,JPN,1993,0.4012775,37.547256,0.865,Asia
Japan,JPN,1994,0.7996843,38.223274,0.872,Asia
Japan,JPN,1995,1.5943631,40.2015,0.874,Asia
Japan,JPN,1996,4.372982,42.296825,0.88,Asia
Japan,JPN,1997,9.163077,42.642437,0.883,Asia
Japan,JPN,1998,13.414041,42.90856,0.884,Asia
Japan,JPN,1999,21.39129,43.710182,0.885,Asia
Japan,JPN,2000,29.9907,45.020416,0.889,Asia
Japan,JPN,2001,38.5321,45.43232,0.892,Asia
Japan,JPN,2002,46.5942,46.569473,0.894,Asia
Japan,JPN,2003,48.4353,47.31541,0.896,Asia
Japan,JPN,2004,62.3939,48.13347,0.899,Asia
Japan,JPN,2005,66.9211,49.435562,0.9,Asia
Japan,JPN,2006,68.6853,49.527164,0.903,Asia
Japan,JPN,2007,74.3,50.43969,0.905,Asia
Japan,JPN,2008,75.4,50.23082,0.905,Asia
Japan,JPN,2009,78.0,49.356903,0.905,Asia
Japan,JPN,2010,78.21,51.380127,0.907,Asia
Japan,JPN,2011,79.0541,51.01339,0.906,Asia
Japan,JPN,2012,79.4964,50.722515,0.909,Asia
Japan,JPN,2013,88.2194,50.891685,0.912,Asia
Japan,JPN,2014,89.1068,49.72513,0.914,Asia
Japan,JPN,2015,91.058,51.098133,0.917,Asia
Japan,JPN,2016,93.1827,50.0244,0.918,Asia
Japan,JPN,2017,91.7265,49.2588,0.92,Asia
Japan,JPN,2018,88.7464,48.393433,0.921,Asia
Japan,JPN,2019,92.7304,48.807823,0.922,Asia
Japan,JPN,2020,90.2195,48.21869,0.922,Asia
Japan,JPN,2021,82.9141,48.555424,0.922,Asia
Japan,JPN,2022,84.9234,48.202896,0.921,Asia
Jordan,JOR,1990,0.0,,0.619,Asia
Jordan,JOR,1991,0.0,,0.625,Asia
Jordan,JOR,1992,0.0,,0.638,Asia
Jordan,JOR,1993,0.0,,0.643,Asia
Jordan,JOR,1994,0.0,,0.647,Asia
Jordan,JOR,1995,0.02323392,,0.653,Asia
Jordan,JOR,1996,0.04493855,,0.657,Asia
Jordan,JOR,1997,0.5993411,,0.661,Asia
Jordan,JOR,1998,1.3058883,,0.664,Asia
Jordan,JOR,1999,2.5269654,,0.668,Asia
Jordan,JOR,2000,2.62328,,0.672,Asia
Jordan,JOR,2001,4.70572,,0.679,Asia
Jordan,JOR,2002,6.02553,,0.686,Asia
Jordan,JOR,2003,8.46601,,0.693,Asia
Jordan,JOR,2004,11.6587,,0.705,Asia
Jordan,JOR,2005,12.9329,11.859115,0.713,Asia
Jordan,JOR,2006,13.8671,12.678817,0.719,Asia
Jordan,JOR,2007,20.0,13.097758,0.725,Asia
Jordan,JOR,2008,23.0,15.306282,0.733,Asia
Jordan,JOR,2009,26.0,16.751163,0.735,Asia
Jordan,JOR,2010,27.2,18.70598,0.732,Asia
Jordan,JOR,2011,34.9,22.272488,0.734,Asia
Jordan,JOR,2012,37.0,23.068405,0.74,Asia
Jordan,JOR,2013,41.4,22.94838,0.742,Asia
Jordan,JOR,2014,46.2,22.336058,0.742,Asia
Jordan,JOR,2015,54.22,20.072813,0.743,Asia
Jordan,JOR,2016,56.15,18.624786,0.745,Asia
Jordan,JOR,2017,64.5,19.599241,0.747,Asia
Jordan,JOR,2018,65.2,19.233986,0.747,Asia
Jordan,JOR,2019,70.0847,18.61745,0.75,Asia
Jordan,JOR,2020,78.4178,19.08391,0.743,Asia
Jordan,JOR,2021,86.0,18.672287,0.736,Asia
Jordan,JOR,2022,90.5,16.71004,0.751,Asia
Kazakhstan,KAZ,1990,0.0,,0.689,Asia
Kazakhstan,KAZ,1991,0.0,,0.683,Asia
Kazakhstan,KAZ,1992,0.0,,0.68,Asia
Kazakhstan,KAZ,1993,0.0,,0.673,Asia
Kazakhstan,KAZ,1994,0.000521079,,0.666,Asia
Kazakhstan,KAZ,1995,0.011302355,,0.665,Asia
Kazakhstan,KAZ,1996,0.03182451,,0.669,Asia
Kazakhstan,KAZ,1997,0.06459676,,0.673,Asia
Kazakhstan,KAZ,1998,0.1310696,,0.678,Asia
Kazakhstan,KAZ,1999,0.4642772,,0.683,Asia
Kazakhstan,KAZ,2000,0.668594,,0.692,Asia
Kazakhstan,KAZ,2001,1.00612,,0.707,Asia
Kazakhstan,KAZ,2002,1.67477,,0.72,Asia
Kazakhstan,KAZ,2003,2.00041,,0.732,Asia
Kazakhstan,KAZ,2004,2.65039,,0.743,Asia
Kazakhstan,KAZ,2005,2.96171,13.893486,0.754,Asia
Kazakhstan,KAZ,2006,3.26837,16.667099,0.765,Asia
Kazakhstan,KAZ,2007,4.02,18.915222,0.772,Asia
Kazakhstan,KAZ,2008,11.0,21.434372,0.771,Asia
Kazakhstan,KAZ,2009,18.2,20.287937,0.774,Asia
Kazakhstan,KAZ,2010,31.6,23.497858,0.781,Asia
Kazakhstan,KAZ,2011,50.6,28.283356,0.79,Asia
Kazakhstan,KAZ,2012,61.9066,28.997568,0.799,Asia
Kazakhstan,KAZ,2013,63.3042,30.454824,0.808,Asia
Kazakhstan,KAZ,2014,66.0,30.431162,0.813,Asia
Kazakhstan,KAZ,2015,70.8299,28.705862,0.819,Asia
Kazakhstan,KAZ,2016,74.5877,28.926252,0.82,Asia
Kazakhstan,KAZ,2017,76.4267,30.83024,0.824,Asia
Kazakhstan,KAZ,2018,78.9039,30.004585,0.828,Asia
Kazakhstan,KAZ,2019,81.8776,34.4494,0.834,Asia
Kazakhstan,KAZ,2020,85.9426,36.95479,0.826,Asia
Kazakhstan,KAZ,2021,90.924,35.812603,0.816,Asia
Kazakhstan,KAZ,2022,92.2969,35.64295,0.831,Asia
Kazakhstan,KAZ,2023,92.8785,37.569973,0.837,Asia
Kenya,KEN,1990,0.0,,0.485,Africa
Kenya,KEN,1991,0.0,,0.485,Africa
Kenya,KEN,1992,0.0,,0.484,Africa
Kenya,KEN,1993,0.0,,0.483,Africa
Kenya,KEN,1994,0.0,,0.484,Africa
Kenya,KEN,1995,0.000727482,,0.488,Africa
Kenya,KEN,1996,0.008839115,,0.491,Africa
Kenya,KEN,1997,0.03440605,,0.493,Africa
Kenya,KEN,1998,0.05026139,,0.496,Africa
Kenya,KEN,1999,0.114256024,,0.499,Africa
Kenya,KEN,2000,0.31806,,0.5,Africa
Kenya,KEN,2001,0.619782,,0.505,Africa
Kenya,KEN,2002,1.20777,,0.504,Africa
Kenya,KEN,2003,2.9419,,0.515,Africa
Kenya,KEN,2004,3.02353,,0.526,Africa
Kenya,KEN,2005,3.1019,2.826362,0.532,Africa
Kenya,KEN,2006,3.6,3.0759826,0.541,Africa
Kenya,KEN,2007,4.4,3.2216182,0.548,Africa
Kenya,KEN,2008,5.2,3.267086,0.553,Africa
Kenya,KEN,2009,6.1,3.5648894,0.553,Africa
Kenya,KEN,2010,7.2,3.9132981,0.552,Africa
Kenya,KEN,2011,8.8,4.1123605,0.56,Africa
Kenya,KEN,2012,10.5,4.454724,0.565,Africa
Kenya,KEN,2013,13.0,4.663761,0.57,Africa
Kenya,KEN,2014,16.5,5.041246,0.576,Africa
Kenya,KEN,2015,16.5879,5.5361843,0.583,Africa
Kenya,KEN,2016,16.6,5.7847333,0.594,Africa
Kenya,KEN,2017,17.8271,6.111132,0.599,Africa
Kenya,KEN,2018,19.5,6.5443134,0.605,Africa
Kenya,KEN,2019,22.6688,7.109526,0.611,Africa
Kenya,KEN,2020,27.5774,7.3366227,0.6,Africa
Kenya,KEN,2021,38.2459,7.523492,0.608,Africa
Kenya,KEN,2022,40.8137,7.5669017,0.626,Africa
Kiribati,KIR,1990,0.0,,,Oceania
Kiribati,KIR,1991,0.0,,,Oceania
Kiribati,KIR,1992,0.0,,,Oceania
Kiribati,KIR,1993,0.0,,,Oceania
Kiribati,KIR,1994,0.0,,,Oceania
Kiribati,KIR,1995,0.0,,,Oceania
Kiribati,KIR,1998,0.6165456,,,Oceania
Kiribati,KIR,1999,1.2115779,,,Oceania
Kiribati,KIR,2000,1.78523,,,Oceania
Kiribati,KIR,2001,2.33746,,,Oceania
Kiribati,KIR,2002,2.5,,,Oceania
Kiribati,KIR,2003,3.0,,,Oceania
Kiribati,KIR,2004,3.5,,,Oceania
Kiribati,KIR,2005,4.0,,0.588,Oceania
Kiribati,KIR,2006,4.5,,0.593,Oceania
Kiribati,KIR,2007,6.0,,0.596,Oceania
Kiribati,KIR,2008,7.0,,0.596,Oceania
Kiribati,KIR,2009,8.97,,0.598,Oceania
Kiribati,KIR,2010,9.07,,0.6,Oceania
Kiribati,KIR,2011,10.0,,0.603,Oceania
Kiribati,KIR,2012,10.7468,,0.608,Oceania
Kiribati,KIR,2013,11.5,,0.613,Oceania
Kiribati,KIR,2014,12.25,,0.615,Oceania
Kiribati,KIR,2015,14.9,,0.623,Oceania
Kiribati,KIR,2016,19.4194,,0.627,Oceania
Kiribati,KIR,2017,25.3096,,0.63,Oceania
Kiribati,KIR,2018,32.9864,,0.633,Oceania
Kiribati,KIR,2019,42.9917,,0.635,Oceania
Kiribati,KIR,2020,52.0585,,0.632,Oceania
Kiribati,KIR,2021,54.0494,,0.631,Oceania
Kiribati,KIR,2022,54.4214,,0.642,Oceania
Kosovo,OWID_KOS,2017,83.8936,,,
Kosovo,OWID_KOS,2018,89.443,,,
Kuwait,KWT,1990,0.0,,0.698,Asia
Kuwait,KWT,1991,0.0,,0.685,Asia
Kuwait,KWT,1992,0.0,,0.699,Asia
Kuwait,KWT,1993,0.091082245,,0.704,Asia
Kuwait,KWT,1994,0.1471627,,0.734,Asia
Kuwait,KWT,1995,0.20289843,,0.763,Asia
Kuwait,KWT,1996,0.85566235,,0.769,Asia
Kuwait,KWT,1997,2.1745358,,0.765,Asia
Kuwait,KWT,1998,3.0523975,,0.77,Asia
Kuwait,KWT,1999,4.7562222,,0.773,Asia
Kuwait,KWT,2000,6.7314,,0.778,Asia
Kuwait,KWT,2001,8.55179,,0.777,Asia
Kuwait,KWT,2002,10.249,,0.783,Asia
Kuwait,KWT,2003,22.4029,,0.795,Asia
Kuwait,KWT,2004,22.9271,,0.798,Asia
Kuwait,KWT,2005,25.9261,73.79275,0.798,Asia
Kuwait,KWT,2006,28.7912,79.99835,0.799,Asia
Kuwait,KWT,2007,34.8,76.15396,0.801,Asia
Kuwait,KWT,2008,42.0,88.30951,0.805,Asia
Kuwait,KWT,2009,50.8,62.26877,0.809,Asia
Kuwait,KWT,2010,61.4,65.496895,0.812,Asia
Kuwait,KWT,2011,65.7691,78.189896,0.817,Asia
Kuwait,KWT,2012,70.45,82.62019,0.822,Asia
Kuwait,KWT,2013,75.46,77.87301,0.814,Asia
Kuwait,KWT,2014,78.7,68.34523,0.818,Asia
Kuwait,KWT,2015,82.0,43.624123,0.832,Asia
Kuwait,KWT,2016,85.6,41.381035,0.836,Asia
Kuwait,KWT,2017,98.0,43.14085,0.838,Asia
Kuwait,KWT,2018,99.5988,46.236053,0.84,Asia
Kuwait,KWT,2019,99.5427,45.809654,0.843,Asia
Kuwait,KWT,2020,99.1059,48.220043,0.837,Asia
Kuwait,KWT,2021,99.7,46.68491,0.839,Asia
Kuwait,KWT,2022,99.8436,43.3374,0.845,Asia
Kuwait,KWT,2023,99.7473,37.383858,0.852,Asia
Kyrgyzstan,KGZ,1990,0.0,,0.649,Asia
Kyrgyzstan,KGZ,1991,0.0,,0.643,Asia
Kyrgyzstan,KGZ,1992,0.0,,0.631,Asia
Kyrgyzstan,KGZ,1993,0.0,,0.615,Asia
Kyrgyzstan,KGZ,1994,0.0,,0.595,Asia
Kyrgyzstan,KGZ,1995,0.0,,0.59,Asia
Kyrgyzstan,KGZ,1998,0.07280833,,0.613,Asia
Kyrgyzstan,KGZ,1999,0.20471135,,0.619,Asia
Kyrgyzstan,KGZ,2000,1.0414,,0.627,Asia
Kyrgyzstan,KGZ,2001,3.00294,,0.634,Asia
Kyrgyzstan,KGZ,2002,2.99927,,0.635,Asia
Kyrgyzstan,KGZ,2003,3.90877,,0.642,Asia
Kyrgyzstan,KGZ,2004,5.09039,,0.646,Asia
Kyrgyzstan,KGZ,2005,10.5338,4.430661,0.648,Asia
Kyrgyzstan,KGZ,2006,12.3069,5.0378933,0.652,Asia
Kyrgyzstan,KGZ,2007,14.03,5.543575,0.658,Asia
Kyrgyzstan,KGZ,2008,15.7,6.4064913,0.666,Asia
Kyrgyzstan,KGZ,2009,16.0,6.316838,0.669,Asia
Kyrgyzstan,KGZ,2010,16.3,6.1863008,0.668,Asia
Kyrgyzstan,KGZ,2011,17.5,7.1753173,0.67,Asia
Kyrgyzstan,KGZ,2012,19.8,7.6877375,0.679,Asia
Kyrgyzstan,KGZ,2013,23.0,8.366298,0.686,Asia
Kyrgyzstan,KGZ,2014,28.3,11.145361,0.691,Asia
Kyrgyzstan,KGZ,2015,30.247,7.7262826,0.695,Asia
Kyrgyzstan,KGZ,2016,40.5,,0.7,Asia
Kyrgyzstan,KGZ,2017,50.8,,0.704,Asia
Kyrgyzstan,KGZ,2018,62.8,8.839995,0.708,Asia
Kyrgyzstan,KGZ,2019,64.1,8.824071,0.708,Asia
Kyrgyzstan,KGZ,2020,72.0,9.205623,0.7,Asia
Kyrgyzstan,KGZ,2021,74.6424,8.897503,0.704,Asia
Kyrgyzstan,KGZ,2022,79.7703,10.51431,0.717,Asia
Laos,LAO,1990,0.0,,0.409,Asia
Laos,LAO,1991,0.0,,0.415,Asia
Laos,LAO,1992,0.0,,0.42,Asia
Laos,LAO,1993,0.0,,0.426,Asia
Laos,LAO,1994,0.0,,0.434,Asia
Laos,LAO,1995,0.0,,0.436,Asia
Laos,LAO,1998,0.009657814,,0.462,Asia
Laos,LAO,1999,0.03778071,,0.469,Asia
Laos,LAO,2000,0.111044,,0.473,Asia
Laos,LAO,2001,0.181664,,0.479,Asia
Laos,LAO,2002,0.267899,,0.488,Asia
Laos,LAO,2003,0.333912,,0.496,Asia
Laos,LAO,2004,0.361434,,0.505,Asia
Laos,LAO,2005,0.850357,,0.514,Asia
Laos,LAO,2006,1.16989,,0.515,Asia
Laos,LAO,2007,1.64,,0.529,Asia
Laos,LAO,2008,3.55,,0.537,Asia
Laos,LAO,2009,6.0,,0.548,Asia
Laos,LAO,2010,7.0,,0.556,Asia
Laos,LAO,2011,9.0,,0.567,Asia
Laos,LAO,2012,10.7477,,0.577,Asia
Laos,LAO,2013,12.5,,0.587,Asia
Laos,LAO,2014,14.26,,0.597,Asia
Laos,LAO,2015,18.2,,0.604,Asia
Laos,LAO,2016,21.87,,0.609,Asia
Laos,LAO,2017,25.5104,,0.612,Asia
Laos,LAO,2018,36.3,,0.613,Asia
Laos,LAO,2019,47.0323,,0.615,Asia
Laos,LAO,2020,54.0,,0.616,Asia
Laos,LAO,2021,62.0,,0.613,Asia
Laos,LAO,2022,66.1548,,0.614,Asia
Latin America and Caribbean (WB),,1990,0.0,,0.55,
Latin America and Caribbean (WB),,1990,0.0,,0.514,
Latin America and Caribbean (WB),,1990,0.0,,0.674,
Latin America and Caribbean (WB),,1990,0.0,,0.7739702,
Latin America and Caribbean (WB),,1990,0.0,,0.569,
Latin America and Caribbean (WB),,1990,0.0,,0.8043755,
Latin America and Caribbean (WB),,1990,0.0,,0.648,
Latin America and Caribbean (WB),,1990,0.0,,0.346,
Latin America and Caribbean (WB),,1990,0.0,,0.439,
Latin America and Caribbean (WB),,1990,0.0,,0.6497253,
Latin America and Caribbean (WB),,1990,0.0,,0.454,
Latin America and Caribbean (WB),,1990,0.0,,0.405,
Latin America and Caribbean (WB),,1990,0.0,,0.797,
Latin America and Caribbean (WB),,1991,0.0022112164,,0.552,
Latin America and Caribbean (WB),,1991,0.0022112164,,0.522,
Latin America and Caribbean (WB),,1991,0.0022112164,,0.671,
Latin America and Caribbean (WB),,1991,0.0022112164,,0.7779599,
Latin America and Caribbean (WB),,1991,0.0022112164,,0.574,
Latin America and Caribbean (WB),,1991,0.0022112164,,0.806783,
Latin America and Caribbean (WB),,1991,0.0022112164,,0.653,
Latin America and Caribbean (WB),,1991,0.0022112164,,0.348,
Latin America and Caribbean (WB),,1991,0.0022112164,,0.44,
Latin America and Caribbean (WB),,1991,0.0022112164,,0.6547653,
Latin America and Caribbean (WB),,1991,0.0022112164,,0.458,
Latin America and Caribbean (WB),,1991,0.0022112164,,0.409,
Latin America and Caribbean (WB),,1991,0.0022112164,,0.8,
Latin America and Caribbean (WB),,1992,0.009616999,,0.561,
Latin America and Caribbean (WB),,1992,0.009616999,,0.531,
Latin America and Caribbean (WB),,1992,0.009616999,,0.664,
Latin America and Caribbean (WB),,1992,0.009616999,,0.78332764,
Latin America and Caribbean (WB),,1992,0.009616999,,0.58,
Latin America and Caribbean (WB),,1992,0.009616999,,0.80932313,
Latin America and Caribbean (WB),,1992,0.009616999,,0.657,
Latin America and Caribbean (WB),,1992,0.009616999,,0.352,
Latin America and Caribbean (WB),,1992,0.009616999,,0.445,
Latin America and Caribbean (WB),,1992,0.009616999,,0.65902275,
Latin America and Caribbean (WB),,1992,0.009616999,,0.464,
Latin America and Caribbean (WB),,1992,0.009616999,,0.408,
Latin America and Caribbean (WB),,1992,0.009616999,,0.802,
Latin America and Caribbean (WB),,1993,0.02112183,,0.571,
Latin America and Caribbean (WB),,1993,0.02112183,,0.541,
Latin America and Caribbean (WB),,1993,0.02112183,,0.659,
Latin America and Caribbean (WB),,1993,0.02112183,,0.79047537,
Latin America and Caribbean (WB),,1993,0.02112183,,0.586,
Latin America and Caribbean (WB),,1993,0.02112183,,0.81150347,
Latin America and Caribbean (WB),,1993,0.02112183,,0.661,
Latin America and Caribbean (WB),,1993,0.02112183,,0.356,
Latin America and Caribbean (WB),,1993,0.02112183,,0.449,
Latin America and Caribbean (WB),,1993,0.02112183,,0.66415447,
Latin America and Caribbean (WB),,1993,0.02112183,,0.468,
Latin America and Caribbean (WB),,1993,0.02112183,,0.411,
Latin America and Caribbean (WB),,1993,0.02112183,,0.804,
Latin America and Caribbean (WB),,1994,0.043305334,,0.577,
Latin America and Caribbean (WB),,1994,0.043305334,,0.55,
Latin America and Caribbean (WB),,1994,0.043305334,,0.654,
Latin America and Caribbean (WB),,1994,0.043305334,,0.7999784,
Latin America and Caribbean (WB),,1994,0.043305334,,0.591,
Latin America and Caribbean (WB),,1994,0.043305334,,0.81610936,
Latin America and Caribbean (WB),,1994,0.043305334,,0.666,
Latin America and Caribbean (WB),,1994,0.043305334,,0.361,
Latin America and Caribbean (WB),,1994,0.043305334,,0.453,
Latin America and Caribbean (WB),,1994,0.043305334,,0.66946566,
Latin America and Caribbean (WB),,1994,0.043305334,,0.472,
Latin America and Caribbean (WB),,1994,0.043305334,,0.413,
Latin America and Caribbean (WB),,1994,0.043305334,,0.809,
Latin America and Caribbean (WB),,1995,0.10557496,,0.582,
Latin America and Caribbean (WB),,1995,0.10557496,,0.559,
Latin America and Caribbean (WB),,1995,0.10557496,,0.7735119,
Latin America and Caribbean (WB),,1995,0.10557496,,0.658,
Latin America and Caribbean (WB),,1995,0.10557496,,0.8133682,
Latin America and Caribbean (WB),,1995,0.10557496,,0.599,
Latin America and Caribbean (WB),,1995,0.10557496,,0.8224163,
Latin America and Caribbean (WB),,1995,0.10557496,,0.67,
Latin America and Caribbean (WB),,1995,0.10557496,,0.368,
Latin America and Caribbean (WB),,1995,0.10557496,,0.459,
Latin America and Caribbean (WB),,1995,0.10557496,,0.6756636,
Latin America and Caribbean (WB),,1995,0.10557496,,0.478,
Latin America and Caribbean (WB),,1995,0.10557496,,0.42,
Latin America and Caribbean (WB),,1995,0.10557496,,0.812,
Latin America and Caribbean (WB),,1996,0.31010798,,0.59,
Latin America and Caribbean (WB),,1996,0.31010798,,0.57,
Latin America and Caribbean (WB),,1996,0.31010798,,0.7801411,
Latin America and Caribbean (WB),,1996,0.31010798,,0.662,
Latin America and Caribbean (WB),,1996,0.31010798,,0.82013655,
Latin America and Caribbean (WB),,1996,0.31010798,,0.607,
Latin America and Caribbean (WB),,1996,0.31010798,,0.82840586,
Latin America and Caribbean (WB),,1996,0.31010798,,0.676,
Latin America and Caribbean (WB),,1996,0.31010798,,0.373,
Latin America and Caribbean (WB),,1996,0.31010798,,0.466,
Latin America and Caribbean (WB),,1996,0.31010798,,0.6810407,
Latin America and Caribbean (WB),,1996,0.31010798,,0.484,
Latin America and Caribbean (WB),,1996,0.31010798,,0.423,
Latin America and Caribbean (WB),,1996,0.31010798,,0.818,
Latin America and Caribbean (WB),,1997,0.6091093,,0.596,
Latin America and Caribbean (WB),,1997,0.6091093,,0.579,
Latin America and Caribbean (WB),,1997,0.6091093,,0.7872637,
Latin America and Caribbean (WB),,1997,0.6091093,,0.668,
Latin America and Caribbean (WB),,1997,0.6091093,,0.8263604,
Latin America and Caribbean (WB),,1997,0.6091093,,0.615,
Latin America and Caribbean (WB),,1997,0.6091093,,0.83428735,
Latin America and Caribbean (WB),,1997,0.6091093,,0.683,
Latin America and Caribbean (WB),,1997,0.6091093,,0.378,
Latin America and Caribbean (WB),,1997,0.6091093,,0.472,
Latin America and Caribbean (WB),,1997,0.6091093,,0.6869894,
Latin America and Caribbean (WB),,1997,0.6091093,,0.49,
Latin America and Caribbean (WB),,1997,0.6091093,,0.427,
Latin America and Caribbean (WB),,1997,0.6091093,,0.824,
Latin America and Caribbean (WB),,1998,1.2292743,,0.603,
Latin America and Caribbean (WB),,1998,1.2292743,,0.586,
Latin America and Caribbean (WB),,1998,1.2292743,,0.7928959,
Latin America and Caribbean (WB),,1998,1.2292743,,0.674,
Latin America and Caribbean (WB),,1998,1.2292743,,0.8325962,
Latin America and Caribbean (WB),,1998,1.2292743,,0.622,
Latin America and Caribbean (WB),,1998,1.2292743,,0.83827734,
Latin America and Caribbean (WB),,1998,1.2292743,,0.688,
Latin America and Caribbean (WB),,1998,1.2292743,,0.382,
Latin America and Caribbean (WB),,1998,1.2292743,,0.478,
Latin America and Caribbean (WB),,1998,1.2292743,,0.6915652,
Latin America and Caribbean (WB),,1998,1.2292743,,0.496,
Latin America and Caribbean (WB),,1998,1.2292743,,0.43,
Latin America and Caribbean (WB),,1998,1.2292743,,0.829,
Latin America and Caribbean (WB),,1999,2.0488389,,0.609,
Latin America and Caribbean (WB),,1999,2.0488389,,0.594,
Latin America and Caribbean (WB),,1999,2.0488389,,0.7974899,
Latin America and Caribbean (WB),,1999,2.0488389,,0.676,
Latin America and Caribbean (WB),,1999,2.0488389,,0.8380795,
Latin America and Caribbean (WB),,1999,2.0488389,,0.628,
Latin America and Caribbean (WB),,1999,2.0488389,,0.84187406,
Latin America and Caribbean (WB),,1999,2.0488389,,0.692,
Latin America and Caribbean (WB),,1999,2.0488389,,0.39,
Latin America and Caribbean (WB),,1999,2.0488389,,0.48673937,
Latin America and Caribbean (WB),,1999,2.0488389,,0.485,
Latin America and Caribbean (WB),,1999,2.0488389,,0.69540364,
Latin America and Caribbean (WB),,1999,2.0488389,,0.503,
Latin America and Caribbean (WB),,1999,2.0488389,,0.433,
Latin America and Caribbean (WB),,1999,2.0488389,,0.832,
Latin America and Caribbean (WB),,2000,3.8864288,,0.4245854,
Latin America and Caribbean (WB),,2000,3.8864288,,0.615,
Latin America and Caribbean (WB),,2000,3.8864288,,0.569869,
Latin America and Caribbean (WB),,2000,3.8864288,,0.604,
Latin America and Caribbean (WB),,2000,3.8864288,,0.8080217,
Latin America and Caribbean (WB),,2000,3.8864288,,0.686,
Latin America and Caribbean (WB),,2000,3.8864288,,0.8433045,
Latin America and Caribbean (WB),,2000,3.8864288,,0.636,
Latin America and Caribbean (WB),,2000,3.8864288,,0.84814763,
Latin America and Caribbean (WB),,2000,3.8864288,,0.697,
Latin America and Caribbean (WB),,2000,3.8864288,,0.393,
Latin America and Caribbean (WB),,2000,3.8864288,,0.49990252,
Latin America and Caribbean (WB),,2000,3.8864288,,0.491,
Latin America and Caribbean (WB),,2000,3.8864288,,0.81713676,
Latin America and Caribbean (WB),,2000,3.8864288,,0.70062786,
Latin America and Caribbean (WB),,2000,3.8864288,,0.508,
Latin America and Caribbean (WB),,2000,3.8864288,,0.435,
Latin America and Caribbean (WB),,2000,3.8864288,,0.6285039,
Latin America and Caribbean (WB),,2000,3.8864288,,0.838,
Latin America and Caribbean (WB),,2001,5.630853,,0.4292593,
Latin America and Caribbean (WB),,2001,5.630853,,0.621,
Latin America and Caribbean (WB),,2001,5.630853,,0.5783103,
Latin America and Caribbean (WB),,2001,5.630853,,0.612,
Latin America and Caribbean (WB),,2001,5.630853,,0.81529015,
Latin America and Caribbean (WB),,2001,5.630853,,0.693,
Latin America and Caribbean (WB),,2001,5.630853,,0.84985864,
Latin America and Caribbean (WB),,2001,5.630853,,0.643,
Latin America and Caribbean (WB),,2001,5.630853,,0.8533231,
Latin America and Caribbean (WB),,2001,5.630853,,0.702,
Latin America and Caribbean (WB),,2001,5.630853,,0.401,
Latin America and Caribbean (WB),,2001,5.630853,,0.5078028,
Latin America and Caribbean (WB),,2001,5.630853,,0.5,
Latin America and Caribbean (WB),,2001,5.630853,,0.819591,
Latin America and Caribbean (WB),,2001,5.630853,,0.7054202,
Latin America and Caribbean (WB),,2001,5.630853,,0.517,
Latin America and Caribbean (WB),,2001,5.630853,,0.441,
Latin America and Caribbean (WB),,2001,5.630853,,0.63662523,
Latin America and Caribbean (WB),,2001,5.630853,,0.843,
Latin America and Caribbean (WB),,2002,8.860226,,0.43494922,
Latin America and Caribbean (WB),,2002,8.860226,,0.626,
Latin America and Caribbean (WB),,2002,8.860226,,0.5859656,
Latin America and Caribbean (WB),,2002,8.860226,,0.622,
Latin America and Caribbean (WB),,2002,8.860226,,0.8208476,
Latin America and Caribbean (WB),,2002,8.860226,,0.701,
Latin America and Caribbean (WB),,2002,8.860226,,0.85488456,
Latin America and Caribbean (WB),,2002,8.860226,,0.651,
Latin America and Caribbean (WB),,2002,8.860226,,0.85723525,
Latin America and Caribbean (WB),,2002,8.860226,,0.706,
Latin America and Caribbean (WB),,2002,8.860226,,0.407,
Latin America and Caribbean (WB),,2002,8.860226,,0.5139684,
Latin America and Caribbean (WB),,2002,8.860226,,0.506,
Latin America and Caribbean (WB),,2002,8.860226,,0.8224308,
Latin America and Caribbean (WB),,2002,8.860226,,0.71004105,
Latin America and Caribbean (WB),,2002,8.860226,,0.523,
Latin America and Caribbean (WB),,2002,8.860226,,0.449,
Latin America and Caribbean (WB),,2002,8.860226,,0.645688,
Latin America and Caribbean (WB),,2002,8.860226,,0.847,
Latin America and Caribbean (WB),,2003,11.26512,,0.44065332,
Latin America and Caribbean (WB),,2003,11.26512,,0.63,
Latin America and Caribbean (WB),,2003,11.26512,,0.5955544,
Latin America and Caribbean (WB),,2003,11.26512,,0.632,
Latin America and Caribbean (WB),,2003,11.26512,,0.8275237,
Latin America and Caribbean (WB),,2003,11.26512,,0.709,
Latin America and Caribbean (WB),,2003,11.26512,,0.85958296,
Latin America and Caribbean (WB),,2003,11.26512,,0.659,
Latin America and Caribbean (WB),,2003,11.26512,,0.8615973,
Latin America and Caribbean (WB),,2003,11.26512,,0.711,
Latin America and Caribbean (WB),,2003,11.26512,,0.414,
Latin America and Caribbean (WB),,2003,11.26512,,0.5242137,
Latin America and Caribbean (WB),,2003,11.26512,,0.516,
Latin America and Caribbean (WB),,2003,11.26512,,0.8255375,
Latin America and Caribbean (WB),,2003,11.26512,,0.7139729,
Latin America and Caribbean (WB),,2003,11.26512,,0.535,
Latin America and Caribbean (WB),,2003,11.26512,,0.457,
Latin America and Caribbean (WB),,2003,11.26512,,0.65426606,
Latin America and Caribbean (WB),,2003,11.26512,,0.852,
Latin America and Caribbean (WB),,2004,14.393677,,0.44817433,
Latin America and Caribbean (WB),,2004,14.393677,,0.638,
Latin America and Caribbean (WB),,2004,14.393677,,0.6048904,
Latin America and Caribbean (WB),,2004,14.393677,,0.641,
Latin America and Caribbean (WB),,2004,14.393677,,0.83400583,
Latin America and Caribbean (WB),,2004,14.393677,,0.716,
Latin America and Caribbean (WB),,2004,14.393677,,0.8654416,
Latin America and Caribbean (WB),,2004,14.393677,,0.666,
Latin America and Caribbean (WB),,2004,14.393677,,0.8671708,
Latin America and Caribbean (WB),,2004,14.393677,,0.717,
Latin America and Caribbean (WB),,2004,14.393677,,0.424,
Latin America and Caribbean (WB),,2004,14.393677,,0.533825,
Latin America and Caribbean (WB),,2004,14.393677,,0.526,
Latin America and Caribbean (WB),,2004,14.393677,,0.83012056,
Latin America and Caribbean (WB),,2004,14.393677,,0.7216664,
Latin America and Caribbean (WB),,2004,14.393677,,0.543,
Latin America and Caribbean (WB),,2004,14.393677,,0.466,
Latin America and Caribbean (WB),,2004,14.393677,,0.66330206,
Latin America and Caribbean (WB),,2004,14.393677,,0.857,
Latin America and Caribbean (WB),,2005,16.6,,0.461668,
Latin America and Caribbean (WB),,2005,16.6,,0.645,
Latin America and Caribbean (WB),,2005,16.6,,0.61573684,
Latin America and Caribbean (WB),,2005,16.6,,0.652,
Latin America and Caribbean (WB),,2005,16.6,,0.84263706,
Latin America and Caribbean (WB),,2005,16.6,,0.72,
Latin America and Caribbean (WB),,2005,16.6,,0.8698894,
Latin America and Caribbean (WB),,2005,16.6,,0.675,
Latin America and Caribbean (WB),,2005,16.6,,0.87086254,
Latin America and Caribbean (WB),,2005,16.6,,0.723,
Latin America and Caribbean (WB),,2005,16.6,,0.433,
Latin America and Caribbean (WB),,2005,16.6,,0.34204078,
Latin America and Caribbean (WB),,2005,16.6,,0.5434632,
Latin America and Caribbean (WB),,2005,16.6,,0.535,
Latin America and Caribbean (WB),,2005,16.6,,0.8332466,
Latin America and Caribbean (WB),,2005,16.6,,0.80804354,
Latin America and Caribbean (WB),,2005,16.6,,0.727708,
Latin America and Caribbean (WB),,2005,16.6,,0.552,
Latin America and Caribbean (WB),,2005,16.6,,0.473,
Latin America and Caribbean (WB),,2005,16.6,,0.6755118,
Latin America and Caribbean (WB),,2005,16.6,,0.861,
Latin America and Caribbean (WB),,2006,20.7,,0.46813595,
Latin America and Caribbean (WB),,2006,20.7,,0.652,
Latin America and Caribbean (WB),,2006,20.7,,0.6248776,
Latin America and Caribbean (WB),,2006,20.7,,0.662,
Latin America and Caribbean (WB),,2006,20.7,,0.848911,
Latin America and Caribbean (WB),,2006,20.7,,0.728,
Latin America and Caribbean (WB),,2006,20.7,,0.87523013,
Latin America and Caribbean (WB),,2006,20.7,,0.683,
Latin America and Caribbean (WB),,2006,20.7,,0.87583596,
Latin America and Caribbean (WB),,2006,20.7,,0.729,
Latin America and Caribbean (WB),,2006,20.7,,0.442,
Latin America and Caribbean (WB),,2006,20.7,,0.35059604,
Latin America and Caribbean (WB),,2006,20.7,,0.55155903,
Latin America and Caribbean (WB),,2006,20.7,,0.543,
Latin America and Caribbean (WB),,2006,20.7,,0.8386846,
Latin America and Caribbean (WB),,2006,20.7,,0.8101854,
Latin America and Caribbean (WB),,2006,20.7,,0.73351294,
Latin America and Caribbean (WB),,2006,20.7,,0.561,
Latin America and Caribbean (WB),,2006,20.7,,0.481,
Latin America and Caribbean (WB),,2006,20.7,,0.6853619,
Latin America and Caribbean (WB),,2006,20.7,,0.866,
Latin America and Caribbean (WB),,2007,23.7,,0.4750963,
Latin America and Caribbean (WB),,2007,23.7,,0.658,
Latin America and Caribbean (WB),,2007,23.7,,0.63415104,
Latin America and Caribbean (WB),,2007,23.7,,0.673,
Latin America and Caribbean (WB),,2007,23.7,,0.8548727,
Latin America and Caribbean (WB),,2007,23.7,,0.736,
Latin America and Caribbean (WB),,2007,23.7,,0.87925476,
Latin America and Caribbean (WB),,2007,23.7,,0.692,
Latin America and Caribbean (WB),,2007,23.7,,0.8802514,
Latin America and Caribbean (WB),,2007,23.7,,0.736,
Latin America and Caribbean (WB),,2007,23.7,,0.45,
Latin America and Caribbean (WB),,2007,23.7,,0.3596332,
Latin America and Caribbean (WB),,2007,23.7,,0.5593327,
Latin America and Caribbean (WB),,2007,23.7,,0.551,
Latin America and Caribbean (WB),,2007,23.7,,0.84200835,
Latin America and Caribbean (WB),,2007,23.7,,0.8121299,
Latin America and Caribbean (WB),,2007,23.7,,0.74158055,
Latin America and Caribbean (WB),,2007,23.7,,0.569,
Latin America and Caribbean (WB),,2007,23.7,,0.489,
Latin America and Caribbean (WB),,2007,23.7,,0.6958714,
Latin America and Caribbean (WB),,2007,23.7,,0.87,
Latin America and Caribbean (WB),,2008,26.5,,0.49759457,
Latin America and Caribbean (WB),,2008,26.5,,0.661,
Latin America and Caribbean (WB),,2008,26.5,,0.64034575,
Latin America and Caribbean (WB),,2008,26.5,,0.68,
Latin America and Caribbean (WB),,2008,26.5,,0.8590917,
Latin America and Caribbean (WB),,2008,26.5,,0.74,
Latin America and Caribbean (WB),,2008,26.5,,0.88218033,
Latin America and Caribbean (WB),,2008,26.5,,0.699,
Latin America and Caribbean (WB),,2008,26.5,,0.8827478,
Latin America and Caribbean (WB),,2008,26.5,,0.742,
Latin America and Caribbean (WB),,2008,26.5,,0.457,
Latin America and Caribbean (WB),,2008,26.5,,0.39877075,
Latin America and Caribbean (WB),,2008,26.5,,0.56541926,
Latin America and Caribbean (WB),,2008,26.5,,0.558,
Latin America and Caribbean (WB),,2008,26.5,,0.8433985,
Latin America and Caribbean (WB),,2008,26.5,,0.8153273,
Latin America and Caribbean (WB),,2008,26.5,,0.7485009,
Latin America and Caribbean (WB),,2008,26.5,,0.575,
Latin America and Caribbean (WB),,2008,26.5,,0.497,
Latin America and Caribbean (WB),,2008,26.5,,0.7032563,
Latin America and Caribbean (WB),,2008,26.5,,0.872,
Latin America and Caribbean (WB),,2009,31.0,,0.5021216,
Latin America and Caribbean (WB),,2009,31.0,,0.666,
Latin America and Caribbean (WB),,2009,31.0,,0.64756656,
Latin America and Caribbean (WB),,2009,31.0,,0.69,
Latin America and Caribbean (WB),,2009,31.0,,0.8599548,
Latin America and Caribbean (WB),,2009,31.0,,0.742,
Latin America and Caribbean (WB),,2009,31.0,,0.8833343,
Latin America and Caribbean (WB),,2009,31.0,,0.706,
Latin America and Caribbean (WB),,2009,31.0,,0.8837552,
Latin America and Caribbean (WB),,2009,31.0,,0.743,
Latin America and Caribbean (WB),,2009,31.0,,0.461,
Latin America and Caribbean (WB),,2009,31.0,,0.402766,
Latin America and Caribbean (WB),,2009,31.0,,0.5710855,
Latin America and Caribbean (WB),,2009,31.0,,0.565,
Latin America and Caribbean (WB),,2009,31.0,,0.8439207,
Latin America and Caribbean (WB),,2009,31.0,,0.81803006,
Latin America and Caribbean (WB),,2009,31.0,,0.7512326,
Latin America and Caribbean (WB),,2009,31.0,,0.58,
Latin America and Caribbean (WB),,2009,31.0,,0.503,
Latin America and Caribbean (WB),,2009,31.0,,0.71126586,
Latin America and Caribbean (WB),,2009,31.0,,0.874,
Latin America and Caribbean (WB),,2010,34.7,,0.513888,
Latin America and Caribbean (WB),,2010,34.7,,0.67,
Latin America and Caribbean (WB),,2010,34.7,,0.65679175,
Latin America and Caribbean (WB),,2010,34.7,,0.699,
Latin America and Caribbean (WB),,2010,34.7,,0.8645471,
Latin America and Caribbean (WB),,2010,34.7,,0.753,
Latin America and Caribbean (WB),,2010,34.7,,0.8875532,
Latin America and Caribbean (WB),,2010,34.7,,0.714,
Latin America and Caribbean (WB),,2010,34.7,,0.88799495,
Latin America and Caribbean (WB),,2010,34.7,,0.747,
Latin America and Caribbean (WB),,2010,34.7,,0.467,
Latin America and Caribbean (WB),,2010,34.7,,0.42096916,
Latin America and Caribbean (WB),,2010,34.7,,0.57957613,
Latin America and Caribbean (WB),,2010,34.7,,0.573,
Latin America and Caribbean (WB),,2010,34.7,,0.84561443,
Latin America and Caribbean (WB),,2010,34.7,,0.82062435,
Latin America and Caribbean (WB),,2010,34.7,,0.75787014,
Latin America and Caribbean (WB),,2010,34.7,,0.59,
Latin America and Caribbean (WB),,2010,34.7,,0.51,
Latin America and Caribbean (WB),,2010,34.7,,0.72018623,
Latin America and Caribbean (WB),,2010,34.7,,0.879,
Latin America and Caribbean (WB),,2011,39.3,,0.52003187,
Latin America and Caribbean (WB),,2011,39.3,,0.672,
Latin America and Caribbean (WB),,2011,39.3,,0.66498727,
Latin America and Caribbean (WB),,2011,39.3,,0.706,
Latin America and Caribbean (WB),,2011,39.3,,0.87022907,
Latin America and Caribbean (WB),,2011,39.3,,0.761,
Latin America and Caribbean (WB),,2011,39.3,,0.89193636,
Latin America and Caribbean (WB),,2011,39.3,,0.72,
Latin America and Caribbean (WB),,2011,39.3,,0.8916487,
Latin America and Caribbean (WB),,2011,39.3,,0.753,
Latin America and Caribbean (WB),,2011,39.3,,0.471,
Latin America and Caribbean (WB),,2011,39.3,,0.4269735,
Latin America and Caribbean (WB),,2011,39.3,,0.5894755,
Latin America and Caribbean (WB),,2011,39.3,,0.584,
Latin America and Caribbean (WB),,2011,39.3,,0.8494359,
Latin America and Caribbean (WB),,2011,39.3,,0.8243534,
Latin America and Caribbean (WB),,2011,39.3,,0.7633919,
Latin America and Caribbean (WB),,2011,39.3,,0.601,
Latin America and Caribbean (WB),,2011,39.3,,0.517,
Latin America and Caribbean (WB),,2011,39.3,,0.7270223,
Latin America and Caribbean (WB),,2011,39.3,,0.883,
Latin America and Caribbean (WB),,2012,43.0,,0.5260907,
Latin America and Caribbean (WB),,2012,43.0,,0.68,
Latin America and Caribbean (WB),,2012,43.0,,0.67128,
Latin America and Caribbean (WB),,2012,43.0,,0.713,
Latin America and Caribbean (WB),,2012,43.0,,0.87196416,
Latin America and Caribbean (WB),,2012,43.0,,0.767,
Latin America and Caribbean (WB),,2012,43.0,,0.8927878,
Latin America and Caribbean (WB),,2012,43.0,,0.727,
Latin America and Caribbean (WB),,2012,43.0,,0.8941138,
Latin America and Caribbean (WB),,2012,43.0,,0.758,
Latin America and Caribbean (WB),,2012,43.0,,0.477,
Latin America and Caribbean (WB),,2012,43.0,,0.43000394,
Latin America and Caribbean (WB),,2012,43.0,,0.5956914,
Latin America and Caribbean (WB),,2012,43.0,,0.59,
Latin America and Caribbean (WB),,2012,43.0,,0.8532949,
Latin America and Caribbean (WB),,2012,43.0,,0.82798356,
Latin America and Caribbean (WB),,2012,43.0,,0.7674748,
Latin America and Caribbean (WB),,2012,43.0,,0.606,
Latin America and Caribbean (WB),,2012,43.0,,0.523,
Latin America and Caribbean (WB),,2012,43.0,,0.73412,
Latin America and Caribbean (WB),,2012,43.0,,0.886,
Latin America and Caribbean (WB),,2013,46.1,,0.53123987,
Latin America and Caribbean (WB),,2013,46.1,,0.683,
Latin America and Caribbean (WB),,2013,46.1,,0.677284,
Latin America and Caribbean (WB),,2013,46.1,,0.72,
Latin America and Caribbean (WB),,2013,46.1,,0.87687457,
Latin America and Caribbean (WB),,2013,46.1,,0.78,
Latin America and Caribbean (WB),,2013,46.1,,0.8967906,
Latin America and Caribbean (WB),,2013,46.1,,0.733,
Latin America and Caribbean (WB),,2013,46.1,,0.8981406,
Latin America and Caribbean (WB),,2013,46.1,,0.762,
Latin America and Caribbean (WB),,2013,46.1,,0.482,
Latin America and Caribbean (WB),,2013,46.1,,0.432075,
Latin America and Caribbean (WB),,2013,46.1,,0.60151386,
Latin America and Caribbean (WB),,2013,46.1,,0.595,
Latin America and Caribbean (WB),,2013,46.1,,0.85496044,
Latin America and Caribbean (WB),,2013,46.1,,0.8279558,
Latin America and Caribbean (WB),,2013,46.1,,0.7731587,
Latin America and Caribbean (WB),,2013,46.1,,0.611,
Latin America and Caribbean (WB),,2013,46.1,,0.528,
Latin America and Caribbean (WB),,2013,46.1,,0.7406829,
Latin America and Caribbean (WB),,2013,46.1,,0.892,
Latin America and Caribbean (WB),,2014,48.7,,0.5367227,
Latin America and Caribbean (WB),,2014,48.7,,0.688,
Latin America and Caribbean (WB),,2014,48.7,,0.68550044,
Latin America and Caribbean (WB),,2014,48.7,,0.728,
Latin America and Caribbean (WB),,2014,48.7,,0.87929887,
Latin America and Caribbean (WB),,2014,48.7,,0.785,
Latin America and Caribbean (WB),,2014,48.7,,0.8999237,
Latin America and Caribbean (WB),,2014,48.7,,0.739,
Latin America and Caribbean (WB),,2014,48.7,,0.90055966,
Latin America and Caribbean (WB),,2014,48.7,,0.765,
Latin America and Caribbean (WB),,2014,48.7,,0.488,
Latin America and Caribbean (WB),,2014,48.7,,0.43649974,
Latin America and Caribbean (WB),,2014,48.7,,0.60980934,
Latin America and Caribbean (WB),,2014,48.7,,0.604,
Latin America and Caribbean (WB),,2014,48.7,,0.85716856,
Latin America and Caribbean (WB),,2014,48.7,,0.8310525,
Latin America and Caribbean (WB),,2014,48.7,,0.7760436,
Latin America and Caribbean (WB),,2014,48.7,,0.62,
Latin America and Caribbean (WB),,2014,48.7,,0.534,
Latin America and Caribbean (WB),,2014,48.7,,0.7478326,
Latin America and Caribbean (WB),,2014,48.7,,0.895,
Latin America and Caribbean (WB),,2015,54.3,,0.5425902,
Latin America and Caribbean (WB),,2015,54.3,,0.693,
Latin America and Caribbean (WB),,2015,54.3,,0.6922845,
Latin America and Caribbean (WB),,2015,54.3,,0.735,
Latin America and Caribbean (WB),,2015,54.3,,0.88032347,
Latin America and Caribbean (WB),,2015,54.3,,0.789,
Latin America and Caribbean (WB),,2015,54.3,,0.9017791,
Latin America and Caribbean (WB),,2015,54.3,,0.744,
Latin America and Caribbean (WB),,2015,54.3,,0.9027572,
Latin America and Caribbean (WB),,2015,54.3,,0.767,
Latin America and Caribbean (WB),,2015,54.3,,0.491,
Latin America and Caribbean (WB),,2015,54.3,,0.43883622,
Latin America and Caribbean (WB),,2015,54.3,,0.6173714,
Latin America and Caribbean (WB),,2015,54.3,,0.611,
Latin America and Caribbean (WB),,2015,54.3,,0.8591236,
Latin America and Caribbean (WB),,2015,54.3,,0.8333656,
Latin America and Caribbean (WB),,2015,54.3,,0.7772507,
Latin America and Caribbean (WB),,2015,54.3,,0.627,
Latin America and Caribbean (WB),,2015,54.3,,0.54,
Latin America and Caribbean (WB),,2015,54.3,,0.7533915,
Latin America and Caribbean (WB),,2015,54.3,,0.898,
Latin America and Caribbean (WB),,2016,57.5,,0.5466387,
Latin America and Caribbean (WB),,2016,57.5,,0.698,
Latin America and Caribbean (WB),,2016,57.5,,0.6996885,
Latin America and Caribbean (WB),,2016,57.5,,0.742,
Latin America and Caribbean (WB),,2016,57.5,,0.8832819,
Latin America and Caribbean (WB),,2016,57.5,,0.793,
Latin America and Caribbean (WB),,2016,57.5,,0.9050324,
Latin America and Caribbean (WB),,2016,57.5,,0.749,
Latin America and Caribbean (WB),,2016,57.5,,0.90514636,
Latin America and Caribbean (WB),,2016,57.5,,0.769,
Latin America and Caribbean (WB),,2016,57.5,,0.497,
Latin America and Caribbean (WB),,2016,57.5,,0.4427982,
Latin America and Caribbean (WB),,2016,57.5,,0.62547666,
Latin America and Caribbean (WB),,2016,57.5,,0.62,
Latin America and Caribbean (WB),,2016,57.5,,0.86142576,
Latin America and Caribbean (WB),,2016,57.5,,0.83567315,
Latin America and Caribbean (WB),,2016,57.5,,0.7784721,
Latin America and Caribbean (WB),,2016,57.5,,0.637,
Latin America and Caribbean (WB),,2016,57.5,,0.543,
Latin America and Caribbean (WB),,2016,57.5,,0.7588624,
Latin America and Caribbean (WB),,2016,57.5,,0.9,
Latin America and Caribbean (WB),,2017,62.3,,0.5504002,
Latin America and Caribbean (WB),,2017,62.3,,0.702,
Latin America and Caribbean (WB),,2017,62.3,,0.7046988,
Latin America and Caribbean (WB),,2017,62.3,,0.749,
Latin America and Caribbean (WB),,2017,62.3,,0.8861951,
Latin America and Caribbean (WB),,2017,62.3,,0.8,
Latin America and Caribbean (WB),,2017,62.3,,0.9075523,
Latin America and Caribbean (WB),,2017,62.3,,0.754,
Latin America and Caribbean (WB),,2017,62.3,,0.90792,
Latin America and Caribbean (WB),,2017,62.3,,0.772,
Latin America and Caribbean (WB),,2017,62.3,,0.5,
Latin America and Caribbean (WB),,2017,62.3,,0.44619104,
Latin America and Caribbean (WB),,2017,62.3,,0.62979513,
Latin America and Caribbean (WB),,2017,62.3,,0.624,
Latin America and Caribbean (WB),,2017,62.3,,0.8636879,
Latin America and Caribbean (WB),,2017,62.3,,0.83694863,
Latin America and Caribbean (WB),,2017,62.3,,0.7811188,
Latin America and Caribbean (WB),,2017,62.3,,0.641,
Latin America and Caribbean (WB),,2017,62.3,,0.546,
Latin America and Caribbean (WB),,2017,62.3,,0.7643767,
Latin America and Caribbean (WB),,2017,62.3,,0.903,
Latin America and Caribbean (WB),,2018,65.3,,0.5558327,
Latin America and Caribbean (WB),,2018,65.3,,0.707,
Latin America and Caribbean (WB),,2018,65.3,,0.7085525,
Latin America and Caribbean (WB),,2018,65.3,,0.756,
Latin America and Caribbean (WB),,2018,65.3,,0.88933504,
Latin America and Caribbean (WB),,2018,65.3,,0.804,
Latin America and Caribbean (WB),,2018,65.3,,0.9103591,
Latin America and Caribbean (WB),,2018,65.3,,0.76,
Latin America and Caribbean (WB),,2018,65.3,,0.91105837,
Latin America and Caribbean (WB),,2018,65.3,,0.774,
Latin America and Caribbean (WB),,2018,65.3,,0.504,
Latin America and Caribbean (WB),,2018,65.3,,0.4525536,
Latin America and Caribbean (WB),,2018,65.3,,0.6321534,
Latin America and Caribbean (WB),,2018,65.3,,0.627,
Latin America and Caribbean (WB),,2018,65.3,,0.8665236,
Latin America and Caribbean (WB),,2018,65.3,,0.84073627,
Latin America and Caribbean (WB),,2018,65.3,,0.7836532,
Latin America and Caribbean (WB),,2018,65.3,,0.642,
Latin America and Caribbean (WB),,2018,65.3,,0.551,
Latin America and Caribbean (WB),,2018,65.3,,0.7702497,
Latin America and Caribbean (WB),,2018,65.3,,0.906,
Latin America and Caribbean (WB),,2019,68.0,,0.56035364,
Latin America and Caribbean (WB),,2019,68.0,,0.712,
Latin America and Caribbean (WB),,2019,68.0,,0.7126623,
Latin America and Caribbean (WB),,2019,68.0,,0.761,
Latin America and Caribbean (WB),,2019,68.0,,0.89306754,
Latin America and Caribbean (WB),,2019,68.0,,0.808,
Latin America and Caribbean (WB),,2019,68.0,,0.9143795,
Latin America and Caribbean (WB),,2019,68.0,,0.765,
Latin America and Caribbean (WB),,2019,68.0,,0.91397655,
Latin America and Caribbean (WB),,2019,68.0,,0.776,
Latin America and Caribbean (WB),,2019,68.0,,0.507,
Latin America and Caribbean (WB),,2019,68.0,,0.45707306,
Latin America and Caribbean (WB),,2019,68.0,,0.63645244,
Latin America and Caribbean (WB),,2019,68.0,,0.631,
Latin America and Caribbean (WB),,2019,68.0,,0.8687238,
Latin America and Caribbean (WB),,2019,68.0,,0.8431121,
Latin America and Caribbean (WB),,2019,68.0,,0.78433996,
Latin America and Caribbean (WB),,2019,68.0,,0.645,
Latin America and Caribbean (WB),,2019,68.0,,0.557,
Latin America and Caribbean (WB),,2019,68.0,,0.7744862,
Latin America and Caribbean (WB),,2019,68.0,,0.909,
Latin America and Caribbean (WB),,2020,74.1,,0.5594648,
Latin America and Caribbean (WB),,2020,74.1,,0.707,
Latin America and Caribbean (WB),,2020,74.1,,0.7130719,
Latin America and Caribbean (WB),,2020,74.1,,0.764,
Latin America and Caribbean (WB),,2020,74.1,,0.8829021,
Latin America and Caribbean (WB),,2020,74.1,,0.802,
Latin America and Caribbean (WB),,2020,74.1,,0.90954304,
Latin America and Caribbean (WB),,2020,74.1,,0.763,
Latin America and Caribbean (WB),,2020,74.1,,0.9056104,
Latin America and Caribbean (WB),,2020,74.1,,0.764,
Latin America and Caribbean (WB),,2020,74.1,,0.507,
Latin America and Caribbean (WB),,2020,74.1,,0.45871836,
Latin America and Caribbean (WB),,2020,74.1,,0.6364669,
Latin America and Caribbean (WB),,2020,74.1,,0.631,
Latin America and Caribbean (WB),,2020,74.1,,0.85540247,
Latin America and Caribbean (WB),,2020,74.1,,0.84438473,
Latin America and Caribbean (WB),,2020,74.1,,0.7736417,
Latin America and Caribbean (WB),,2020,74.1,,0.645,
Latin America and Caribbean (WB),,2020,74.1,,0.557,
Latin America and Caribbean (WB),,2020,74.1,,0.7720838,
Latin America and Caribbean (WB),,2020,74.1,,0.901,
Latin America and Caribbean (WB),,2021,76.0,,0.56110394,
Latin America and Caribbean (WB),,2021,76.0,,0.71,
Latin America and Caribbean (WB),,2021,76.0,,0.71319216,
Latin America and Caribbean (WB),,2021,76.0,,0.768,
Latin America and Caribbean (WB),,2021,76.0,,0.88542944,
Latin America and Caribbean (WB),,2021,76.0,,0.803,
Latin America and Caribbean (WB),,2021,76.0,,0.914425,
Latin America and Caribbean (WB),,2021,76.0,,0.766,
Latin America and Caribbean (WB),,2021,76.0,,0.90697354,
Latin America and Caribbean (WB),,2021,76.0,,0.762,
Latin America and Caribbean (WB),,2021,76.0,,0.507,
Latin America and Caribbean (WB),,2021,76.0,,0.4588084,
Latin America and Caribbean (WB),,2021,76.0,,0.63409626,
Latin America and Caribbean (WB),,2021,76.0,,0.629,
Latin America and Caribbean (WB),,2021,76.0,,0.8522403,
Latin America and Caribbean (WB),,2021,76.0,,0.84548646,
Latin America and Caribbean (WB),,2021,76.0,,0.77192116,
Latin America and Caribbean (WB),,2021,76.0,,0.641,
Latin America and Caribbean (WB),,2021,76.0,,0.558,
Latin America and Caribbean (WB),,2021,76.0,,0.77544844,
Latin America and Caribbean (WB),,2021,76.0,,0.903,
Latin America and Caribbean (WB),,2022,77.6,,0.5714846,
Latin America and Caribbean (WB),,2022,77.6,,0.716,
Latin America and Caribbean (WB),,2022,77.6,,0.7262154,
Latin America and Caribbean (WB),,2022,77.6,,0.773,
Latin America and Caribbean (WB),,2022,77.6,,0.89101297,
Latin America and Caribbean (WB),,2022,77.6,,0.815,
Latin America and Caribbean (WB),,2022,77.6,,0.91688347,
Latin America and Caribbean (WB),,2022,77.6,,0.774,
Latin America and Caribbean (WB),,2022,77.6,,0.91196257,
Latin America and Caribbean (WB),,2022,77.6,,0.778,
Latin America and Caribbean (WB),,2022,77.6,,0.512,
Latin America and Caribbean (WB),,2022,77.6,,0.47149748,
Latin America and Caribbean (WB),,2022,77.6,,0.6529091,
Latin America and Caribbean (WB),,2022,77.6,,0.649,
Latin America and Caribbean (WB),,2022,77.6,,0.86384416,
Latin America and Caribbean (WB),,2022,77.6,,0.84466344,
Latin America and Caribbean (WB),,2022,77.6,,0.7865941,
Latin America and Caribbean (WB),,2022,77.6,,0.665,
Latin America and Caribbean (WB),,2022,77.6,,0.565,
Latin America and Caribbean (WB),,2022,77.6,,0.7832832,
Latin America and Caribbean (WB),,2022,77.6,,0.908,
Latin America and Caribbean (WB),,2023,81.0,,0.5760591,
Latin America and Caribbean (WB),,2023,81.0,,0.719,
Latin America and Caribbean (WB),,2023,81.0,,0.73009235,
Latin America and Caribbean (WB),,2023,81.0,,,
Latin America and Caribbean (WB),,2023,81.0,,,
Latin America and Caribbean (WB),,2023,81.0,,,
Latin America and Caribbean (WB),,2023,81.0,,0.775,
Latin America and Caribbean (WB),,2023,81.0,,0.89665455,
Latin America and Caribbean (WB),,2023,81.0,,0.818,
Latin America and Caribbean (WB),,2023,81.0,,0.92227614,
Latin America and Caribbean (WB),,2023,81.0,,,
Latin America and Caribbean (WB),,2023,81.0,,,
Latin America and Caribbean (WB),,2023,81.0,,,
Latin America and Caribbean (WB),,2023,81.0,,,
Latin America and Caribbean (WB),,2023,81.0,,0.777,
Latin America and Caribbean (WB),,2023,81.0,,0.9179597,
Latin America and Caribbean (WB),,2023,81.0,,,
Latin America and Caribbean (WB),,2023,81.0,,,
Latin America and Caribbean (WB),,2023,81.0,,,
Latin America and Caribbean (WB),,2023,81.0,,,
Latin America and Caribbean (WB),,2023,81.0,,,
Latin America and Caribbean (WB),,2023,81.0,,0.783,
Latin America and Caribbean (WB),,2023,81.0,,0.515,
Latin America and Caribbean (WB),,2023,81.0,,0.47806427,
Latin America and Caribbean (WB),,2023,81.0,,0.6585855,
Latin America and Caribbean (WB),,2023,81.0,,0.656,
Latin America and Caribbean (WB),,2023,81.0,,0.8702258,
Latin America and Caribbean (WB),,2023,81.0,,0.84926206,
Latin America and Caribbean (WB),,2023,81.0,,,
Latin America and Caribbean (WB),,2023,81.0,,,
Latin America and Caribbean (WB),,2023,81.0,,0.79245985,
Latin America and Caribbean (WB),,2023,81.0,,0.672,
Latin America and Caribbean (WB),,2023,81.0,,0.568,
Latin America and Caribbean (WB),,2023,81.0,,,
Latin America and Caribbean (WB),,2023,81.0,,0.78573513,
Latin America and Caribbean (WB),,2023,81.0,,0.914,
Latvia,LVA,1990,0.0,,0.736,Europe
Latvia,LVA,1991,0.0,,0.733,Europe
Latvia,LVA,1992,0.0,,0.709,Europe
Latvia,LVA,1993,0.0,,0.692,Europe
Latvia,LVA,1994,0.0,,0.686,Europe
Latvia,LVA,1995,0.0,14.999943,0.695,Europe
Latvia,LVA,1996,0.8127171,14.981981,0.714,Europe
Latvia,LVA,1997,2.0534546,15.059661,0.727,Europe
Latvia,LVA,1998,3.3152678,16.234789,0.738,Europe
Latvia,LVA,1999,4.387409,17.322245,0.753,Europe
Latvia,LVA,2000,6.31906,18.661888,0.764,Europe
Latvia,LVA,2001,7.21935,19.513866,0.775,Europe
Latvia,LVA,2002,21.94,20.475597,0.786,Europe
Latvia,LVA,2003,26.98,20.522976,0.798,Europe
Latvia,LVA,2004,38.58,21.492228,0.809,Europe
Latvia,LVA,2005,46.0,22.736782,0.818,Europe
Latvia,LVA,2006,53.63,23.280346,0.823,Europe
Latvia,LVA,2007,59.17,24.708496,0.829,Europe
Latvia,LVA,2008,63.41,26.198425,0.837,Europe
Latvia,LVA,2009,66.84,28.059578,0.836,Europe
Latvia,LVA,2010,68.42,30.8719,0.833,Europe
Latvia,LVA,2011,69.75,32.149395,0.84,Europe
Latvia,LVA,2012,73.1199,33.910015,0.843,Europe
Latvia,LVA,2013,75.2344,32.79807,0.852,Europe
Latvia,LVA,2014,75.8261,34.407726,0.854,Europe
Latvia,LVA,2015,79.2006,35.79208,0.859,Europe
Latvia,LVA,2016,79.8421,36.694527,0.864,Europe
Latvia,LVA,2017,80.1141,38.950283,0.87,Europe
Latvia,LVA,2018,83.5772,38.739853,0.875,Europe
Latvia,LVA,2019,86.1355,40.054237,0.88,Europe
Latvia,LVA,2020,88.898,41.9574,0.879,Europe
Latvia,LVA,2021,91.1796,43.45259,0.871,Europe
Latvia,LVA,2022,91.0301,43.02536,0.881,Europe
Latvia,LVA,2023,92.1879,43.99355,0.889,Europe
Lebanon,LBN,1990,0.0,,,Asia
Lebanon,LBN,1991,0.0,,,Asia
Lebanon,LBN,1992,0.0,,,Asia
Lebanon,LBN,1993,0.0,,,Asia
Lebanon,LBN,1994,0.0,,,Asia
Lebanon,LBN,1995,0.07161799,,,Asia
Lebanon,LBN,1996,0.14016694,,,Asia
Lebanon,LBN,1997,1.2410797,,,Asia
Lebanon,LBN,1998,2.7223523,,,Asia
Lebanon,LBN,1999,5.3768096,,,Asia
Lebanon,LBN,2000,7.95274,,,Asia
Lebanon,LBN,2001,6.78322,,,Asia
Lebanon,LBN,2002,7.0,,,Asia
Lebanon,LBN,2003,8.0,,,Asia
Lebanon,LBN,2004,9.0,,,Asia
Lebanon,LBN,2005,10.14,18.179987,0.71,Asia
Lebanon,LBN,2006,15.0,17.779432,0.713,Asia
Lebanon,LBN,2007,18.74,19.253906,0.726,Asia
Lebanon,LBN,2008,22.53,20.836359,0.734,Asia
Lebanon,LBN,2009,30.14,22.837755,0.743,Asia
Lebanon,LBN,2010,43.68,23.936813,0.75,Asia
Lebanon,LBN,2011,52.0,22.836386,0.758,Asia
Lebanon,LBN,2012,61.2498,23.2049,0.762,Asia
Lebanon,LBN,2013,70.5,22.33844,0.762,Asia
Lebanon,LBN,2014,73.0,21.308762,0.761,Asia
Lebanon,LBN,2015,74.0,22.700865,0.763,Asia
Lebanon,LBN,2016,76.11,25.654816,0.767,Asia
Lebanon,LBN,2017,78.1808,27.934513,0.772,Asia
Lebanon,LBN,2018,80.9,30.345118,0.774,Asia
Lebanon,LBN,2019,84.3,32.321648,0.771,Asia
Lebanon,LBN,2020,87.8607,18.423698,0.75,Asia
Lebanon,LBN,2021,87.8626,17.921291,0.733,Asia
Lebanon,LBN,2022,90.0522,17.214817,0.755,Asia
Lesotho,LSO,1990,0.0,,0.483,Africa
Lesotho,LSO,1991,0.0,,0.482,Africa
Lesotho,LSO,1992,0.0,,0.481,Africa
Lesotho,LSO,1993,0.0,,0.477,Africa
Lesotho,LSO,1994,0.0,,0.478,Africa
Lesotho,LSO,1995,0.0,,0.476,Africa
Lesotho,LSO,1996,0.00284594,,0.473,Africa
Lesotho,LSO,1997,0.005584433,,0.469,Africa
Lesotho,LSO,1998,0.010956533,,0.469,Africa
Lesotho,LSO,1999,0.05380446,,0.462,Africa
Lesotho,LSO,2000,0.211806,,0.462,Africa
Lesotho,LSO,2001,0.26115,,0.457,Africa
Lesotho,LSO,2002,1.08394,,0.455,Africa
Lesotho,LSO,2003,1.5325,,0.456,Africa
Lesotho,LSO,2004,2.17552,,0.454,Africa
Lesotho,LSO,2005,2.58025,,0.454,Africa
Lesotho,LSO,2006,2.97971,,0.451,Africa
Lesotho,LSO,2007,3.44543,,0.458,Africa
Lesotho,LSO,2008,3.58,,0.463,Africa
Lesotho,LSO,2009,3.72,,0.468,Africa
Lesotho,LSO,2010,3.86,,0.478,Africa
Lesotho,LSO,2011,7.0,,0.485,Africa
Lesotho,LSO,2012,10.0,,0.496,Africa
Lesotho,LSO,2013,15.0,,0.502,Africa
Lesotho,LSO,2014,22.0,,0.509,Africa
Lesotho,LSO,2015,25.0,,0.517,Africa
Lesotho,LSO,2016,32.4539,,0.526,Africa
Lesotho,LSO,2017,39.0,,0.531,Africa
Lesotho,LSO,2018,40.8,,0.538,Africa
Lesotho,LSO,2019,42.3017,,0.541,Africa
Lesotho,LSO,2020,40.4172,,0.537,Africa
Lesotho,LSO,2021,43.6957,,0.532,Africa
Lesotho,LSO,2022,47.0368,,0.547,Africa
Liberia,LBR,1990,0.0,,,Africa
Liberia,LBR,1991,0.0,,,Africa
Liberia,LBR,1992,0.0,,,Africa
Liberia,LBR,1993,0.0,,,Africa
Liberia,LBR,1994,0.0,,,Africa
Liberia,LBR,1995,0.0,,,Africa
Liberia,LBR,1997,0.004489443,,,Africa
Liberia,LBR,1998,0.004099387,,,Africa
Liberia,LBR,1999,0.011328732,,0.403,Africa
Liberia,LBR,2000,0.0177027,,0.443,Africa
Liberia,LBR,2001,0.0338122,,0.448,Africa
Liberia,LBR,2002,0.0327133,,0.453,Africa
Liberia,LBR,2003,0.0318689,,0.429,Africa
Liberia,LBR,2004,0.0310112,,0.442,Africa
Liberia,LBR,2007,0.551377,,0.455,Africa
Liberia,LBR,2008,0.53,,0.459,Africa
Liberia,LBR,2009,2.0,,0.463,Africa
Liberia,LBR,2010,2.3,,0.467,Africa
Liberia,LBR,2011,2.5,,0.471,Africa
Liberia,LBR,2012,2.6,,0.475,Africa
Liberia,LBR,2013,3.2,,0.481,Africa
Liberia,LBR,2014,5.41,,0.479,Africa
Liberia,LBR,2015,10.0,,0.48,Africa
Liberia,LBR,2016,15.7,,0.485,Africa
Liberia,LBR,2017,16.3,,0.491,Africa
Liberia,LBR,2018,18.9,,0.495,Africa
Liberia,LBR,2019,23.4826,,0.497,Africa
Liberia,LBR,2020,27.4519,,0.498,Africa
Liberia,LBR,2021,27.8136,,0.503,Africa
Liberia,LBR,2022,30.1275,,0.508,Africa
Libya,LBY,1990,0.0,,0.69,Africa
Libya,LBY,1991,0.0,,0.7,Africa
Libya,LBY,1992,0.0,,0.703,Africa
Libya,LBY,1993,0.0,,0.705,Africa
Libya,LBY,1994,0.0,,0.71,Africa
Libya,LBY,1995,0.0,,0.712,Africa
Libya,LBY,1999,0.13361728,,0.724,Africa
Libya,LBY,2000,0.187043,,0.727,Africa
Libya,LBY,2001,0.366533,,0.73,Africa
Libya,LBY,2002,2.24442,,0.733,Africa
Libya,LBY,2003,2.81452,,0.739,Africa
Libya,LBY,2004,3.53284,,0.741,Africa
Libya,LBY,2005,3.91779,,0.747,Africa
Libya,LBY,2006,4.30105,,0.751,Africa
Libya,LBY,2007,4.722,,0.754,Africa
Libya,LBY,2008,9.0,,0.754,Africa
Libya,LBY,2009,10.8,,0.753,Africa
Libya,LBY,2010,14.0,,0.755,Africa
Libya,LBY,2011,14.0,,0.715,Africa
Libya,LBY,2012,15.2,,0.758,Africa
Libya,LBY,2013,16.5,,0.748,Africa
Libya,LBY,2014,17.76,,0.728,Africa
Libya,LBY,2020,87.5754,,0.688,Africa
Libya,LBY,2021,84.3378,,0.729,Africa
Libya,LBY,2022,88.4281,,0.741,Africa
Liechtenstein,LIE,1990,0.0,,,Europe
Liechtenstein,LIE,1991,0.0,,,Europe
Liechtenstein,LIE,1992,0.0,,,Europe
Liechtenstein,LIE,1993,0.0,,,Europe
Liechtenstein,LIE,1994,0.0,,,Europe
Liechtenstein,LIE,1995,0.0,,,Europe
Liechtenstein,LIE,2000,36.5152,,0.882,Europe
Liechtenstein,LIE,2001,45.1169,,0.888,Europe
Liechtenstein,LIE,2002,59.4707,,0.893,Europe
Liechtenstein,LIE,2003,58.8097,,0.897,Europe
Liechtenstein,LIE,2004,64.0074,,0.904,Europe
Liechtenstein,LIE,2005,63.3714,,0.903,Europe
Liechtenstein,LIE,2006,64.2142,,0.908,Europe
Liechtenstein,LIE,2007,65.0802,,0.909,Europe
Liechtenstein,LIE,2008,70.0,,0.912,Europe
Liechtenstein,LIE,2009,75.0,,0.913,Europe
Liechtenstein,LIE,2010,80.0,,0.914,Europe
Liechtenstein,LIE,2011,85.0,,0.919,Europe
Liechtenstein,LIE,2012,89.4077,,0.919,Europe
Liechtenstein,LIE,2013,93.8,,0.92,Europe
Liechtenstein,LIE,2014,95.21,,0.923,Europe
Liechtenstein,LIE,2015,96.6412,,0.925,Europe
Liechtenstein,LIE,2016,98.0939,,0.926,Europe
Liechtenstein,LIE,2017,99.5466,,0.929,Europe
Liechtenstein,LIE,2019,93.1461,,0.935,Europe
Liechtenstein,LIE,2020,94.3499,,0.929,Europe
Liechtenstein,LIE,2021,95.5694,,0.933,Europe
Liechtenstein,LIE,2022,96.8046,,0.936,Europe
Lithuania,LTU,1990,0.0,,0.745,Europe
Lithuania,LTU,1991,0.0,,0.738,Europe
Lithuania,LTU,1992,0.0,,0.723,Europe
Lithuania,LTU,1993,0.0,,0.705,Europe
Lithuania,LTU,1994,0.0,,0.699,Europe
Lithuania,LTU,1995,0.0,16.56673,0.706,Europe
Lithuania,LTU,1996,0.2774213,17.05228,0.723,Europe
Lithuania,LTU,1997,0.97842216,17.992344,0.739,Europe
Lithuania,LTU,1998,1.9720638,18.499681,0.751,Europe
Lithuania,LTU,1999,2.9230547,20.292135,0.762,Europe
Lithuania,LTU,2000,6.42707,21.022623,0.778,Europe
Lithuania,LTU,2001,7.17936,23.666027,0.787,Europe
Lithuania,LTU,2002,17.69,23.844006,0.799,Europe
Lithuania,LTU,2003,25.91,25.41317,0.812,Europe
Lithuania,LTU,2004,31.23,24.645527,0.821,Europe
Lithuania,LTU,2005,36.22,26.430372,0.828,Europe
Lithuania,LTU,2006,43.9,28.07162,0.834,Europe
Lithuania,LTU,2007,49.9,29.371418,0.839,Europe
Lithuania,LTU,2008,55.22,30.542763,0.849,Europe
Lithuania,LTU,2009,59.76,30.091677,0.851,Europe
Lithuania,LTU,2010,62.12,32.781788,0.854,Europe
Lithuania,LTU,2011,63.64,37.597885,0.86,Europe
Lithuania,LTU,2012,67.23,39.29255,0.862,Europe
Lithuania,LTU,2013,68.4529,38.78282,0.865,Europe
Lithuania,LTU,2014,72.1335,39.583477,0.866,Europe
Lithuania,LTU,2015,71.3781,38.616436,0.869,Europe
Lithuania,LTU,2016,74.3766,38.02675,0.875,Europe
Lithuania,LTU,2017,77.6153,40.97545,0.885,Europe
Lithuania,LTU,2018,79.7226,41.829094,0.889,Europe
Lithuania,LTU,2019,81.5819,45.11943,0.894,Europe
Lithuania,LTU,2020,83.0555,47.089924,0.888,Europe
Lithuania,LTU,2021,86.9305,50.55754,0.887,Europe
Lithuania,LTU,2022,87.7242,48.718098,0.888,Europe
Lithuania,LTU,2023,88.5029,47.999832,0.895,Europe
Low-income countries,,1990,0.0,,0.55,
Low-income countries,,1990,0.0,,0.514,
Low-income countries,,1990,0.0,,0.674,
Low-income countries,,1990,0.0,,0.7739702,
Low-income countries,,1990,0.0,,0.569,
Low-income countries,,1990,0.0,,0.8043755,
Low-income countries,,1990,0.0,,0.648,
Low-income countries,,1990,0.0,,0.346,
Low-income countries,,1990,0.0,,0.439,
Low-income countries,,1990,0.0,,0.6497253,
Low-income countries,,1990,0.0,,0.454,
Low-income countries,,1990,0.0,,0.405,
Low-income countries,,1990,0.0,,0.797,
Low-income countries,,1991,0.0,,0.552,
Low-income countries,,1991,0.0,,0.522,
Low-income countries,,1991,0.0,,0.671,
Low-income countries,,1991,0.0,,0.7779599,
Low-income countries,,1991,0.0,,0.574,
Low-income countries,,1991,0.0,,0.806783,
Low-income countries,,1991,0.0,,0.653,
Low-income countries,,1991,0.0,,0.348,
Low-income countries,,1991,0.0,,0.44,
Low-income countries,,1991,0.0,,0.6547653,
Low-income countries,,1991,0.0,,0.458,
Low-income countries,,1991,0.0,,0.409,
Low-income countries,,1991,0.0,,0.8,
Low-income countries,,1992,0.0,,0.561,
Low-income countries,,1992,0.0,,0.531,
Low-income countries,,1992,0.0,,0.664,
Low-income countries,,1992,0.0,,0.78332764,
Low-income countries,,1992,0.0,,0.58,
Low-income countries,,1992,0.0,,0.80932313,
Low-income countries,,1992,0.0,,0.657,
Low-income countries,,1992,0.0,,0.352,
Low-income countries,,1992,0.0,,0.445,
Low-income countries,,1992,0.0,,0.65902275,
Low-income countries,,1992,0.0,,0.464,
Low-income countries,,1992,0.0,,0.408,
Low-income countries,,1992,0.0,,0.802,
Low-income countries,,1993,0.0,,0.571,
Low-income countries,,1993,0.0,,0.541,
Low-income countries,,1993,0.0,,0.659,
Low-income countries,,1993,0.0,,0.79047537,
Low-income countries,,1993,0.0,,0.586,
Low-income countries,,1993,0.0,,0.81150347,
Low-income countries,,1993,0.0,,0.661,
Low-income countries,,1993,0.0,,0.356,
Low-income countries,,1993,0.0,,0.449,
Low-income countries,,1993,0.0,,0.66415447,
Low-income countries,,1993,0.0,,0.468,
Low-income countries,,1993,0.0,,0.411,
Low-income countries,,1993,0.0,,0.804,
Low-income countries,,1994,0.0,,0.577,
Low-income countries,,1994,0.0,,0.55,
Low-income countries,,1994,0.0,,0.654,
Low-income countries,,1994,0.0,,0.7999784,
Low-income countries,,1994,0.0,,0.591,
Low-income countries,,1994,0.0,,0.81610936,
Low-income countries,,1994,0.0,,0.666,
Low-income countries,,1994,0.0,,0.361,
Low-income countries,,1994,0.0,,0.453,
Low-income countries,,1994,0.0,,0.66946566,
Low-income countries,,1994,0.0,,0.472,
Low-income countries,,1994,0.0,,0.413,
Low-income countries,,1994,0.0,,0.809,
Low-income countries,,1995,0.00021860022,,0.582,
Low-income countries,,1995,0.00021860022,,0.559,
Low-income countries,,1995,0.00021860022,,0.7735119,
Low-income countries,,1995,0.00021860022,,0.658,
Low-income countries,,1995,0.00021860022,,0.8133682,
Low-income countries,,1995,0.00021860022,,0.599,
Low-income countries,,1995,0.00021860022,,0.8224163,
Low-income countries,,1995,0.00021860022,,0.67,
Low-income countries,,1995,0.00021860022,,0.368,
Low-income countries,,1995,0.00021860022,,0.459,
Low-income countries,,1995,0.00021860022,,0.6756636,
Low-income countries,,1995,0.00021860022,,0.478,
Low-income countries,,1995,0.00021860022,,0.42,
Low-income countries,,1995,0.00021860022,,0.812,
Low-income countries,,1996,0.0018209951,,0.59,
Low-income countries,,1996,0.0018209951,,0.57,
Low-income countries,,1996,0.0018209951,,0.7801411,
Low-income countries,,1996,0.0018209951,,0.662,
Low-income countries,,1996,0.0018209951,,0.82013655,
Low-income countries,,1996,0.0018209951,,0.607,
Low-income countries,,1996,0.0018209951,,0.82840586,
Low-income countries,,1996,0.0018209951,,0.676,
Low-income countries,,1996,0.0018209951,,0.373,
Low-income countries,,1996,0.0018209951,,0.466,
Low-income countries,,1996,0.0018209951,,0.6810407,
Low-income countries,,1996,0.0018209951,,0.484,
Low-income countries,,1996,0.0018209951,,0.423,
Low-income countries,,1996,0.0018209951,,0.818,
Low-income countries,,1997,0.010174497,,0.596,
Low-income countries,,1997,0.010174497,,0.579,
Low-income countries,,1997,0.010174497,,0.7872637,
Low-income countries,,1997,0.010174497,,0.668,
Low-income countries,,1997,0.010174497,,0.8263604,
Low-income countries,,1997,0.010174497,,0.615,
Low-income countries,,1997,0.010174497,,0.83428735,
Low-income countries,,1997,0.010174497,,0.683,
Low-income countries,,1997,0.010174497,,0.378,
Low-income countries,,1997,0.010174497,,0.472,
Low-income countries,,1997,0.010174497,,0.6869894,
Low-income countries,,1997,0.010174497,,0.49,
Low-income countries,,1997,0.010174497,,0.427,
Low-income countries,,1997,0.010174497,,0.824,
Low-income countries,,1998,0.023908531,,0.603,
Low-income countries,,1998,0.023908531,,0.586,
Low-income countries,,1998,0.023908531,,0.7928959,
Low-income countries,,1998,0.023908531,,0.674,
Low-income countries,,1998,0.023908531,,0.8325962,
Low-income countries,,1998,0.023908531,,0.622,
Low-income countries,,1998,0.023908531,,0.83827734,
Low-income countries,,1998,0.023908531,,0.688,
Low-income countries,,1998,0.023908531,,0.382,
Low-income countries,,1998,0.023908531,,0.478,
Low-income countries,,1998,0.023908531,,0.6915652,
Low-income countries,,1998,0.023908531,,0.496,
Low-income countries,,1998,0.023908531,,0.43,
Low-income countries,,1998,0.023908531,,0.829,
Low-income countries,,1999,0.052656654,,0.609,
Low-income countries,,1999,0.052656654,,0.594,
Low-income countries,,1999,0.052656654,,0.7974899,
Low-income countries,,1999,0.052656654,,0.676,
Low-income countries,,1999,0.052656654,,0.8380795,
Low-income countries,,1999,0.052656654,,0.628,
Low-income countries,,1999,0.052656654,,0.84187406,
Low-income countries,,1999,0.052656654,,0.692,
Low-income countries,,1999,0.052656654,,0.39,
Low-income countries,,1999,0.052656654,,0.48673937,
Low-income countries,,1999,0.052656654,,0.485,
Low-income countries,,1999,0.052656654,,0.69540364,
Low-income countries,,1999,0.052656654,,0.503,
Low-income countries,,1999,0.052656654,,0.433,
Low-income countries,,1999,0.052656654,,0.832,
Low-income countries,,2000,0.07854638,,0.4245854,
Low-income countries,,2000,0.07854638,,0.615,
Low-income countries,,2000,0.07854638,,0.569869,
Low-income countries,,2000,0.07854638,,0.604,
Low-income countries,,2000,0.07854638,,0.8080217,
Low-income countries,,2000,0.07854638,,0.686,
Low-income countries,,2000,0.07854638,,0.8433045,
Low-income countries,,2000,0.07854638,,0.636,
Low-income countries,,2000,0.07854638,,0.84814763,
Low-income countries,,2000,0.07854638,,0.697,
Low-income countries,,2000,0.07854638,,0.393,
Low-income countries,,2000,0.07854638,,0.49990252,
Low-income countries,,2000,0.07854638,,0.491,
Low-income countries,,2000,0.07854638,,0.81713676,
Low-income countries,,2000,0.07854638,,0.70062786,
Low-income countries,,2000,0.07854638,,0.508,
Low-income countries,,2000,0.07854638,,0.435,
Low-income countries,,2000,0.07854638,,0.6285039,
Low-income countries,,2000,0.07854638,,0.838,
Low-income countries,,2001,0.12065087,,0.4292593,
Low-income countries,,2001,0.12065087,,0.621,
Low-income countries,,2001,0.12065087,,0.5783103,
Low-income countries,,2001,0.12065087,,0.612,
Low-income countries,,2001,0.12065087,,0.81529015,
Low-income countries,,2001,0.12065087,,0.693,
Low-income countries,,2001,0.12065087,,0.84985864,
Low-income countries,,2001,0.12065087,,0.643,
Low-income countries,,2001,0.12065087,,0.8533231,
Low-income countries,,2001,0.12065087,,0.702,
Low-income countries,,2001,0.12065087,,0.401,
Low-income countries,,2001,0.12065087,,0.5078028,
Low-income countries,,2001,0.12065087,,0.5,
Low-income countries,,2001,0.12065087,,0.819591,
Low-income countries,,2001,0.12065087,,0.7054202,
Low-income countries,,2001,0.12065087,,0.517,
Low-income countries,,2001,0.12065087,,0.441,
Low-income countries,,2001,0.12065087,,0.63662523,
Low-income countries,,2001,0.12065087,,0.843,
Low-income countries,,2002,0.29085395,,0.43494922,
Low-income countries,,2002,0.29085395,,0.626,
Low-income countries,,2002,0.29085395,,0.5859656,
Low-income countries,,2002,0.29085395,,0.622,
Low-income countries,,2002,0.29085395,,0.8208476,
Low-income countries,,2002,0.29085395,,0.701,
Low-income countries,,2002,0.29085395,,0.85488456,
Low-income countries,,2002,0.29085395,,0.651,
Low-income countries,,2002,0.29085395,,0.85723525,
Low-income countries,,2002,0.29085395,,0.706,
Low-income countries,,2002,0.29085395,,0.407,
Low-income countries,,2002,0.29085395,,0.5139684,
Low-income countries,,2002,0.29085395,,0.506,
Low-income countries,,2002,0.29085395,,0.8224308,
Low-income countries,,2002,0.29085395,,0.71004105,
Low-income countries,,2002,0.29085395,,0.523,
Low-income countries,,2002,0.29085395,,0.449,
Low-income countries,,2002,0.29085395,,0.645688,
Low-income countries,,2002,0.29085395,,0.847,
Low-income countries,,2003,0.42028257,,0.44065332,
Low-income countries,,2003,0.42028257,,0.63,
Low-income countries,,2003,0.42028257,,0.5955544,
Low-income countries,,2003,0.42028257,,0.632,
Low-income countries,,2003,0.42028257,,0.8275237,
Low-income countries,,2003,0.42028257,,0.709,
Low-income countries,,2003,0.42028257,,0.85958296,
Low-income countries,,2003,0.42028257,,0.659,
Low-income countries,,2003,0.42028257,,0.8615973,
Low-income countries,,2003,0.42028257,,0.711,
Low-income countries,,2003,0.42028257,,0.414,
Low-income countries,,2003,0.42028257,,0.5242137,
Low-income countries,,2003,0.42028257,,0.516,
Low-income countries,,2003,0.42028257,,0.8255375,
Low-income countries,,2003,0.42028257,,0.7139729,
Low-income countries,,2003,0.42028257,,0.535,
Low-income countries,,2003,0.42028257,,0.457,
Low-income countries,,2003,0.42028257,,0.65426606,
Low-income countries,,2003,0.42028257,,0.852,
Low-income countries,,2004,0.5804838,,0.44817433,
Low-income countries,,2004,0.5804838,,0.638,
Low-income countries,,2004,0.5804838,,0.6048904,
Low-income countries,,2004,0.5804838,,0.641,
Low-income countries,,2004,0.5804838,,0.83400583,
Low-income countries,,2004,0.5804838,,0.716,
Low-income countries,,2004,0.5804838,,0.8654416,
Low-income countries,,2004,0.5804838,,0.666,
Low-income countries,,2004,0.5804838,,0.8671708,
Low-income countries,,2004,0.5804838,,0.717,
Low-income countries,,2004,0.5804838,,0.424,
Low-income countries,,2004,0.5804838,,0.533825,
Low-income countries,,2004,0.5804838,,0.526,
Low-income countries,,2004,0.5804838,,0.83012056,
Low-income countries,,2004,0.5804838,,0.7216664,
Low-income countries,,2004,0.5804838,,0.543,
Low-income countries,,2004,0.5804838,,0.466,
Low-income countries,,2004,0.5804838,,0.66330206,
Low-income countries,,2004,0.5804838,,0.857,
Low-income countries,,2005,0.8,,0.461668,
Low-income countries,,2005,0.8,,0.645,
Low-income countries,,2005,0.8,,0.61573684,
Low-income countries,,2005,0.8,,0.652,
Low-income countries,,2005,0.8,,0.84263706,
Low-income countries,,2005,0.8,,0.72,
Low-income countries,,2005,0.8,,0.8698894,
Low-income countries,,2005,0.8,,0.675,
Low-income countries,,2005,0.8,,0.87086254,
Low-income countries,,2005,0.8,,0.723,
Low-income countries,,2005,0.8,,0.433,
Low-income countries,,2005,0.8,,0.34204078,
Low-income countries,,2005,0.8,,0.5434632,
Low-income countries,,2005,0.8,,0.535,
Low-income countries,,2005,0.8,,0.8332466,
Low-income countries,,2005,0.8,,0.80804354,
Low-income countries,,2005,0.8,,0.727708,
Low-income countries,,2005,0.8,,0.552,
Low-income countries,,2005,0.8,,0.473,
Low-income countries,,2005,0.8,,0.6755118,
Low-income countries,,2005,0.8,,0.861,
Low-income countries,,2006,1.1,,0.46813595,
Low-income countries,,2006,1.1,,0.652,
Low-income countries,,2006,1.1,,0.6248776,
Low-income countries,,2006,1.1,,0.662,
Low-income countries,,2006,1.1,,0.848911,
Low-income countries,,2006,1.1,,0.728,
Low-income countries,,2006,1.1,,0.87523013,
Low-income countries,,2006,1.1,,0.683,
Low-income countries,,2006,1.1,,0.87583596,
Low-income countries,,2006,1.1,,0.729,
Low-income countries,,2006,1.1,,0.442,
Low-income countries,,2006,1.1,,0.35059604,
Low-income countries,,2006,1.1,,0.55155903,
Low-income countries,,2006,1.1,,0.543,
Low-income countries,,2006,1.1,,0.8386846,
Low-income countries,,2006,1.1,,0.8101854,
Low-income countries,,2006,1.1,,0.73351294,
Low-income countries,,2006,1.1,,0.561,
Low-income countries,,2006,1.1,,0.481,
Low-income countries,,2006,1.1,,0.6853619,
Low-income countries,,2006,1.1,,0.866,
Low-income countries,,2007,2.1,,0.4750963,
Low-income countries,,2007,2.1,,0.658,
Low-income countries,,2007,2.1,,0.63415104,
Low-income countries,,2007,2.1,,0.673,
Low-income countries,,2007,2.1,,0.8548727,
Low-income countries,,2007,2.1,,0.736,
Low-income countries,,2007,2.1,,0.87925476,
Low-income countries,,2007,2.1,,0.692,
Low-income countries,,2007,2.1,,0.8802514,
Low-income countries,,2007,2.1,,0.736,
Low-income countries,,2007,2.1,,0.45,
Low-income countries,,2007,2.1,,0.3596332,
Low-income countries,,2007,2.1,,0.5593327,
Low-income countries,,2007,2.1,,0.551,
Low-income countries,,2007,2.1,,0.84200835,
Low-income countries,,2007,2.1,,0.8121299,
Low-income countries,,2007,2.1,,0.74158055,
Low-income countries,,2007,2.1,,0.569,
Low-income countries,,2007,2.1,,0.489,
Low-income countries,,2007,2.1,,0.6958714,
Low-income countries,,2007,2.1,,0.87,
Low-income countries,,2008,2.5,,0.49759457,
Low-income countries,,2008,2.5,,0.661,
Low-income countries,,2008,2.5,,0.64034575,
Low-income countries,,2008,2.5,,0.68,
Low-income countries,,2008,2.5,,0.8590917,
Low-income countries,,2008,2.5,,0.74,
Low-income countries,,2008,2.5,,0.88218033,
Low-income countries,,2008,2.5,,0.699,
Low-income countries,,2008,2.5,,0.8827478,
Low-income countries,,2008,2.5,,0.742,
Low-income countries,,2008,2.5,,0.457,
Low-income countries,,2008,2.5,,0.39877075,
Low-income countries,,2008,2.5,,0.56541926,
Low-income countries,,2008,2.5,,0.558,
Low-income countries,,2008,2.5,,0.8433985,
Low-income countries,,2008,2.5,,0.8153273,
Low-income countries,,2008,2.5,,0.7485009,
Low-income countries,,2008,2.5,,0.575,
Low-income countries,,2008,2.5,,0.497,
Low-income countries,,2008,2.5,,0.7032563,
Low-income countries,,2008,2.5,,0.872,
Low-income countries,,2009,3.1,,0.5021216,
Low-income countries,,2009,3.1,,0.666,
Low-income countries,,2009,3.1,,0.64756656,
Low-income countries,,2009,3.1,,0.69,
Low-income countries,,2009,3.1,,0.8599548,
Low-income countries,,2009,3.1,,0.742,
Low-income countries,,2009,3.1,,0.8833343,
Low-income countries,,2009,3.1,,0.706,
Low-income countries,,2009,3.1,,0.8837552,
Low-income countries,,2009,3.1,,0.743,
Low-income countries,,2009,3.1,,0.461,
Low-income countries,,2009,3.1,,0.402766,
Low-income countries,,2009,3.1,,0.5710855,
Low-income countries,,2009,3.1,,0.565,
Low-income countries,,2009,3.1,,0.8439207,
Low-income countries,,2009,3.1,,0.81803006,
Low-income countries,,2009,3.1,,0.7512326,
Low-income countries,,2009,3.1,,0.58,
Low-income countries,,2009,3.1,,0.503,
Low-income countries,,2009,3.1,,0.71126586,
Low-income countries,,2009,3.1,,0.874,
Low-income countries,,2010,3.7,,0.513888,
Low-income countries,,2010,3.7,,0.67,
Low-income countries,,2010,3.7,,0.65679175,
Low-income countries,,2010,3.7,,0.699,
Low-income countries,,2010,3.7,,0.8645471,
Low-income countries,,2010,3.7,,0.753,
Low-income countries,,2010,3.7,,0.8875532,
Low-income countries,,2010,3.7,,0.714,
Low-income countries,,2010,3.7,,0.88799495,
Low-income countries,,2010,3.7,,0.747,
Low-income countries,,2010,3.7,,0.467,
Low-income countries,,2010,3.7,,0.42096916,
Low-income countries,,2010,3.7,,0.57957613,
Low-income countries,,2010,3.7,,0.573,
Low-income countries,,2010,3.7,,0.84561443,
Low-income countries,,2010,3.7,,0.82062435,
Low-income countries,,2010,3.7,,0.75787014,
Low-income countries,,2010,3.7,,0.59,
Low-income countries,,2010,3.7,,0.51,
Low-income countries,,2010,3.7,,0.72018623,
Low-income countries,,2010,3.7,,0.879,
Low-income countries,,2011,4.2,,0.52003187,
Low-income countries,,2011,4.2,,0.672,
Low-income countries,,2011,4.2,,0.66498727,
Low-income countries,,2011,4.2,,0.706,
Low-income countries,,2011,4.2,,0.87022907,
Low-income countries,,2011,4.2,,0.761,
Low-income countries,,2011,4.2,,0.89193636,
Low-income countries,,2011,4.2,,0.72,
Low-income countries,,2011,4.2,,0.8916487,
Low-income countries,,2011,4.2,,0.753,
Low-income countries,,2011,4.2,,0.471,
Low-income countries,,2011,4.2,,0.4269735,
Low-income countries,,2011,4.2,,0.5894755,
Low-income countries,,2011,4.2,,0.584,
Low-income countries,,2011,4.2,,0.8494359,
Low-income countries,,2011,4.2,,0.8243534,
Low-income countries,,2011,4.2,,0.7633919,
Low-income countries,,2011,4.2,,0.601,
Low-income countries,,2011,4.2,,0.517,
Low-income countries,,2011,4.2,,0.7270223,
Low-income countries,,2011,4.2,,0.883,
Low-income countries,,2012,4.9,,0.5260907,
Low-income countries,,2012,4.9,,0.68,
Low-income countries,,2012,4.9,,0.67128,
Low-income countries,,2012,4.9,,0.713,
Low-income countries,,2012,4.9,,0.87196416,
Low-income countries,,2012,4.9,,0.767,
Low-income countries,,2012,4.9,,0.8927878,
Low-income countries,,2012,4.9,,0.727,
Low-income countries,,2012,4.9,,0.8941138,
Low-income countries,,2012,4.9,,0.758,
Low-income countries,,2012,4.9,,0.477,
Low-income countries,,2012,4.9,,0.43000394,
Low-income countries,,2012,4.9,,0.5956914,
Low-income countries,,2012,4.9,,0.59,
Low-income countries,,2012,4.9,,0.8532949,
Low-income countries,,2012,4.9,,0.82798356,
Low-income countries,,2012,4.9,,0.7674748,
Low-income countries,,2012,4.9,,0.606,
Low-income countries,,2012,4.9,,0.523,
Low-income countries,,2012,4.9,,0.73412,
Low-income countries,,2012,4.9,,0.886,
Low-income countries,,2013,5.7,,0.53123987,
Low-income countries,,2013,5.7,,0.683,
Low-income countries,,2013,5.7,,0.677284,
Low-income countries,,2013,5.7,,0.72,
Low-income countries,,2013,5.7,,0.87687457,
Low-income countries,,2013,5.7,,0.78,
Low-income countries,,2013,5.7,,0.8967906,
Low-income countries,,2013,5.7,,0.733,
Low-income countries,,2013,5.7,,0.8981406,
Low-income countries,,2013,5.7,,0.762,
Low-income countries,,2013,5.7,,0.482,
Low-income countries,,2013,5.7,,0.432075,
Low-income countries,,2013,5.7,,0.60151386,
Low-income countries,,2013,5.7,,0.595,
Low-income countries,,2013,5.7,,0.85496044,
Low-income countries,,2013,5.7,,0.8279558,
Low-income countries,,2013,5.7,,0.7731587,
Low-income countries,,2013,5.7,,0.611,
Low-income countries,,2013,5.7,,0.528,
Low-income countries,,2013,5.7,,0.7406829,
Low-income countries,,2013,5.7,,0.892,
Low-income countries,,2014,7.0,,0.5367227,
Low-income countries,,2014,7.0,,0.688,
Low-income countries,,2014,7.0,,0.68550044,
Low-income countries,,2014,7.0,,0.728,
Low-income countries,,2014,7.0,,0.87929887,
Low-income countries,,2014,7.0,,0.785,
Low-income countries,,2014,7.0,,0.8999237,
Low-income countries,,2014,7.0,,0.739,
Low-income countries,,2014,7.0,,0.90055966,
Low-income countries,,2014,7.0,,0.765,
Low-income countries,,2014,7.0,,0.488,
Low-income countries,,2014,7.0,,0.43649974,
Low-income countries,,2014,7.0,,0.60980934,
Low-income countries,,2014,7.0,,0.604,
Low-income countries,,2014,7.0,,0.85716856,
Low-income countries,,2014,7.0,,0.8310525,
Low-income countries,,2014,7.0,,0.7760436,
Low-income countries,,2014,7.0,,0.62,
Low-income countries,,2014,7.0,,0.534,
Low-income countries,,2014,7.0,,0.7478326,
Low-income countries,,2014,7.0,,0.895,
Low-income countries,,2015,8.9,,0.5425902,
Low-income countries,,2015,8.9,,0.693,
Low-income countries,,2015,8.9,,0.6922845,
Low-income countries,,2015,8.9,,0.735,
Low-income countries,,2015,8.9,,0.88032347,
Low-income countries,,2015,8.9,,0.789,
Low-income countries,,2015,8.9,,0.9017791,
Low-income countries,,2015,8.9,,0.744,
Low-income countries,,2015,8.9,,0.9027572,
Low-income countries,,2015,8.9,,0.767,
Low-income countries,,2015,8.9,,0.491,
Low-income countries,,2015,8.9,,0.43883622,
Low-income countries,,2015,8.9,,0.6173714,
Low-income countries,,2015,8.9,,0.611,
Low-income countries,,2015,8.9,,0.8591236,
Low-income countries,,2015,8.9,,0.8333656,
Low-income countries,,2015,8.9,,0.7772507,
Low-income countries,,2015,8.9,,0.627,
Low-income countries,,2015,8.9,,0.54,
Low-income countries,,2015,8.9,,0.7533915,
Low-income countries,,2015,8.9,,0.898,
Low-income countries,,2016,10.3,,0.5466387,
Low-income countries,,2016,10.3,,0.698,
Low-income countries,,2016,10.3,,0.6996885,
Low-income countries,,2016,10.3,,0.742,
Low-income countries,,2016,10.3,,0.8832819,
Low-income countries,,2016,10.3,,0.793,
Low-income countries,,2016,10.3,,0.9050324,
Low-income countries,,2016,10.3,,0.749,
Low-income countries,,2016,10.3,,0.90514636,
Low-income countries,,2016,10.3,,0.769,
Low-income countries,,2016,10.3,,0.497,
Low-income countries,,2016,10.3,,0.4427982,
Low-income countries,,2016,10.3,,0.62547666,
Low-income countries,,2016,10.3,,0.62,
Low-income countries,,2016,10.3,,0.86142576,
Low-income countries,,2016,10.3,,0.83567315,
Low-income countries,,2016,10.3,,0.7784721,
Low-income countries,,2016,10.3,,0.637,
Low-income countries,,2016,10.3,,0.543,
Low-income countries,,2016,10.3,,0.7588624,
Low-income countries,,2016,10.3,,0.9,
Low-income countries,,2017,12.1,,0.5504002,
Low-income countries,,2017,12.1,,0.702,
Low-income countries,,2017,12.1,,0.7046988,
Low-income countries,,2017,12.1,,0.749,
Low-income countries,,2017,12.1,,0.8861951,
Low-income countries,,2017,12.1,,0.8,
Low-income countries,,2017,12.1,,0.9075523,
Low-income countries,,2017,12.1,,0.754,
Low-income countries,,2017,12.1,,0.90792,
Low-income countries,,2017,12.1,,0.772,
Low-income countries,,2017,12.1,,0.5,
Low-income countries,,2017,12.1,,0.44619104,
Low-income countries,,2017,12.1,,0.62979513,
Low-income countries,,2017,12.1,,0.624,
Low-income countries,,2017,12.1,,0.8636879,
Low-income countries,,2017,12.1,,0.83694863,
Low-income countries,,2017,12.1,,0.7811188,
Low-income countries,,2017,12.1,,0.641,
Low-income countries,,2017,12.1,,0.546,
Low-income countries,,2017,12.1,,0.7643767,
Low-income countries,,2017,12.1,,0.903,
Low-income countries,,2018,14.0,,0.5558327,
Low-income countries,,2018,14.0,,0.707,
Low-income countries,,2018,14.0,,0.7085525,
Low-income countries,,2018,14.0,,0.756,
Low-income countries,,2018,14.0,,0.88933504,
Low-income countries,,2018,14.0,,0.804,
Low-income countries,,2018,14.0,,0.9103591,
Low-income countries,,2018,14.0,,0.76,
Low-income countries,,2018,14.0,,0.91105837,
Low-income countries,,2018,14.0,,0.774,
Low-income countries,,2018,14.0,,0.504,
Low-income countries,,2018,14.0,,0.4525536,
Low-income countries,,2018,14.0,,0.6321534,
Low-income countries,,2018,14.0,,0.627,
Low-income countries,,2018,14.0,,0.8665236,
Low-income countries,,2018,14.0,,0.84073627,
Low-income countries,,2018,14.0,,0.7836532,
Low-income countries,,2018,14.0,,0.642,
Low-income countries,,2018,14.0,,0.551,
Low-income countries,,2018,14.0,,0.7702497,
Low-income countries,,2018,14.0,,0.906,
Low-income countries,,2019,17.5,,0.56035364,
Low-income countries,,2019,17.5,,0.712,
Low-income countries,,2019,17.5,,0.7126623,
Low-income countries,,2019,17.5,,0.761,
Low-income countries,,2019,17.5,,0.89306754,
Low-income countries,,2019,17.5,,0.808,
Low-income countries,,2019,17.5,,0.9143795,
Low-income countries,,2019,17.5,,0.765,
Low-income countries,,2019,17.5,,0.91397655,
Low-income countries,,2019,17.5,,0.776,
Low-income countries,,2019,17.5,,0.507,
Low-income countries,,2019,17.5,,0.45707306,
Low-income countries,,2019,17.5,,0.63645244,
Low-income countries,,2019,17.5,,0.631,
Low-income countries,,2019,17.5,,0.8687238,
Low-income countries,,2019,17.5,,0.8431121,
Low-income countries,,2019,17.5,,0.78433996,
Low-income countries,,2019,17.5,,0.645,
Low-income countries,,2019,17.5,,0.557,
Low-income countries,,2019,17.5,,0.7744862,
Low-income countries,,2019,17.5,,0.909,
Low-income countries,,2020,18.8,,0.5594648,
Low-income countries,,2020,18.8,,0.707,
Low-income countries,,2020,18.8,,0.7130719,
Low-income countries,,2020,18.8,,0.764,
Low-income countries,,2020,18.8,,0.8829021,
Low-income countries,,2020,18.8,,0.802,
Low-income countries,,2020,18.8,,0.90954304,
Low-income countries,,2020,18.8,,0.763,
Low-income countries,,2020,18.8,,0.9056104,
Low-income countries,,2020,18.8,,0.764,
Low-income countries,,2020,18.8,,0.507,
Low-income countries,,2020,18.8,,0.45871836,
Low-income countries,,2020,18.8,,0.6364669,
Low-income countries,,2020,18.8,,0.631,
Low-income countries,,2020,18.8,,0.85540247,
Low-income countries,,2020,18.8,,0.84438473,
Low-income countries,,2020,18.8,,0.7736417,
Low-income countries,,2020,18.8,,0.645,
Low-income countries,,2020,18.8,,0.557,
Low-income countries,,2020,18.8,,0.7720838,
Low-income countries,,2020,18.8,,0.901,
Low-income countries,,2021,21.6,,0.56110394,
Low-income countries,,2021,21.6,,0.71,
Low-income countries,,2021,21.6,,0.71319216,
Low-income countries,,2021,21.6,,0.768,
Low-income countries,,2021,21.6,,0.88542944,
Low-income countries,,2021,21.6,,0.803,
Low-income countries,,2021,21.6,,0.914425,
Low-income countries,,2021,21.6,,0.766,
Low-income countries,,2021,21.6,,0.90697354,
Low-income countries,,2021,21.6,,0.762,
Low-income countries,,2021,21.6,,0.507,
Low-income countries,,2021,21.6,,0.4588084,
Low-income countries,,2021,21.6,,0.63409626,
Low-income countries,,2021,21.6,,0.629,
Low-income countries,,2021,21.6,,0.8522403,
Low-income countries,,2021,21.6,,0.84548646,
Low-income countries,,2021,21.6,,0.77192116,
Low-income countries,,2021,21.6,,0.641,
Low-income countries,,2021,21.6,,0.558,
Low-income countries,,2021,21.6,,0.77544844,
Low-income countries,,2021,21.6,,0.903,
Low-income countries,,2022,23.7,,0.5714846,
Low-income countries,,2022,23.7,,0.716,
Low-income countries,,2022,23.7,,0.7262154,
Low-income countries,,2022,23.7,,0.773,
Low-income countries,,2022,23.7,,0.89101297,
Low-income countries,,2022,23.7,,0.815,
Low-income countries,,2022,23.7,,0.91688347,
Low-income countries,,2022,23.7,,0.774,
Low-income countries,,2022,23.7,,0.91196257,
Low-income countries,,2022,23.7,,0.778,
Low-income countries,,2022,23.7,,0.512,
Low-income countries,,2022,23.7,,0.47149748,
Low-income countries,,2022,23.7,,0.6529091,
Low-income countries,,2022,23.7,,0.649,
Low-income countries,,2022,23.7,,0.86384416,
Low-income countries,,2022,23.7,,0.84466344,
Low-income countries,,2022,23.7,,0.7865941,
Low-income countries,,2022,23.7,,0.665,
Low-income countries,,2022,23.7,,0.565,
Low-income countries,,2022,23.7,,0.7832832,
Low-income countries,,2022,23.7,,0.908,
Low-income countries,,2023,27.1,,0.5760591,
Low-income countries,,2023,27.1,,0.719,
Low-income countries,,2023,27.1,,0.73009235,
Low-income countries,,2023,27.1,,,
Low-income countries,,2023,27.1,,,
Low-income countries,,2023,27.1,,,
Low-income countries,,2023,27.1,,0.775,
Low-income countries,,2023,27.1,,0.89665455,
Low-income countries,,2023,27.1,,0.818,
Low-income countries,,2023,27.1,,0.92227614,
Low-income countries,,2023,27.1,,,
Low-income countries,,2023,27.1,,,
Low-income countries,,2023,27.1,,,
Low-income countries,,2023,27.1,,,
Low-income countries,,2023,27.1,,0.777,
Low-income countries,,2023,27.1,,0.9179597,
Low-income countries,,2023,27.1,,,
Low-income countries,,2023,27.1,,,
Low-income countries,,2023,27.1,,,
Low-income countries,,2023,27.1,,,
Low-income countries,,2023,27.1,,,
Low-income countries,,2023,27.1,,0.783,
Low-income countries,,2023,27.1,,0.515,
Low-income countries,,2023,27.1,,0.47806427,
Low-income countries,,2023,27.1,,0.6585855,
Low-income countries,,2023,27.1,,0.656,
Low-income countries,,2023,27.1,,0.8702258,
Low-income countries,,2023,27.1,,0.84926206,
Low-income countries,,2023,27.1,,,
Low-income countries,,2023,27.1,,,
Low-income countries,,2023,27.1,,0.79245985,
Low-income countries,,2023,27.1,,0.672,
Low-income countries,,2023,27.1,,0.568,
Low-income countries,,2023,27.1,,,
Low-income countries,,2023,27.1,,0.78573513,
Low-income countries,,2023,27.1,,0.914,
Lower-middle-income countries,,1990,0.0,,0.55,
Lower-middle-income countries,,1990,0.0,,0.514,
Lower-middle-income countries,,1990,0.0,,0.674,
Lower-middle-income countries,,1990,0.0,,0.7739702,
Lower-middle-income countries,,1990,0.0,,0.569,
Lower-middle-income countries,,1990,0.0,,0.8043755,
Lower-middle-income countries,,1990,0.0,,0.648,
Lower-middle-income countries,,1990,0.0,,0.346,
Lower-middle-income countries,,1990,0.0,,0.439,
Lower-middle-income countries,,1990,0.0,,0.6497253,
Lower-middle-income countries,,1990,0.0,,0.454,
Lower-middle-income countries,,1990,0.0,,0.405,
Lower-middle-income countries,,1990,0.0,,0.797,
Lower-middle-income countries,,1991,0.0,,0.552,
Lower-middle-income countries,,1991,0.0,,0.522,
Lower-middle-income countries,,1991,0.0,,0.671,
Lower-middle-income countries,,1991,0.0,,0.7779599,
Lower-middle-income countries,,1991,0.0,,0.574,
Lower-middle-income countries,,1991,0.0,,0.806783,
Lower-middle-income countries,,1991,0.0,,0.653,
Lower-middle-income countries,,1991,0.0,,0.348,
Lower-middle-income countries,,1991,0.0,,0.44,
Lower-middle-income countries,,1991,0.0,,0.6547653,
Lower-middle-income countries,,1991,0.0,,0.458,
Lower-middle-income countries,,1991,0.0,,0.409,
Lower-middle-income countries,,1991,0.0,,0.8,
Lower-middle-income countries,,1992,5.6419718e-05,,0.561,
Lower-middle-income countries,,1992,5.6419718e-05,,0.531,
Lower-middle-income countries,,1992,5.6419718e-05,,0.664,
Lower-middle-income countries,,1992,5.6419718e-05,,0.78332764,
Lower-middle-income countries,,1992,5.6419718e-05,,0.58,
Lower-middle-income countries,,1992,5.6419718e-05,,0.80932313,
Lower-middle-income countries,,1992,5.6419718e-05,,0.657,
Lower-middle-income countries,,1992,5.6419718e-05,,0.352,
Lower-middle-income countries,,1992,5.6419718e-05,,0.445,
Lower-middle-income countries,,1992,5.6419718e-05,,0.65902275,
Lower-middle-income countries,,1992,5.6419718e-05,,0.464,
Lower-middle-income countries,,1992,5.6419718e-05,,0.408,
Lower-middle-income countries,,1992,5.6419718e-05,,0.802,
Lower-middle-income countries,,1993,0.0001431485,,0.571,
Lower-middle-income countries,,1993,0.0001431485,,0.541,
Lower-middle-income countries,,1993,0.0001431485,,0.659,
Lower-middle-income countries,,1993,0.0001431485,,0.79047537,
Lower-middle-income countries,,1993,0.0001431485,,0.586,
Lower-middle-income countries,,1993,0.0001431485,,0.81150347,
Lower-middle-income countries,,1993,0.0001431485,,0.661,
Lower-middle-income countries,,1993,0.0001431485,,0.356,
Lower-middle-income countries,,1993,0.0001431485,,0.449,
Lower-middle-income countries,,1993,0.0001431485,,0.66415447,
Lower-middle-income countries,,1993,0.0001431485,,0.468,
Lower-middle-income countries,,1993,0.0001431485,,0.411,
Lower-middle-income countries,,1993,0.0001431485,,0.804,
Lower-middle-income countries,,1994,0.0011025058,,0.577,
Lower-middle-income countries,,1994,0.0011025058,,0.55,
Lower-middle-income countries,,1994,0.0011025058,,0.654,
Lower-middle-income countries,,1994,0.0011025058,,0.7999784,
Lower-middle-income countries,,1994,0.0011025058,,0.591,
Lower-middle-income countries,,1994,0.0011025058,,0.81610936,
Lower-middle-income countries,,1994,0.0011025058,,0.666,
Lower-middle-income countries,,1994,0.0011025058,,0.361,
Lower-middle-income countries,,1994,0.0011025058,,0.453,
Lower-middle-income countries,,1994,0.0011025058,,0.66946566,
Lower-middle-income countries,,1994,0.0011025058,,0.472,
Lower-middle-income countries,,1994,0.0011025058,,0.413,
Lower-middle-income countries,,1994,0.0011025058,,0.809,
Lower-middle-income countries,,1995,0.01629492,,0.582,
Lower-middle-income countries,,1995,0.01629492,,0.559,
Lower-middle-income countries,,1995,0.01629492,,0.7735119,
Lower-middle-income countries,,1995,0.01629492,,0.658,
Lower-middle-income countries,,1995,0.01629492,,0.8133682,
Lower-middle-income countries,,1995,0.01629492,,0.599,
Lower-middle-income countries,,1995,0.01629492,,0.8224163,
Lower-middle-income countries,,1995,0.01629492,,0.67,
Lower-middle-income countries,,1995,0.01629492,,0.368,
Lower-middle-income countries,,1995,0.01629492,,0.459,
Lower-middle-income countries,,1995,0.01629492,,0.6756636,
Lower-middle-income countries,,1995,0.01629492,,0.478,
Lower-middle-income countries,,1995,0.01629492,,0.42,
Lower-middle-income countries,,1995,0.01629492,,0.812,
Lower-middle-income countries,,1996,0.034945056,,0.59,
Lower-middle-income countries,,1996,0.034945056,,0.57,
Lower-middle-income countries,,1996,0.034945056,,0.7801411,
Lower-middle-income countries,,1996,0.034945056,,0.662,
Lower-middle-income countries,,1996,0.034945056,,0.82013655,
Lower-middle-income countries,,1996,0.034945056,,0.607,
Lower-middle-income countries,,1996,0.034945056,,0.82840586,
Lower-middle-income countries,,1996,0.034945056,,0.676,
Lower-middle-income countries,,1996,0.034945056,,0.373,
Lower-middle-income countries,,1996,0.034945056,,0.466,
Lower-middle-income countries,,1996,0.034945056,,0.6810407,
Lower-middle-income countries,,1996,0.034945056,,0.484,
Lower-middle-income countries,,1996,0.034945056,,0.423,
Lower-middle-income countries,,1996,0.034945056,,0.818,
Lower-middle-income countries,,1997,0.06033784,,0.596,
Lower-middle-income countries,,1997,0.06033784,,0.579,
Lower-middle-income countries,,1997,0.06033784,,0.7872637,
Lower-middle-income countries,,1997,0.06033784,,0.668,
Lower-middle-income countries,,1997,0.06033784,,0.8263604,
Lower-middle-income countries,,1997,0.06033784,,0.615,
Lower-middle-income countries,,1997,0.06033784,,0.83428735,
Lower-middle-income countries,,1997,0.06033784,,0.683,
Lower-middle-income countries,,1997,0.06033784,,0.378,
Lower-middle-income countries,,1997,0.06033784,,0.472,
Lower-middle-income countries,,1997,0.06033784,,0.6869894,
Lower-middle-income countries,,1997,0.06033784,,0.49,
Lower-middle-income countries,,1997,0.06033784,,0.427,
Lower-middle-income countries,,1997,0.06033784,,0.824,
Lower-middle-income countries,,1998,0.14827865,,0.603,
Lower-middle-income countries,,1998,0.14827865,,0.586,
Lower-middle-income countries,,1998,0.14827865,,0.7928959,
Lower-middle-income countries,,1998,0.14827865,,0.674,
Lower-middle-income countries,,1998,0.14827865,,0.8325962,
Lower-middle-income countries,,1998,0.14827865,,0.622,
Lower-middle-income countries,,1998,0.14827865,,0.83827734,
Lower-middle-income countries,,1998,0.14827865,,0.688,
Lower-middle-income countries,,1998,0.14827865,,0.382,
Lower-middle-income countries,,1998,0.14827865,,0.478,
Lower-middle-income countries,,1998,0.14827865,,0.6915652,
Lower-middle-income countries,,1998,0.14827865,,0.496,
Lower-middle-income countries,,1998,0.14827865,,0.43,
Lower-middle-income countries,,1998,0.14827865,,0.829,
Lower-middle-income countries,,1999,0.26674172,,0.609,
Lower-middle-income countries,,1999,0.26674172,,0.594,
Lower-middle-income countries,,1999,0.26674172,,0.7974899,
Lower-middle-income countries,,1999,0.26674172,,0.676,
Lower-middle-income countries,,1999,0.26674172,,0.8380795,
Lower-middle-income countries,,1999,0.26674172,,0.628,
Lower-middle-income countries,,1999,0.26674172,,0.84187406,
Lower-middle-income countries,,1999,0.26674172,,0.692,
Lower-middle-income countries,,1999,0.26674172,,0.39,
Lower-middle-income countries,,1999,0.26674172,,0.48673937,
Lower-middle-income countries,,1999,0.26674172,,0.485,
Lower-middle-income countries,,1999,0.26674172,,0.69540364,
Lower-middle-income countries,,1999,0.26674172,,0.503,
Lower-middle-income countries,,1999,0.26674172,,0.433,
Lower-middle-income countries,,1999,0.26674172,,0.832,
Lower-middle-income countries,,2000,0.52548796,,0.4245854,
Lower-middle-income countries,,2000,0.52548796,,0.615,
Lower-middle-income countries,,2000,0.52548796,,0.569869,
Lower-middle-income countries,,2000,0.52548796,,0.604,
Lower-middle-income countries,,2000,0.52548796,,0.8080217,
Lower-middle-income countries,,2000,0.52548796,,0.686,
Lower-middle-income countries,,2000,0.52548796,,0.8433045,
Lower-middle-income countries,,2000,0.52548796,,0.636,
Lower-middle-income countries,,2000,0.52548796,,0.84814763,
Lower-middle-income countries,,2000,0.52548796,,0.697,
Lower-middle-income countries,,2000,0.52548796,,0.393,
Lower-middle-income countries,,2000,0.52548796,,0.49990252,
Lower-middle-income countries,,2000,0.52548796,,0.491,
Lower-middle-income countries,,2000,0.52548796,,0.81713676,
Lower-middle-income countries,,2000,0.52548796,,0.70062786,
Lower-middle-income countries,,2000,0.52548796,,0.508,
Lower-middle-income countries,,2000,0.52548796,,0.435,
Lower-middle-income countries,,2000,0.52548796,,0.6285039,
Lower-middle-income countries,,2000,0.52548796,,0.838,
Lower-middle-income countries,,2001,0.7545599,,0.4292593,
Lower-middle-income countries,,2001,0.7545599,,0.621,
Lower-middle-income countries,,2001,0.7545599,,0.5783103,
Lower-middle-income countries,,2001,0.7545599,,0.612,
Lower-middle-income countries,,2001,0.7545599,,0.81529015,
Lower-middle-income countries,,2001,0.7545599,,0.693,
Lower-middle-income countries,,2001,0.7545599,,0.84985864,
Lower-middle-income countries,,2001,0.7545599,,0.643,
Lower-middle-income countries,,2001,0.7545599,,0.8533231,
Lower-middle-income countries,,2001,0.7545599,,0.702,
Lower-middle-income countries,,2001,0.7545599,,0.401,
Lower-middle-income countries,,2001,0.7545599,,0.5078028,
Lower-middle-income countries,,2001,0.7545599,,0.5,
Lower-middle-income countries,,2001,0.7545599,,0.819591,
Lower-middle-income countries,,2001,0.7545599,,0.7054202,
Lower-middle-income countries,,2001,0.7545599,,0.517,
Lower-middle-income countries,,2001,0.7545599,,0.441,
Lower-middle-income countries,,2001,0.7545599,,0.63662523,
Lower-middle-income countries,,2001,0.7545599,,0.843,
Lower-middle-income countries,,2002,1.5211047,,0.43494922,
Lower-middle-income countries,,2002,1.5211047,,0.626,
Lower-middle-income countries,,2002,1.5211047,,0.5859656,
Lower-middle-income countries,,2002,1.5211047,,0.622,
Lower-middle-income countries,,2002,1.5211047,,0.8208476,
Lower-middle-income countries,,2002,1.5211047,,0.701,
Lower-middle-income countries,,2002,1.5211047,,0.85488456,
Lower-middle-income countries,,2002,1.5211047,,0.651,
Lower-middle-income countries,,2002,1.5211047,,0.85723525,
Lower-middle-income countries,,2002,1.5211047,,0.706,
Lower-middle-income countries,,2002,1.5211047,,0.407,
Lower-middle-income countries,,2002,1.5211047,,0.5139684,
Lower-middle-income countries,,2002,1.5211047,,0.506,
Lower-middle-income countries,,2002,1.5211047,,0.8224308,
Lower-middle-income countries,,2002,1.5211047,,0.71004105,
Lower-middle-income countries,,2002,1.5211047,,0.523,
Lower-middle-income countries,,2002,1.5211047,,0.449,
Lower-middle-income countries,,2002,1.5211047,,0.645688,
Lower-middle-income countries,,2002,1.5211047,,0.847,
Lower-middle-income countries,,2003,2.0391765,,0.44065332,
Lower-middle-income countries,,2003,2.0391765,,0.63,
Lower-middle-income countries,,2003,2.0391765,,0.5955544,
Lower-middle-income countries,,2003,2.0391765,,0.632,
Lower-middle-income countries,,2003,2.0391765,,0.8275237,
Lower-middle-income countries,,2003,2.0391765,,0.709,
Lower-middle-income countries,,2003,2.0391765,,0.85958296,
Lower-middle-income countries,,2003,2.0391765,,0.659,
Lower-middle-income countries,,2003,2.0391765,,0.8615973,
Lower-middle-income countries,,2003,2.0391765,,0.711,
Lower-middle-income countries,,2003,2.0391765,,0.414,
Lower-middle-income countries,,2003,2.0391765,,0.5242137,
Lower-middle-income countries,,2003,2.0391765,,0.516,
Lower-middle-income countries,,2003,2.0391765,,0.8255375,
Lower-middle-income countries,,2003,2.0391765,,0.7139729,
Lower-middle-income countries,,2003,2.0391765,,0.535,
Lower-middle-income countries,,2003,2.0391765,,0.457,
Lower-middle-income countries,,2003,2.0391765,,0.65426606,
Lower-middle-income countries,,2003,2.0391765,,0.852,
Lower-middle-income countries,,2004,2.9278235,,0.44817433,
Lower-middle-income countries,,2004,2.9278235,,0.638,
Lower-middle-income countries,,2004,2.9278235,,0.6048904,
Lower-middle-income countries,,2004,2.9278235,,0.641,
Lower-middle-income countries,,2004,2.9278235,,0.83400583,
Lower-middle-income countries,,2004,2.9278235,,0.716,
Lower-middle-income countries,,2004,2.9278235,,0.8654416,
Lower-middle-income countries,,2004,2.9278235,,0.666,
Lower-middle-income countries,,2004,2.9278235,,0.8671708,
Lower-middle-income countries,,2004,2.9278235,,0.717,
Lower-middle-income countries,,2004,2.9278235,,0.424,
Lower-middle-income countries,,2004,2.9278235,,0.533825,
Lower-middle-income countries,,2004,2.9278235,,0.526,
Lower-middle-income countries,,2004,2.9278235,,0.83012056,
Lower-middle-income countries,,2004,2.9278235,,0.7216664,
Lower-middle-income countries,,2004,2.9278235,,0.543,
Lower-middle-income countries,,2004,2.9278235,,0.466,
Lower-middle-income countries,,2004,2.9278235,,0.66330206,
Lower-middle-income countries,,2004,2.9278235,,0.857,
Lower-middle-income countries,,2005,3.6,,0.461668,
Lower-middle-income countries,,2005,3.6,,0.645,
Lower-middle-income countries,,2005,3.6,,0.61573684,
Lower-middle-income countries,,2005,3.6,,0.652,
Lower-middle-income countries,,2005,3.6,,0.84263706,
Lower-middle-income countries,,2005,3.6,,0.72,
Lower-middle-income countries,,2005,3.6,,0.8698894,
Lower-middle-income countries,,2005,3.6,,0.675,
Lower-middle-income countries,,2005,3.6,,0.87086254,
Lower-middle-income countries,,2005,3.6,,0.723,
Lower-middle-income countries,,2005,3.6,,0.433,
Lower-middle-income countries,,2005,3.6,,0.34204078,
Lower-middle-income countries,,2005,3.6,,0.5434632,
Lower-middle-income countries,,2005,3.6,,0.535,
Lower-middle-income countries,,2005,3.6,,0.8332466,
Lower-middle-income countries,,2005,3.6,,0.80804354,
Lower-middle-income countries,,2005,3.6,,0.727708,
Lower-middle-income countries,,2005,3.6,,0.552,
Lower-middle-income countries,,2005,3.6,,0.473,
Lower-middle-income countries,,2005,3.6,,0.6755118,
Lower-middle-income countries,,2005,3.6,,0.861,
Lower-middle-income countries,,2006,4.4,,0.46813595,
Lower-middle-income countries,,2006,4.4,,0.652,
Lower-middle-income countries,,2006,4.4,,0.6248776,
Lower-middle-income countries,,2006,4.4,,0.662,
Lower-middle-income countries,,2006,4.4,,0.848911,
Lower-middle-income countries,,2006,4.4,,0.728,
Lower-middle-income countries,,2006,4.4,,0.87523013,
Lower-middle-income countries,,2006,4.4,,0.683,
Lower-middle-income countries,,2006,4.4,,0.87583596,
Lower-middle-income countries,,2006,4.4,,0.729,
Lower-middle-income countries,,2006,4.4,,0.442,
Lower-middle-income countries,,2006,4.4,,0.35059604,
Lower-middle-income countries,,2006,4.4,,0.55155903,
Lower-middle-income countries,,2006,4.4,,0.543,
Lower-middle-income countries,,2006,4.4,,0.8386846,
Lower-middle-income countries,,2006,4.4,,0.8101854,
Lower-middle-income countries,,2006,4.4,,0.73351294,
Lower-middle-income countries,,2006,4.4,,0.561,
Lower-middle-income countries,,2006,4.4,,0.481,
Lower-middle-income countries,,2006,4.4,,0.6853619,
Lower-middle-income countries,,2006,4.4,,0.866,
Lower-middle-income countries,,2007,5.6,,0.4750963,
Lower-middle-income countries,,2007,5.6,,0.658,
Lower-middle-income countries,,2007,5.6,,0.63415104,
Lower-middle-income countries,,2007,5.6,,0.673,
Lower-middle-income countries,,2007,5.6,,0.8548727,
Lower-middle-income countries,,2007,5.6,,0.736,
Lower-middle-income countries,,2007,5.6,,0.87925476,
Lower-middle-income countries,,2007,5.6,,0.692,
Lower-middle-income countries,,2007,5.6,,0.8802514,
Lower-middle-income countries,,2007,5.6,,0.736,
Lower-middle-income countries,,2007,5.6,,0.45,
Lower-middle-income countries,,2007,5.6,,0.3596332,
Lower-middle-income countries,,2007,5.6,,0.5593327,
Lower-middle-income countries,,2007,5.6,,0.551,
Lower-middle-income countries,,2007,5.6,,0.84200835,
Lower-middle-income countries,,2007,5.6,,0.8121299,
Lower-middle-income countries,,2007,5.6,,0.74158055,
Lower-middle-income countries,,2007,5.6,,0.569,
Lower-middle-income countries,,2007,5.6,,0.489,
Lower-middle-income countries,,2007,5.6,,0.6958714,
Lower-middle-income countries,,2007,5.6,,0.87,
Lower-middle-income countries,,2008,6.4,,0.49759457,
Lower-middle-income countries,,2008,6.4,,0.661,
Lower-middle-income countries,,2008,6.4,,0.64034575,
Lower-middle-income countries,,2008,6.4,,0.68,
Lower-middle-income countries,,2008,6.4,,0.8590917,
Lower-middle-income countries,,2008,6.4,,0.74,
Lower-middle-income countries,,2008,6.4,,0.88218033,
Lower-middle-income countries,,2008,6.4,,0.699,
Lower-middle-income countries,,2008,6.4,,0.8827478,
Lower-middle-income countries,,2008,6.4,,0.742,
Lower-middle-income countries,,2008,6.4,,0.457,
Lower-middle-income countries,,2008,6.4,,0.39877075,
Lower-middle-income countries,,2008,6.4,,0.56541926,
Lower-middle-income countries,,2008,6.4,,0.558,
Lower-middle-income countries,,2008,6.4,,0.8433985,
Lower-middle-income countries,,2008,6.4,,0.8153273,
Lower-middle-income countries,,2008,6.4,,0.7485009,
Lower-middle-income countries,,2008,6.4,,0.575,
Lower-middle-income countries,,2008,6.4,,0.497,
Lower-middle-income countries,,2008,6.4,,0.7032563,
Lower-middle-income countries,,2008,6.4,,0.872,
Lower-middle-income countries,,2009,7.5,,0.5021216,
Lower-middle-income countries,,2009,7.5,,0.666,
Lower-middle-income countries,,2009,7.5,,0.64756656,
Lower-middle-income countries,,2009,7.5,,0.69,
Lower-middle-income countries,,2009,7.5,,0.8599548,
Lower-middle-income countries,,2009,7.5,,0.742,
Lower-middle-income countries,,2009,7.5,,0.8833343,
Lower-middle-income countries,,2009,7.5,,0.706,
Lower-middle-income countries,,2009,7.5,,0.8837552,
Lower-middle-income countries,,2009,7.5,,0.743,
Lower-middle-income countries,,2009,7.5,,0.461,
Lower-middle-income countries,,2009,7.5,,0.402766,
Lower-middle-income countries,,2009,7.5,,0.5710855,
Lower-middle-income countries,,2009,7.5,,0.565,
Lower-middle-income countries,,2009,7.5,,0.8439207,
Lower-middle-income countries,,2009,7.5,,0.81803006,
Lower-middle-income countries,,2009,7.5,,0.7512326,
Lower-middle-income countries,,2009,7.5,,0.58,
Lower-middle-income countries,,2009,7.5,,0.503,
Lower-middle-income countries,,2009,7.5,,0.71126586,
Lower-middle-income countries,,2009,7.5,,0.874,
Lower-middle-income countries,,2010,10.1,,0.513888,
Lower-middle-income countries,,2010,10.1,,0.67,
Lower-middle-income countries,,2010,10.1,,0.65679175,
Lower-middle-income countries,,2010,10.1,,0.699,
Lower-middle-income countries,,2010,10.1,,0.8645471,
Lower-middle-income countries,,2010,10.1,,0.753,
Lower-middle-income countries,,2010,10.1,,0.8875532,
Lower-middle-income countries,,2010,10.1,,0.714,
Lower-middle-income countries,,2010,10.1,,0.88799495,
Lower-middle-income countries,,2010,10.1,,0.747,
Lower-middle-income countries,,2010,10.1,,0.467,
Lower-middle-income countries,,2010,10.1,,0.42096916,
Lower-middle-income countries,,2010,10.1,,0.57957613,
Lower-middle-income countries,,2010,10.1,,0.573,
Lower-middle-income countries,,2010,10.1,,0.84561443,
Lower-middle-income countries,,2010,10.1,,0.82062435,
Lower-middle-income countries,,2010,10.1,,0.75787014,
Lower-middle-income countries,,2010,10.1,,0.59,
Lower-middle-income countries,,2010,10.1,,0.51,
Lower-middle-income countries,,2010,10.1,,0.72018623,
Lower-middle-income countries,,2010,10.1,,0.879,
Lower-middle-income countries,,2011,12.2,,0.52003187,
Lower-middle-income countries,,2011,12.2,,0.672,
Lower-middle-income countries,,2011,12.2,,0.66498727,
Lower-middle-income countries,,2011,12.2,,0.706,
Lower-middle-income countries,,2011,12.2,,0.87022907,
Lower-middle-income countries,,2011,12.2,,0.761,
Lower-middle-income countries,,2011,12.2,,0.89193636,
Lower-middle-income countries,,2011,12.2,,0.72,
Lower-middle-income countries,,2011,12.2,,0.8916487,
Lower-middle-income countries,,2011,12.2,,0.753,
Lower-middle-income countries,,2011,12.2,,0.471,
Lower-middle-income countries,,2011,12.2,,0.4269735,
Lower-middle-income countries,,2011,12.2,,0.5894755,
Lower-middle-income countries,,2011,12.2,,0.584,
Lower-middle-income countries,,2011,12.2,,0.8494359,
Lower-middle-income countries,,2011,12.2,,0.8243534,
Lower-middle-income countries,,2011,12.2,,0.7633919,
Lower-middle-income countries,,2011,12.2,,0.601,
Lower-middle-income countries,,2011,12.2,,0.517,
Lower-middle-income countries,,2011,12.2,,0.7270223,
Lower-middle-income countries,,2011,12.2,,0.883,
Lower-middle-income countries,,2012,13.6,,0.5260907,
Lower-middle-income countries,,2012,13.6,,0.68,
Lower-middle-income countries,,2012,13.6,,0.67128,
Lower-middle-income countries,,2012,13.6,,0.713,
Lower-middle-income countries,,2012,13.6,,0.87196416,
Lower-middle-income countries,,2012,13.6,,0.767,
Lower-middle-income countries,,2012,13.6,,0.8927878,
Lower-middle-income countries,,2012,13.6,,0.727,
Lower-middle-income countries,,2012,13.6,,0.8941138,
Lower-middle-income countries,,2012,13.6,,0.758,
Lower-middle-income countries,,2012,13.6,,0.477,
Lower-middle-income countries,,2012,13.6,,0.43000394,
Lower-middle-income countries,,2012,13.6,,0.5956914,
Lower-middle-income countries,,2012,13.6,,0.59,
Lower-middle-income countries,,2012,13.6,,0.8532949,
Lower-middle-income countries,,2012,13.6,,0.82798356,
Lower-middle-income countries,,2012,13.6,,0.7674748,
Lower-middle-income countries,,2012,13.6,,0.606,
Lower-middle-income countries,,2012,13.6,,0.523,
Lower-middle-income countries,,2012,13.6,,0.73412,
Lower-middle-income countries,,2012,13.6,,0.886,
Lower-middle-income countries,,2013,15.2,,0.53123987,
Lower-middle-income countries,,2013,15.2,,0.683,
Lower-middle-income countries,,2013,15.2,,0.677284,
Lower-middle-income countries,,2013,15.2,,0.72,
Lower-middle-income countries,,2013,15.2,,0.87687457,
Lower-middle-income countries,,2013,15.2,,0.78,
Lower-middle-income countries,,2013,15.2,,0.8967906,
Lower-middle-income countries,,2013,15.2,,0.733,
Lower-middle-income countries,,2013,15.2,,0.8981406,
Lower-middle-income countries,,2013,15.2,,0.762,
Lower-middle-income countries,,2013,15.2,,0.482,
Lower-middle-income countries,,2013,15.2,,0.432075,
Lower-middle-income countries,,2013,15.2,,0.60151386,
Lower-middle-income countries,,2013,15.2,,0.595,
Lower-middle-income countries,,2013,15.2,,0.85496044,
Lower-middle-income countries,,2013,15.2,,0.8279558,
Lower-middle-income countries,,2013,15.2,,0.7731587,
Lower-middle-income countries,,2013,15.2,,0.611,
Lower-middle-income countries,,2013,15.2,,0.528,
Lower-middle-income countries,,2013,15.2,,0.7406829,
Lower-middle-income countries,,2013,15.2,,0.892,
Lower-middle-income countries,,2014,17.2,,0.5367227,
Lower-middle-income countries,,2014,17.2,,0.688,
Lower-middle-income countries,,2014,17.2,,0.68550044,
Lower-middle-income countries,,2014,17.2,,0.728,
Lower-middle-income countries,,2014,17.2,,0.87929887,
Lower-middle-income countries,,2014,17.2,,0.785,
Lower-middle-income countries,,2014,17.2,,0.8999237,
Lower-middle-income countries,,2014,17.2,,0.739,
Lower-middle-income countries,,2014,17.2,,0.90055966,
Lower-middle-income countries,,2014,17.2,,0.765,
Lower-middle-income countries,,2014,17.2,,0.488,
Lower-middle-income countries,,2014,17.2,,0.43649974,
Lower-middle-income countries,,2014,17.2,,0.60980934,
Lower-middle-income countries,,2014,17.2,,0.604,
Lower-middle-income countries,,2014,17.2,,0.85716856,
Lower-middle-income countries,,2014,17.2,,0.8310525,
Lower-middle-income countries,,2014,17.2,,0.7760436,
Lower-middle-income countries,,2014,17.2,,0.62,
Lower-middle-income countries,,2014,17.2,,0.534,
Lower-middle-income countries,,2014,17.2,,0.7478326,
Lower-middle-income countries,,2014,17.2,,0.895,
Lower-middle-income countries,,2015,19.3,,0.5425902,
Lower-middle-income countries,,2015,19.3,,0.693,
Lower-middle-income countries,,2015,19.3,,0.6922845,
Lower-middle-income countries,,2015,19.3,,0.735,
Lower-middle-income countries,,2015,19.3,,0.88032347,
Lower-middle-income countries,,2015,19.3,,0.789,
Lower-middle-income countries,,2015,19.3,,0.9017791,
Lower-middle-income countries,,2015,19.3,,0.744,
Lower-middle-income countries,,2015,19.3,,0.9027572,
Lower-middle-income countries,,2015,19.3,,0.767,
Lower-middle-income countries,,2015,19.3,,0.491,
Lower-middle-income countries,,2015,19.3,,0.43883622,
Lower-middle-income countries,,2015,19.3,,0.6173714,
Lower-middle-income countries,,2015,19.3,,0.611,
Lower-middle-income countries,,2015,19.3,,0.8591236,
Lower-middle-income countries,,2015,19.3,,0.8333656,
Lower-middle-income countries,,2015,19.3,,0.7772507,
Lower-middle-income countries,,2015,19.3,,0.627,
Lower-middle-income countries,,2015,19.3,,0.54,
Lower-middle-income countries,,2015,19.3,,0.7533915,
Lower-middle-income countries,,2015,19.3,,0.898,
Lower-middle-income countries,,2016,21.8,,0.5466387,
Lower-middle-income countries,,2016,21.8,,0.698,
Lower-middle-income countries,,2016,21.8,,0.6996885,
Lower-middle-income countries,,2016,21.8,,0.742,
Lower-middle-income countries,,2016,21.8,,0.8832819,
Lower-middle-income countries,,2016,21.8,,0.793,
Lower-middle-income countries,,2016,21.8,,0.9050324,
Lower-middle-income countries,,2016,21.8,,0.749,
Lower-middle-income countries,,2016,21.8,,0.90514636,
Lower-middle-income countries,,2016,21.8,,0.769,
Lower-middle-income countries,,2016,21.8,,0.497,
Lower-middle-income countries,,2016,21.8,,0.4427982,
Lower-middle-income countries,,2016,21.8,,0.62547666,
Lower-middle-income countries,,2016,21.8,,0.62,
Lower-middle-income countries,,2016,21.8,,0.86142576,
Lower-middle-income countries,,2016,21.8,,0.83567315,
Lower-middle-income countries,,2016,21.8,,0.7784721,
Lower-middle-income countries,,2016,21.8,,0.637,
Lower-middle-income countries,,2016,21.8,,0.543,
Lower-middle-income countries,,2016,21.8,,0.7588624,
Lower-middle-income countries,,2016,21.8,,0.9,
Lower-middle-income countries,,2017,24.3,,0.5504002,
Lower-middle-income countries,,2017,24.3,,0.702,
Lower-middle-income countries,,2017,24.3,,0.7046988,
Lower-middle-income countries,,2017,24.3,,0.749,
Lower-middle-income countries,,2017,24.3,,0.8861951,
Lower-middle-income countries,,2017,24.3,,0.8,
Lower-middle-income countries,,2017,24.3,,0.9075523,
Lower-middle-income countries,,2017,24.3,,0.754,
Lower-middle-income countries,,2017,24.3,,0.90792,
Lower-middle-income countries,,2017,24.3,,0.772,
Lower-middle-income countries,,2017,24.3,,0.5,
Lower-middle-income countries,,2017,24.3,,0.44619104,
Lower-middle-income countries,,2017,24.3,,0.62979513,
Lower-middle-income countries,,2017,24.3,,0.624,
Lower-middle-income countries,,2017,24.3,,0.8636879,
Lower-middle-income countries,,2017,24.3,,0.83694863,
Lower-middle-income countries,,2017,24.3,,0.7811188,
Lower-middle-income countries,,2017,24.3,,0.641,
Lower-middle-income countries,,2017,24.3,,0.546,
Lower-middle-income countries,,2017,24.3,,0.7643767,
Lower-middle-income countries,,2017,24.3,,0.903,
Lower-middle-income countries,,2018,27.3,,0.5558327,
Lower-middle-income countries,,2018,27.3,,0.707,
Lower-middle-income countries,,2018,27.3,,0.7085525,
Lower-middle-income countries,,2018,27.3,,0.756,
Lower-middle-income countries,,2018,27.3,,0.88933504,
Lower-middle-income countries,,2018,27.3,,0.804,
Lower-middle-income countries,,2018,27.3,,0.9103591,
Lower-middle-income countries,,2018,27.3,,0.76,
Lower-middle-income countries,,2018,27.3,,0.91105837,
Lower-middle-income countries,,2018,27.3,,0.774,
Lower-middle-income countries,,2018,27.3,,0.504,
Lower-middle-income countries,,2018,27.3,,0.4525536,
Lower-middle-income countries,,2018,27.3,,0.6321534,
Lower-middle-income countries,,2018,27.3,,0.627,
Lower-middle-income countries,,2018,27.3,,0.8665236,
Lower-middle-income countries,,2018,27.3,,0.84073627,
Lower-middle-income countries,,2018,27.3,,0.7836532,
Lower-middle-income countries,,2018,27.3,,0.642,
Lower-middle-income countries,,2018,27.3,,0.551,
Lower-middle-income countries,,2018,27.3,,0.7702497,
Lower-middle-income countries,,2018,27.3,,0.906,
Lower-middle-income countries,,2019,33.7,,0.56035364,
Lower-middle-income countries,,2019,33.7,,0.712,
Lower-middle-income countries,,2019,33.7,,0.7126623,
Lower-middle-income countries,,2019,33.7,,0.761,
Lower-middle-income countries,,2019,33.7,,0.89306754,
Lower-middle-income countries,,2019,33.7,,0.808,
Lower-middle-income countries,,2019,33.7,,0.9143795,
Lower-middle-income countries,,2019,33.7,,0.765,
Lower-middle-income countries,,2019,33.7,,0.91397655,
Lower-middle-income countries,,2019,33.7,,0.776,
Lower-middle-income countries,,2019,33.7,,0.507,
Lower-middle-income countries,,2019,33.7,,0.45707306,
Lower-middle-income countries,,2019,33.7,,0.63645244,
Lower-middle-income countries,,2019,33.7,,0.631,
Lower-middle-income countries,,2019,33.7,,0.8687238,
Lower-middle-income countries,,2019,33.7,,0.8431121,
Lower-middle-income countries,,2019,33.7,,0.78433996,
Lower-middle-income countries,,2019,33.7,,0.645,
Lower-middle-income countries,,2019,33.7,,0.557,
Lower-middle-income countries,,2019,33.7,,0.7744862,
Lower-middle-income countries,,2019,33.7,,0.909,
Lower-middle-income countries,,2020,43.4,,0.5594648,
Lower-middle-income countries,,2020,43.4,,0.707,
Lower-middle-income countries,,2020,43.4,,0.7130719,
Lower-middle-income countries,,2020,43.4,,0.764,
Lower-middle-income countries,,2020,43.4,,0.8829021,
Lower-middle-income countries,,2020,43.4,,0.802,
Lower-middle-income countries,,2020,43.4,,0.90954304,
Lower-middle-income countries,,2020,43.4,,0.763,
Lower-middle-income countries,,2020,43.4,,0.9056104,
Lower-middle-income countries,,2020,43.4,,0.764,
Lower-middle-income countries,,2020,43.4,,0.507,
Lower-middle-income countries,,2020,43.4,,0.45871836,
Lower-middle-income countries,,2020,43.4,,0.6364669,
Lower-middle-income countries,,2020,43.4,,0.631,
Lower-middle-income countries,,2020,43.4,,0.85540247,
Lower-middle-income countries,,2020,43.4,,0.84438473,
Lower-middle-income countries,,2020,43.4,,0.7736417,
Lower-middle-income countries,,2020,43.4,,0.645,
Lower-middle-income countries,,2020,43.4,,0.557,
Lower-middle-income countries,,2020,43.4,,0.7720838,
Lower-middle-income countries,,2020,43.4,,0.901,
Lower-middle-income countries,,2021,46.8,,0.56110394,
Lower-middle-income countries,,2021,46.8,,0.71,
Lower-middle-income countries,,2021,46.8,,0.71319216,
Lower-middle-income countries,,2021,46.8,,0.768,
Lower-middle-income countries,,2021,46.8,,0.88542944,
Lower-middle-income countries,,2021,46.8,,0.803,
Lower-middle-income countries,,2021,46.8,,0.914425,
Lower-middle-income countries,,2021,46.8,,0.766,
Lower-middle-income countries,,2021,46.8,,0.90697354,
Lower-middle-income countries,,2021,46.8,,0.762,
Lower-middle-income countries,,2021,46.8,,0.507,
Lower-middle-income countries,,2021,46.8,,0.4588084,
Lower-middle-income countries,,2021,46.8,,0.63409626,
Lower-middle-income countries,,2021,46.8,,0.629,
Lower-middle-income countries,,2021,46.8,,0.8522403,
Lower-middle-income countries,,2021,46.8,,0.84548646,
Lower-middle-income countries,,2021,46.8,,0.77192116,
Lower-middle-income countries,,2021,46.8,,0.641,
Lower-middle-income countries,,2021,46.8,,0.558,
Lower-middle-income countries,,2021,46.8,,0.77544844,
Lower-middle-income countries,,2021,46.8,,0.903,
Lower-middle-income countries,,2022,49.7,,0.5714846,
Lower-middle-income countries,,2022,49.7,,0.716,
Lower-middle-income countries,,2022,49.7,,0.7262154,
Lower-middle-income countries,,2022,49.7,,0.773,
Lower-middle-income countries,,2022,49.7,,0.89101297,
Lower-middle-income countries,,2022,49.7,,0.815,
Lower-middle-income countries,,2022,49.7,,0.91688347,
Lower-middle-income countries,,2022,49.7,,0.774,
Lower-middle-income countries,,2022,49.7,,0.91196257,
Lower-middle-income countries,,2022,49.7,,0.778,
Lower-middle-income countries,,2022,49.7,,0.512,
Lower-middle-income countries,,2022,49.7,,0.47149748,
Lower-middle-income countries,,2022,49.7,,0.6529091,
Lower-middle-income countries,,2022,49.7,,0.649,
Lower-middle-income countries,,2022,49.7,,0.86384416,
Lower-middle-income countries,,2022,49.7,,0.84466344,
Lower-middle-income countries,,2022,49.7,,0.7865941,
Lower-middle-income countries,,2022,49.7,,0.665,
Lower-middle-income countries,,2022,49.7,,0.565,
Lower-middle-income countries,,2022,49.7,,0.7832832,
Lower-middle-income countries,,2022,49.7,,0.908,
Lower-middle-income countries,,2023,53.4,,0.5760591,
Lower-middle-income countries,,2023,53.4,,0.719,
Lower-middle-income countries,,2023,53.4,,0.73009235,
Lower-middle-income countries,,2023,53.4,,,
Lower-middle-income countries,,2023,53.4,,,
Lower-middle-income countries,,2023,53.4,,,
Lower-middle-income countries,,2023,53.4,,0.775,
Lower-middle-income countries,,2023,53.4,,0.89665455,
Lower-middle-income countries,,2023,53.4,,0.818,
Lower-middle-income countries,,2023,53.4,,0.92227614,
Lower-middle-income countries,,2023,53.4,,,
Lower-middle-income countries,,2023,53.4,,,
Lower-middle-income countries,,2023,53.4,,,
Lower-middle-income countries,,2023,53.4,,,
Lower-middle-income countries,,2023,53.4,,0.777,
Lower-middle-income countries,,2023,53.4,,0.9179597,
Lower-middle-income countries,,2023,53.4,,,
Lower-middle-income countries,,2023,53.4,,,
Lower-middle-income countries,,2023,53.4,,,
Lower-middle-income countries,,2023,53.4,,,
Lower-middle-income countries,,2023,53.4,,,
Lower-middle-income countries,,2023,53.4,,0.783,
Lower-middle-income countries,,2023,53.4,,0.515,
Lower-middle-income countries,,2023,53.4,,0.47806427,
Lower-middle-income countries,,2023,53.4,,0.6585855,
Lower-middle-income countries,,2023,53.4,,0.656,
Lower-middle-income countries,,2023,53.4,,0.8702258,
Lower-middle-income countries,,2023,53.4,,0.84926206,
Lower-middle-income countries,,2023,53.4,,,
Lower-middle-income countries,,2023,53.4,,,
Lower-middle-income countries,,2023,53.4,,0.79245985,
Lower-middle-income countries,,2023,53.4,,0.672,
Lower-middle-income countries,,2023,53.4,,0.568,
Lower-middle-income countries,,2023,53.4,,,
Lower-middle-income countries,,2023,53.4,,0.78573513,
Lower-middle-income countries,,2023,53.4,,0.914,
Luxembourg,LUX,1990,0.0,54.886406,0.787,Europe
Luxembourg,LUX,1991,0.0,59.1328,0.796,Europe
Luxembourg,LUX,1992,0.1531988,59.582798,0.801,Europe
Luxembourg,LUX,1993,0.3021551,62.64721,0.812,Europe
Luxembourg,LUX,1994,0.49648613,65.6644,0.82,Europe
Luxembourg,LUX,1995,1.5909419,64.779655,0.824,Europe
Luxembourg,LUX,1996,5.5516534,65.05981,0.832,Europe
Luxembourg,LUX,1997,7.142704,67.1878,0.837,Europe
Luxembourg,LUX,1998,11.745554,69.583954,0.845,Europe
Luxembourg,LUX,1999,17.387959,74.60031,0.858,Europe
Luxembourg,LUX,2000,22.8873,79.95352,0.861,Europe
Luxembourg,LUX,2001,36.1634,73.46594,0.863,Europe
Luxembourg,LUX,2002,39.84,71.85395,0.868,Europe
Luxembourg,LUX,2003,54.55,68.29043,0.87,Europe
Luxembourg,LUX,2004,65.88,65.19919,0.878,Europe
Luxembourg,LUX,2005,70.0,69.578575,0.879,Europe
Luxembourg,LUX,2006,72.51,67.867516,0.88,Europe
Luxembourg,LUX,2007,78.92,68.847755,0.883,Europe
Luxembourg,LUX,2008,82.23,67.947876,0.896,Europe
Luxembourg,LUX,2009,87.31,67.370415,0.905,Europe
Luxembourg,LUX,2010,90.62,75.18357,0.909,Europe
Luxembourg,LUX,2011,90.0299,66.83374,0.911,Europe
Luxembourg,LUX,2012,91.9499,71.18669,0.914,Europe
Luxembourg,LUX,2013,93.7765,68.91924,0.919,Europe
Luxembourg,LUX,2014,94.6702,76.93051,0.924,Europe
Luxembourg,LUX,2015,96.3767,84.744995,0.913,Europe
Luxembourg,LUX,2016,98.1367,86.03003,0.916,Europe
Luxembourg,LUX,2017,97.363,90.22695,0.913,Europe
Luxembourg,LUX,2018,97.0613,83.28531,0.915,Europe
Luxembourg,LUX,2019,97.1206,89.14583,0.916,Europe
Luxembourg,LUX,2020,98.4596,88.38975,0.916,Europe
Luxembourg,LUX,2021,98.6609,91.46417,0.918,Europe
Luxembourg,LUX,2022,98.242,87.30043,0.922,Europe
Luxembourg,LUX,2023,99.3479,84.75741,0.922,Europe
Macao,MAC,1990,0.0,,,Asia
Macao,MAC,1991,0.0,,,Asia
Macao,MAC,1992,0.0,,,Asia
Macao,MAC,1993,0.0,,,Asia
Macao,MAC,1994,0.036993377,,,Asia
Macao,MAC,1995,0.2800141,,,Asia
Macao,MAC,1996,0.7272736,,,Asia
Macao,MAC,1997,2.3641276,,,Asia
Macao,MAC,1998,7.003324,,,Asia
Macao,MAC,1999,9.212005,,,Asia
Macao,MAC,2000,13.6086,,,Asia
Macao,MAC,2001,22.5212,,,Asia
Macao,MAC,2002,25.1719,,,Asia
Macao,MAC,2003,25.7421,,,Asia
Macao,MAC,2004,31.4841,,,Asia
Macao,MAC,2005,34.8629,,,Asia
Macao,MAC,2006,46.4,,,Asia
Macao,MAC,2007,47.327,,,Asia
Macao,MAC,2008,49.24,,,Asia
Macao,MAC,2009,54.0,,,Asia
Macao,MAC,2010,55.198,,,Asia
Macao,MAC,2011,60.2037,,,Asia
Macao,MAC,2012,61.31,,,Asia
Macao,MAC,2013,65.8,,,Asia
Macao,MAC,2014,69.7809,,,Asia
Macao,MAC,2015,77.6001,,,Asia
Macao,MAC,2016,81.643,,,Asia
Macao,MAC,2017,83.1741,,,Asia
Macao,MAC,2018,83.7941,,,Asia
Macao,MAC,2019,86.4679,,,Asia
Macao,MAC,2020,87.4623,,,Asia
Macao,MAC,2021,88.4681,,,Asia
Macao,MAC,2022,89.7864,,,Asia
Madagascar,MDG,1990,0.0,,,Africa
Madagascar,MDG,1991,0.0,,,Africa
Madagascar,MDG,1992,0.0,,,Africa
Madagascar,MDG,1993,0.0,,,Africa
Madagascar,MDG,1994,0.0,,,Africa
Madagascar,MDG,1995,0.0,,,Africa
Madagascar,MDG,1996,0.003695196,,,Africa
Madagascar,MDG,1997,0.014333647,,,Africa
Madagascar,MDG,1998,0.06256102,,,Africa
Madagascar,MDG,1999,0.16860878,,0.436,Africa
Madagascar,MDG,2000,0.196395,,0.443,Africa
Madagascar,MDG,2001,0.222512,,0.451,Africa
Madagascar,MDG,2002,0.33972,,0.448,Africa
Madagascar,MDG,2003,0.423252,,0.458,Africa
Madagascar,MDG,2004,0.525354,,0.465,Africa
Madagascar,MDG,2005,0.567722,1.8780626,0.47,Africa
Madagascar,MDG,2006,0.607552,1.9198712,0.474,Africa
Madagascar,MDG,2007,0.65,1.932734,0.482,Africa
Madagascar,MDG,2008,1.65,2.099546,0.49,Africa
Madagascar,MDG,2009,1.63,2.0235825,0.493,Africa
Madagascar,MDG,2010,1.7,2.1621568,0.493,Africa
Madagascar,MDG,2011,1.9,2.2336211,0.494,Africa
Madagascar,MDG,2012,2.3,2.1580343,0.496,Africa
Madagascar,MDG,2013,3.0,2.04276,0.497,Africa
Madagascar,MDG,2014,3.7,1.9591802,0.5,Africa
Madagascar,MDG,2015,4.17397,1.930075,0.501,Africa
Madagascar,MDG,2016,4.71366,1.9594918,0.501,Africa
Madagascar,MDG,2017,6.4,1.8739384,0.505,Africa
Madagascar,MDG,2018,8.7,1.7739499,0.501,Africa
Madagascar,MDG,2019,11.8314,1.8394303,0.495,Africa
Madagascar,MDG,2020,15.8196,1.7729127,0.483,Africa
Madagascar,MDG,2021,18.1313,1.7065438,0.481,Africa
Madagascar,MDG,2022,20.5777,1.6554873,0.483,Africa
Malawi,MWI,1990,0.0,,0.306,Africa
Malawi,MWI,1991,0.0,,0.31,Africa
Malawi,MWI,1992,0.0,,0.318,Africa
Malawi,MWI,1993,0.0,,0.324,Africa
Malawi,MWI,1994,0.0,,0.325,Africa
Malawi,MWI,1995,0.0,,0.37,Africa
Malawi,MWI,1997,0.004668518,,0.379,Africa
Malawi,MWI,1998,0.018057365,,0.384,Africa
Malawi,MWI,1999,0.08727875,,0.392,Africa
Malawi,MWI,2000,0.126781,,0.394,Africa
Malawi,MWI,2001,0.164021,,0.4,Africa
Malawi,MWI,2002,0.215095,,0.407,Africa
Malawi,MWI,2003,0.278815,,0.414,Africa
Malawi,MWI,2004,0.347505,,0.421,Africa
Malawi,MWI,2005,0.384489,2.1663508,0.427,Africa
Malawi,MWI,2006,0.425137,2.2574275,0.436,Africa
Malawi,MWI,2007,0.965865,2.6307356,0.444,Africa
Malawi,MWI,2008,0.7,2.925268,0.455,Africa
Malawi,MWI,2009,1.07,2.2332768,0.465,Africa
Malawi,MWI,2010,2.26,2.2395904,0.475,Africa
Malawi,MWI,2011,3.33,2.4986098,0.483,Africa
Malawi,MWI,2012,4.3506,2.4567797,0.488,Africa
Malawi,MWI,2013,5.05,2.8734467,0.494,Africa
Malawi,MWI,2014,5.83,2.785626,0.5,Africa
Malawi,MWI,2015,6.0,2.9897096,0.504,Africa
Malawi,MWI,2016,6.3,2.995424,0.506,Africa
Malawi,MWI,2017,7.0,3.1827612,0.508,Africa
Malawi,MWI,2018,8.0,3.2169983,0.51,Africa
Malawi,MWI,2019,14.6,3.2968793,0.513,Africa
Malawi,MWI,2020,22.2466,3.4597924,0.512,Africa
Malawi,MWI,2021,26.9325,3.6202874,0.509,Africa
Malawi,MWI,2022,27.6609,3.3517041,0.513,Africa
Malawi,MWI,2023,18.0,3.2886662,0.517,Africa
Malaysia,MYS,1990,0.0,11.818358,0.653,Asia
Malaysia,MYS,1991,0.0,12.72607,0.661,Asia
Malaysia,MYS,1992,0.001047822,13.172725,0.67,Asia
Malaysia,MYS,1993,0.025538478,13.825666,0.677,Asia
Malaysia,MYS,1994,0.099607415,14.581438,0.684,Asia
Malaysia,MYS,1995,0.14567384,15.6569195,0.691,Asia
Malaysia,MYS,1996,0.85204446,16.570148,0.701,Asia
Malaysia,MYS,1997,2.3073933,16.949522,0.713,Asia
Malaysia,MYS,1998,6.7517705,14.470333,0.718,Asia
Malaysia,MYS,1999,12.305502,14.7710905,0.723,Asia
Malaysia,MYS,2000,21.3847,16.220388,0.733,Asia
Malaysia,MYS,2001,26.696,15.893072,0.731,Asia
Malaysia,MYS,2002,32.3382,16.217607,0.732,Asia
Malaysia,MYS,2003,34.9712,16.827524,0.737,Asia
Malaysia,MYS,2004,42.2523,18.222843,0.739,Asia
Malaysia,MYS,2005,48.6292,20.31742,0.736,Asia
Malaysia,MYS,2006,51.638,20.276554,0.742,Asia
Malaysia,MYS,2007,55.7,22.037416,0.754,Asia
Malaysia,MYS,2008,55.8,24.968641,0.765,Asia
Malaysia,MYS,2009,55.9,22.963558,0.773,Asia
Malaysia,MYS,2010,56.3,23.306805,0.779,Asia
Malaysia,MYS,2011,61.0,24.118914,0.782,Asia
Malaysia,MYS,2012,65.8,25.983847,0.787,Asia
Malaysia,MYS,2013,57.0575,25.792534,0.791,Asia
Malaysia,MYS,2014,63.6654,25.380049,0.795,Asia
Malaysia,MYS,2015,71.0641,24.520937,0.8,Asia
Malaysia,MYS,2016,78.7883,25.20791,0.805,Asia
Malaysia,MYS,2017,80.1405,25.783104,0.807,Asia
Malaysia,MYS,2018,81.201,27.85291,0.809,Asia
Malaysia,MYS,2019,84.1871,27.1924,0.812,Asia
Malaysia,MYS,2020,89.555,28.710722,0.81,Asia
Malaysia,MYS,2021,96.7514,28.220589,0.802,Asia
Malaysia,MYS,2022,97.3986,28.947357,0.81,Asia
Malaysia,MYS,2023,97.6927,29.745306,0.819,Asia
Maldives,MDV,1960,0.0,,,Asia
Maldives,MDV,1965,0.0,,,Asia
Maldives,MDV,1970,0.0,,,Asia
Maldives,MDV,1975,0.0,,,Asia
Maldives,MDV,1976,0.0,,,Asia
Maldives,MDV,1977,0.0,,,Asia
Maldives,MDV,1978,0.0,,,Asia
Maldives,MDV,1979,0.0,,,Asia
Maldives,MDV,1980,0.0,,,Asia
Maldives,MDV,1981,0.0,,,Asia
Maldives,MDV,1982,0.0,,,Asia
Maldives,MDV,1983,0.0,,,Asia
Maldives,MDV,1984,0.0,,,Asia
Maldives,MDV,1985,0.0,,,Asia
Maldives,MDV,1986,0.0,,,Asia
Maldives,MDV,1987,0.0,,,Asia
Maldives,MDV,1988,0.0,,,Asia
Maldives,MDV,1989,0.0,,,Asia
Maldives,MDV,1990,0.0,,,Asia
Maldives,MDV,1991,0.0,,,Asia
Maldives,MDV,1992,0.0,,,Asia
Maldives,MDV,1993,0.0,,,Asia
Maldives,MDV,1994,0.0,,,Asia
Maldives,MDV,1995,0.0,,,Asia
Maldives,MDV,1996,0.2269301,,,Asia
Maldives,MDV,1997,0.30944425,,,Asia
Maldives,MDV,1998,0.56962746,,,Asia
Maldives,MDV,1999,1.1199086,,,Asia
Maldives,MDV,2000,2.20387,,0.639,Asia
Maldives,MDV,2001,3.61729,,0.639,Asia
Maldives,MDV,2002,5.34777,,0.645,Asia
Maldives,MDV,2003,5.97659,,0.654,Asia
Maldives,MDV,2004,6.58825,,0.655,Asia
Maldives,MDV,2005,6.86961,,0.657,Asia
Maldives,MDV,2006,11.0364,,0.672,Asia
Maldives,MDV,2007,16.3,,0.672,Asia
Maldives,MDV,2008,23.2,,0.681,Asia
Maldives,MDV,2009,24.8,,0.682,Asia
Maldives,MDV,2010,26.53,,0.689,Asia
Maldives,MDV,2011,34.0,,0.698,Asia
Maldives,MDV,2012,38.9301,,0.704,Asia
Maldives,MDV,2013,44.1,,0.71,Asia
Maldives,MDV,2014,49.28,,0.718,Asia
Maldives,MDV,2015,54.462,,0.725,Asia
Maldives,MDV,2016,59.5,,0.732,Asia
Maldives,MDV,2017,65.0,,0.739,Asia
Maldives,MDV,2018,70.9,,0.744,Asia
Maldives,MDV,2019,77.4697,,0.749,Asia
Maldives,MDV,2020,79.0978,,0.73,Asia
Maldives,MDV,2021,85.2343,,0.745,Asia
Maldives,MDV,2022,83.9119,,0.764,Asia
Mali,MLI,1990,0.0,,0.24,Africa
Mali,MLI,1991,0.0,,0.247,Africa
Mali,MLI,1992,0.0,,0.251,Africa
Mali,MLI,1993,0.0,,0.259,Africa
Mali,MLI,1994,0.0,,0.266,Africa
Mali,MLI,1995,0.0,,0.273,Africa
Mali,MLI,1996,0.002055228,,0.282,Africa
Mali,MLI,1997,0.010085919,,0.293,Africa
Mali,MLI,1998,0.019793889,,0.303,Africa
Mali,MLI,1999,0.060909875,,0.314,Africa
Mali,MLI,2000,0.142546,,0.32,Africa
Mali,MLI,2001,0.185897,,0.332,Africa
Mali,MLI,2002,0.227046,,0.34,Africa
Mali,MLI,2003,0.310364,,0.352,Africa
Mali,MLI,2004,0.43282,,0.359,Africa
Mali,MLI,2005,0.507063,2.4356804,0.368,Africa
Mali,MLI,2006,0.729627,2.6783137,0.377,Africa
Mali,MLI,2007,0.81,2.654875,0.386,Africa
Mali,MLI,2008,1.57,2.8439631,0.395,Africa
Mali,MLI,2009,1.8,3.3380926,0.403,Africa
Mali,MLI,2010,2.0,3.432474,0.41,Africa
Mali,MLI,2011,2.2,3.2213447,0.415,Africa
Mali,MLI,2012,2.8,2.9502165,0.411,Africa
Mali,MLI,2013,3.5,2.8605611,0.409,Africa
Mali,MLI,2014,7.0,2.9985,0.414,Africa
Mali,MLI,2015,10.33,3.002826,0.413,Africa
Mali,MLI,2016,14.0,3.564854,0.411,Africa
Mali,MLI,2017,18.9,3.6448176,0.416,Africa
Mali,MLI,2018,21.4,3.8564076,0.421,Africa
Mali,MLI,2019,22.3111,3.9627812,0.425,Africa
Mali,MLI,2020,28.3043,3.724543,0.414,Africa
Mali,MLI,2021,30.4642,3.4918067,0.414,Africa
Mali,MLI,2022,33.0528,3.5115755,0.417,Africa
Malta,MLT,1990,0.0,,0.735,Europe
Malta,MLT,1991,0.0,,0.742,Europe
Malta,MLT,1992,0.0,,0.748,Europe
Malta,MLT,1993,0.0,,0.754,Europe
Malta,MLT,1994,0.0,27.54712,0.758,Europe
Malta,MLT,1995,0.2249957,26.480053,0.763,Europe
Malta,MLT,1996,1.0515275,24.871769,0.763,Europe
Malta,MLT,1997,3.9206052,27.728384,0.772,Europe
Malta,MLT,1998,6.500784,27.600828,0.781,Europe
Malta,MLT,1999,7.759798,29.324745,0.784,Europe
Malta,MLT,2000,13.1137,35.261875,0.79,Europe
Malta,MLT,2001,17.8778,32.448463,0.801,Europe
Malta,MLT,2002,28.92,32.989243,0.806,Europe
Malta,MLT,2003,31.64,33.278355,0.818,Europe
Malta,MLT,2004,34.62,32.916885,0.832,Europe
Malta,MLT,2005,41.24,35.444523,0.84,Europe
Malta,MLT,2006,40.41,33.772118,0.838,Europe
Malta,MLT,2007,46.9,34.087177,0.845,Europe
Malta,MLT,2008,50.08,34.640186,0.848,Europe
Malta,MLT,2009,58.86,35.942146,0.854,Europe
Malta,MLT,2010,63.0,37.80733,0.867,Europe
Malta,MLT,2011,68.0198,37.80428,0.862,Europe
Malta,MLT,2012,68.1999,39.8235,0.87,Europe
Malta,MLT,2013,68.9138,37.110252,0.88,Europe
Malta,MLT,2014,73.1141,36.77276,0.886,Europe
Malta,MLT,2015,75.96,42.911243,0.892,Europe
Malta,MLT,2016,78.0751,39.722054,0.891,Europe
Malta,MLT,2017,81.0119,43.162395,0.901,Europe
Malta,MLT,2018,81.658,42.655525,0.908,Europe
Malta,MLT,2019,85.7786,42.67168,0.91,Europe
Malta,MLT,2020,86.8588,43.025375,0.903,Europe
Malta,MLT,2021,87.4698,48.129368,0.914,Europe
Malta,MLT,2022,91.5406,44.9874,0.917,Europe
Malta,MLT,2023,91.9155,46.31629,0.924,Europe
Marshall Islands,MHL,1990,0.0,,,Oceania
Marshall Islands,MHL,1991,0.0,,,Oceania
Marshall Islands,MHL,1992,0.0,,,Oceania
Marshall Islands,MHL,1993,0.0,,,Oceania
Marshall Islands,MHL,1994,0.0,,,Oceania
Marshall Islands,MHL,1995,0.0,,,Oceania
Marshall Islands,MHL,1996,0.037059434,,,Oceania
Marshall Islands,MHL,1999,0.96607155,,,Oceania
Marshall Islands,MHL,2000,1.53427,,,Oceania
Marshall Islands,MHL,2001,1.70661,,,Oceania
Marshall Islands,MHL,2002,2.33544,,,Oceania
Marshall Islands,MHL,2003,2.56975,,,Oceania
Marshall Islands,MHL,2004,3.59978,,,Oceania
Marshall Islands,MHL,2005,3.8787,,,Oceania
Marshall Islands,MHL,2006,3.79559,,,Oceania
Marshall Islands,MHL,2007,3.95,,,Oceania
Marshall Islands,MHL,2008,4.6,,,Oceania
Marshall Islands,MHL,2009,5.6,,,Oceania
Marshall Islands,MHL,2010,7.0,,,Oceania
Marshall Islands,MHL,2011,10.0,,0.666,Oceania
Marshall Islands,MHL,2012,12.5,,0.668,Oceania
Marshall Islands,MHL,2013,14.0,,0.676,Oceania
Marshall Islands,MHL,2014,16.8,,0.681,Oceania
Marshall Islands,MHL,2015,19.2824,,0.691,Oceania
Marshall Islands,MHL,2016,29.7878,,0.696,Oceania
Marshall Islands,MHL,2017,38.7012,,0.702,Oceania
Marshall Islands,MHL,2020,71.2288,,0.722,Oceania
Marshall Islands,MHL,2021,72.2377,,0.723,Oceania
Marshall Islands,MHL,2022,73.2238,,0.732,Oceania
Mauritania,MRT,1990,0.0,,0.396,Africa
Mauritania,MRT,1991,0.0,,0.401,Africa
Mauritania,MRT,1992,0.0,,0.409,Africa
Mauritania,MRT,1993,0.0,,0.421,Africa
Mauritania,MRT,1994,0.0,,0.432,Africa
Mauritania,MRT,1995,0.0,,0.439,Africa
Mauritania,MRT,1997,0.004172527,,0.45,Africa
Mauritania,MRT,1998,0.040594794,,0.46,Africa
Mauritania,MRT,1999,0.11846446,,0.467,Africa
Mauritania,MRT,2000,0.192031,,0.468,Africa
Mauritania,MRT,2001,0.261449,,0.47,Africa
Mauritania,MRT,2002,0.363229,,0.475,Africa
Mauritania,MRT,2003,0.424005,,0.482,Africa
Mauritania,MRT,2004,0.48147,,0.494,Africa
Mauritania,MRT,2005,0.669966,,0.5,Africa
Mauritania,MRT,2006,0.979661,,0.512,Africa
Mauritania,MRT,2007,1.43361,,0.512,Africa
Mauritania,MRT,2008,1.87,,0.512,Africa
Mauritania,MRT,2009,2.28,,0.522,Africa
Mauritania,MRT,2010,4.0,,0.525,Africa
Mauritania,MRT,2011,4.5,,0.53,Africa
Mauritania,MRT,2012,5.0,,0.538,Africa
Mauritania,MRT,2013,6.2,,0.544,Africa
Mauritania,MRT,2014,11.8,,0.547,Africa
Mauritania,MRT,2015,17.6,,0.551,Africa
Mauritania,MRT,2016,24.1,,0.548,Africa
Mauritania,MRT,2017,24.2,,0.551,Africa
Mauritania,MRT,2018,35.1,,0.561,Africa
Mauritania,MRT,2019,42.3207,,0.566,Africa
Mauritania,MRT,2020,41.0726,,0.554,Africa
Mauritania,MRT,2021,43.7936,,0.553,Africa
Mauritania,MRT,2022,44.3616,,0.562,Africa
Mauritius,MUS,1990,0.0,,0.627,Africa
Mauritius,MUS,1991,0.0,,0.632,Africa
Mauritius,MUS,1992,0.0,,0.637,Africa
Mauritius,MUS,1993,0.0,,0.641,Africa
Mauritius,MUS,1994,0.0,,0.645,Africa
Mauritius,MUS,1995,0.0,,0.65,Africa
Mauritius,MUS,1996,0.18376915,,0.653,Africa
Mauritius,MUS,1997,0.47562918,,0.659,Africa
Mauritius,MUS,1998,2.56528,,0.667,Africa
Mauritius,MUS,1999,4.652213,,0.675,Africa
Mauritius,MUS,2000,7.28154,,0.683,Africa
Mauritius,MUS,2001,8.7809,,0.697,Africa
Mauritius,MUS,2002,10.2526,,0.701,Africa
Mauritius,MUS,2003,12.1871,,0.709,Africa
Mauritius,MUS,2004,13.6891,,0.716,Africa
Mauritius,MUS,2005,15.1722,20.36848,0.723,Africa
Mauritius,MUS,2006,16.7,21.082273,0.729,Africa
Mauritius,MUS,2007,20.22,24.138374,0.736,Africa
Mauritius,MUS,2008,21.81,23.584187,0.742,Africa
Mauritius,MUS,2009,22.51,22.653858,0.748,Africa
Mauritius,MUS,2010,28.33,23.020092,0.755,Africa
Mauritius,MUS,2011,34.95,24.713362,0.762,Africa
Mauritius,MUS,2012,35.42,26.562243,0.778,Africa
Mauritius,MUS,2013,40.1168,26.731441,0.781,Africa
Mauritius,MUS,2014,44.8033,27.703188,0.79,Africa
Mauritius,MUS,2015,50.1393,27.607687,0.792,Africa
Mauritius,MUS,2016,52.1913,29.765959,0.795,Africa
Mauritius,MUS,2017,55.4032,29.763557,0.799,Africa
Mauritius,MUS,2018,58.5962,29.84823,0.801,Africa
Mauritius,MUS,2019,61.73,28.885317,0.803,Africa
Mauritius,MUS,2020,67.7329,28.954803,0.795,Africa
Mauritius,MUS,2021,71.6,30.002909,0.789,Africa
Mauritius,MUS,2022,75.5,30.22822,0.794,Africa
Mexico,MEX,1990,0.0,24.061445,0.668,Americas
Mexico,MEX,1991,0.005880695,24.481346,0.67,Americas
Mexico,MEX,1992,0.01730781,24.541084,0.672,Americas
Mexico,MEX,1993,0.028305043,24.12281,0.675,Americas
Mexico,MEX,1994,0.043339167,25.130724,0.68,Americas
Mexico,MEX,1995,0.10256419,24.800215,0.68,Americas
Mexico,MEX,1996,0.20040628,24.404797,0.687,Americas
Mexico,MEX,1997,0.6273115,25.314209,0.694,Americas
Mexico,MEX,1998,1.2657833,25.954008,0.701,Americas
Mexico,MEX,1999,1.8574362,25.005701,0.706,Americas
Mexico,MEX,2000,5.08138,26.073776,0.712,Americas
Mexico,MEX,2001,7.03802,26.069979,0.715,Americas
Mexico,MEX,2002,11.9,26.034855,0.722,Americas
Mexico,MEX,2003,12.9,25.993427,0.728,Americas
Mexico,MEX,2004,14.1,26.047571,0.732,Americas
Mexico,MEX,2005,17.21,27.390198,0.736,Americas
Mexico,MEX,2006,19.52,28.013113,0.745,Americas
Mexico,MEX,2007,20.81,28.461563,0.747,Americas
Mexico,MEX,2008,21.71,28.430962,0.75,Americas
Mexico,MEX,2009,26.34,27.328846,0.749,Americas
Mexico,MEX,2010,31.05,29.012064,0.751,Americas
Mexico,MEX,2011,37.1763,31.397432,0.757,Americas
Mexico,MEX,2012,39.75,32.14362,0.764,Americas
Mexico,MEX,2013,43.46,31.198391,0.765,Americas
Mexico,MEX,2014,44.3857,31.423548,0.769,Americas
Mexico,MEX,2015,57.431,30.936192,0.773,Americas
Mexico,MEX,2016,59.5404,31.305912,0.778,Americas
Mexico,MEX,2017,53.0318,31.016174,0.781,Americas
Mexico,MEX,2018,56.6596,30.216253,0.785,Americas
Mexico,MEX,2019,69.6321,28.918913,0.788,Americas
Mexico,MEX,2020,71.4902,29.373611,0.763,Americas
Mexico,MEX,2021,75.6265,28.645594,0.761,Americas
Mexico,MEX,2022,78.6322,27.15859,0.783,Americas
Mexico,MEX,2023,81.1832,26.803362,0.789,Americas
Micronesia (country),FSM,1990,0.0,,,Oceania
Micronesia (country),FSM,1991,0.0,,,Oceania
Micronesia (country),FSM,1992,0.0,,,Oceania
Micronesia (country),FSM,1993,0.0,,,Oceania
Micronesia (country),FSM,1994,0.0,,,Oceania
Micronesia (country),FSM,1995,0.0,,,Oceania
Micronesia (country),FSM,1996,0.2780378,,,Oceania
Micronesia (country),FSM,1997,0.57067686,,,Oceania
Micronesia (country),FSM,1998,1.8587188,,,Oceania
Micronesia (country),FSM,1999,2.797594,,,Oceania
Micronesia (country),FSM,2000,3.73486,,0.596,Oceania
Micronesia (country),FSM,2001,4.66053,,0.599,Oceania
Micronesia (country),FSM,2002,5.5701,,0.596,Oceania
Micronesia (country),FSM,2003,9.2325,,0.601,Oceania
Micronesia (country),FSM,2004,11.0179,,0.6,Oceania
Micronesia (country),FSM,2005,11.8814,,0.601,Oceania
Micronesia (country),FSM,2006,12.7503,,0.602,Oceania
Micronesia (country),FSM,2007,13.6211,,0.601,Oceania
Micronesia (country),FSM,2008,14.49,,0.6,Oceania
Micronesia (country),FSM,2009,15.35,,0.601,Oceania
Micronesia (country),FSM,2010,20.0,,0.603,Oceania
Micronesia (country),FSM,2011,22.8,,0.605,Oceania
Micronesia (country),FSM,2012,25.9744,,0.605,Oceania
Micronesia (country),FSM,2013,27.8,,0.603,Oceania
Micronesia (country),FSM,2014,29.65,,0.602,Oceania
Micronesia (country),FSM,2015,31.5011,,0.604,Oceania
Micronesia (country),FSM,2016,33.3522,,0.606,Oceania
Micronesia (country),FSM,2017,35.3041,,0.607,Oceania
Micronesia (country),FSM,2018,36.6,,0.608,Oceania
Micronesia (country),FSM,2019,38.0,,0.611,Oceania
Micronesia (country),FSM,2020,39.3833,,0.609,Oceania
Micronesia (country),FSM,2021,39.9648,,0.611,Oceania
Micronesia (country),FSM,2022,40.5434,,0.614,Oceania
Middle East and North Africa (WB),,1990,0.0020725408,,0.55,
Middle East and North Africa (WB),,1990,0.0020725408,,0.514,
Middle East and North Africa (WB),,1990,0.0020725408,,0.674,
Middle East and North Africa (WB),,1990,0.0020725408,,0.7739702,
Middle East and North Africa (WB),,1990,0.0020725408,,0.569,
Middle East and North Africa (WB),,1990,0.0020725408,,0.8043755,
Middle East and North Africa (WB),,1990,0.0020725408,,0.648,
Middle East and North Africa (WB),,1990,0.0020725408,,0.346,
Middle East and North Africa (WB),,1990,0.0020725408,,0.439,
Middle East and North Africa (WB),,1990,0.0020725408,,0.6497253,
Middle East and North Africa (WB),,1990,0.0020725408,,0.454,
Middle East and North Africa (WB),,1990,0.0020725408,,0.405,
Middle East and North Africa (WB),,1990,0.0020725408,,0.797,
Middle East and North Africa (WB),,1991,0.004020833,,0.552,
Middle East and North Africa (WB),,1991,0.004020833,,0.522,
Middle East and North Africa (WB),,1991,0.004020833,,0.671,
Middle East and North Africa (WB),,1991,0.004020833,,0.7779599,
Middle East and North Africa (WB),,1991,0.004020833,,0.574,
Middle East and North Africa (WB),,1991,0.004020833,,0.806783,
Middle East and North Africa (WB),,1991,0.004020833,,0.653,
Middle East and North Africa (WB),,1991,0.004020833,,0.348,
Middle East and North Africa (WB),,1991,0.004020833,,0.44,
Middle East and North Africa (WB),,1991,0.004020833,,0.6547653,
Middle East and North Africa (WB),,1991,0.004020833,,0.458,
Middle East and North Africa (WB),,1991,0.004020833,,0.409,
Middle East and North Africa (WB),,1991,0.004020833,,0.8,
Middle East and North Africa (WB),,1992,0.0058202436,,0.561,
Middle East and North Africa (WB),,1992,0.0058202436,,0.531,
Middle East and North Africa (WB),,1992,0.0058202436,,0.664,
Middle East and North Africa (WB),,1992,0.0058202436,,0.78332764,
Middle East and North Africa (WB),,1992,0.0058202436,,0.58,
Middle East and North Africa (WB),,1992,0.0058202436,,0.80932313,
Middle East and North Africa (WB),,1992,0.0058202436,,0.657,
Middle East and North Africa (WB),,1992,0.0058202436,,0.352,
Middle East and North Africa (WB),,1992,0.0058202436,,0.445,
Middle East and North Africa (WB),,1992,0.0058202436,,0.65902275,
Middle East and North Africa (WB),,1992,0.0058202436,,0.464,
Middle East and North Africa (WB),,1992,0.0058202436,,0.408,
Middle East and North Africa (WB),,1992,0.0058202436,,0.802,
Middle East and North Africa (WB),,1993,0.008255953,,0.571,
Middle East and North Africa (WB),,1993,0.008255953,,0.541,
Middle East and North Africa (WB),,1993,0.008255953,,0.659,
Middle East and North Africa (WB),,1993,0.008255953,,0.79047537,
Middle East and North Africa (WB),,1993,0.008255953,,0.586,
Middle East and North Africa (WB),,1993,0.008255953,,0.81150347,
Middle East and North Africa (WB),,1993,0.008255953,,0.661,
Middle East and North Africa (WB),,1993,0.008255953,,0.356,
Middle East and North Africa (WB),,1993,0.008255953,,0.449,
Middle East and North Africa (WB),,1993,0.008255953,,0.66415447,
Middle East and North Africa (WB),,1993,0.008255953,,0.468,
Middle East and North Africa (WB),,1993,0.008255953,,0.411,
Middle East and North Africa (WB),,1993,0.008255953,,0.804,
Middle East and North Africa (WB),,1994,0.013511151,,0.577,
Middle East and North Africa (WB),,1994,0.013511151,,0.55,
Middle East and North Africa (WB),,1994,0.013511151,,0.654,
Middle East and North Africa (WB),,1994,0.013511151,,0.7999784,
Middle East and North Africa (WB),,1994,0.013511151,,0.591,
Middle East and North Africa (WB),,1994,0.013511151,,0.81610936,
Middle East and North Africa (WB),,1994,0.013511151,,0.666,
Middle East and North Africa (WB),,1994,0.013511151,,0.361,
Middle East and North Africa (WB),,1994,0.013511151,,0.453,
Middle East and North Africa (WB),,1994,0.013511151,,0.66946566,
Middle East and North Africa (WB),,1994,0.013511151,,0.472,
Middle East and North Africa (WB),,1994,0.013511151,,0.413,
Middle East and North Africa (WB),,1994,0.013511151,,0.809,
Middle East and North Africa (WB),,1995,0.03176988,,0.582,
Middle East and North Africa (WB),,1995,0.03176988,,0.559,
Middle East and North Africa (WB),,1995,0.03176988,,0.7735119,
Middle East and North Africa (WB),,1995,0.03176988,,0.658,
Middle East and North Africa (WB),,1995,0.03176988,,0.8133682,
Middle East and North Africa (WB),,1995,0.03176988,,0.599,
Middle East and North Africa (WB),,1995,0.03176988,,0.8224163,
Middle East and North Africa (WB),,1995,0.03176988,,0.67,
Middle East and North Africa (WB),,1995,0.03176988,,0.368,
Middle East and North Africa (WB),,1995,0.03176988,,0.459,
Middle East and North Africa (WB),,1995,0.03176988,,0.6756636,
Middle East and North Africa (WB),,1995,0.03176988,,0.478,
Middle East and North Africa (WB),,1995,0.03176988,,0.42,
Middle East and North Africa (WB),,1995,0.03176988,,0.812,
Middle East and North Africa (WB),,1996,0.08556826,,0.59,
Middle East and North Africa (WB),,1996,0.08556826,,0.57,
Middle East and North Africa (WB),,1996,0.08556826,,0.7801411,
Middle East and North Africa (WB),,1996,0.08556826,,0.662,
Middle East and North Africa (WB),,1996,0.08556826,,0.82013655,
Middle East and North Africa (WB),,1996,0.08556826,,0.607,
Middle East and North Africa (WB),,1996,0.08556826,,0.82840586,
Middle East and North Africa (WB),,1996,0.08556826,,0.676,
Middle East and North Africa (WB),,1996,0.08556826,,0.373,
Middle East and North Africa (WB),,1996,0.08556826,,0.466,
Middle East and North Africa (WB),,1996,0.08556826,,0.6810407,
Middle East and North Africa (WB),,1996,0.08556826,,0.484,
Middle East and North Africa (WB),,1996,0.08556826,,0.423,
Middle East and North Africa (WB),,1996,0.08556826,,0.818,
Middle East and North Africa (WB),,1997,0.23350029,,0.596,
Middle East and North Africa (WB),,1997,0.23350029,,0.579,
Middle East and North Africa (WB),,1997,0.23350029,,0.7872637,
Middle East and North Africa (WB),,1997,0.23350029,,0.668,
Middle East and North Africa (WB),,1997,0.23350029,,0.8263604,
Middle East and North Africa (WB),,1997,0.23350029,,0.615,
Middle East and North Africa (WB),,1997,0.23350029,,0.83428735,
Middle East and North Africa (WB),,1997,0.23350029,,0.683,
Middle East and North Africa (WB),,1997,0.23350029,,0.378,
Middle East and North Africa (WB),,1997,0.23350029,,0.472,
Middle East and North Africa (WB),,1997,0.23350029,,0.6869894,
Middle East and North Africa (WB),,1997,0.23350029,,0.49,
Middle East and North Africa (WB),,1997,0.23350029,,0.427,
Middle East and North Africa (WB),,1997,0.23350029,,0.824,
Middle East and North Africa (WB),,1998,0.49847832,,0.603,
Middle East and North Africa (WB),,1998,0.49847832,,0.586,
Middle East and North Africa (WB),,1998,0.49847832,,0.7928959,
Middle East and North Africa (WB),,1998,0.49847832,,0.674,
Middle East and North Africa (WB),,1998,0.49847832,,0.8325962,
Middle East and North Africa (WB),,1998,0.49847832,,0.622,
Middle East and North Africa (WB),,1998,0.49847832,,0.83827734,
Middle East and North Africa (WB),,1998,0.49847832,,0.688,
Middle East and North Africa (WB),,1998,0.49847832,,0.382,
Middle East and North Africa (WB),,1998,0.49847832,,0.478,
Middle East and North Africa (WB),,1998,0.49847832,,0.6915652,
Middle East and North Africa (WB),,1998,0.49847832,,0.496,
Middle East and North Africa (WB),,1998,0.49847832,,0.43,
Middle East and North Africa (WB),,1998,0.49847832,,0.829,
Middle East and North Africa (WB),,1999,0.94198006,,0.609,
Middle East and North Africa (WB),,1999,0.94198006,,0.594,
Middle East and North Africa (WB),,1999,0.94198006,,0.7974899,
Middle East and North Africa (WB),,1999,0.94198006,,0.676,
Middle East and North Africa (WB),,1999,0.94198006,,0.8380795,
Middle East and North Africa (WB),,1999,0.94198006,,0.628,
Middle East and North Africa (WB),,1999,0.94198006,,0.84187406,
Middle East and North Africa (WB),,1999,0.94198006,,0.692,
Middle East and North Africa (WB),,1999,0.94198006,,0.39,
Middle East and North Africa (WB),,1999,0.94198006,,0.48673937,
Middle East and North Africa (WB),,1999,0.94198006,,0.485,
Middle East and North Africa (WB),,1999,0.94198006,,0.69540364,
Middle East and North Africa (WB),,1999,0.94198006,,0.503,
Middle East and North Africa (WB),,1999,0.94198006,,0.433,
Middle East and North Africa (WB),,1999,0.94198006,,0.832,
Middle East and North Africa (WB),,2000,1.7193114,,0.4245854,
Middle East and North Africa (WB),,2000,1.7193114,,0.615,
Middle East and North Africa (WB),,2000,1.7193114,,0.569869,
Middle East and North Africa (WB),,2000,1.7193114,,0.604,
Middle East and North Africa (WB),,2000,1.7193114,,0.8080217,
Middle East and North Africa (WB),,2000,1.7193114,,0.686,
Middle East and North Africa (WB),,2000,1.7193114,,0.8433045,
Middle East and North Africa (WB),,2000,1.7193114,,0.636,
Middle East and North Africa (WB),,2000,1.7193114,,0.84814763,
Middle East and North Africa (WB),,2000,1.7193114,,0.697,
Middle East and North Africa (WB),,2000,1.7193114,,0.393,
Middle East and North Africa (WB),,2000,1.7193114,,0.49990252,
Middle East and North Africa (WB),,2000,1.7193114,,0.491,
Middle East and North Africa (WB),,2000,1.7193114,,0.81713676,
Middle East and North Africa (WB),,2000,1.7193114,,0.70062786,
Middle East and North Africa (WB),,2000,1.7193114,,0.508,
Middle East and North Africa (WB),,2000,1.7193114,,0.435,
Middle East and North Africa (WB),,2000,1.7193114,,0.6285039,
Middle East and North Africa (WB),,2000,1.7193114,,0.838,
Middle East and North Africa (WB),,2001,2.073183,,0.4292593,
Middle East and North Africa (WB),,2001,2.073183,,0.621,
Middle East and North Africa (WB),,2001,2.073183,,0.5783103,
Middle East and North Africa (WB),,2001,2.073183,,0.612,
Middle East and North Africa (WB),,2001,2.073183,,0.81529015,
Middle East and North Africa (WB),,2001,2.073183,,0.693,
Middle East and North Africa (WB),,2001,2.073183,,0.84985864,
Middle East and North Africa (WB),,2001,2.073183,,0.643,
Middle East and North Africa (WB),,2001,2.073183,,0.8533231,
Middle East and North Africa (WB),,2001,2.073183,,0.702,
Middle East and North Africa (WB),,2001,2.073183,,0.401,
Middle East and North Africa (WB),,2001,2.073183,,0.5078028,
Middle East and North Africa (WB),,2001,2.073183,,0.5,
Middle East and North Africa (WB),,2001,2.073183,,0.819591,
Middle East and North Africa (WB),,2001,2.073183,,0.7054202,
Middle East and North Africa (WB),,2001,2.073183,,0.517,
Middle East and North Africa (WB),,2001,2.073183,,0.441,
Middle East and North Africa (WB),,2001,2.073183,,0.63662523,
Middle East and North Africa (WB),,2001,2.073183,,0.843,
Middle East and North Africa (WB),,2002,3.7530107,,0.43494922,
Middle East and North Africa (WB),,2002,3.7530107,,0.626,
Middle East and North Africa (WB),,2002,3.7530107,,0.5859656,
Middle East and North Africa (WB),,2002,3.7530107,,0.622,
Middle East and North Africa (WB),,2002,3.7530107,,0.8208476,
Middle East and North Africa (WB),,2002,3.7530107,,0.701,
Middle East and North Africa (WB),,2002,3.7530107,,0.85488456,
Middle East and North Africa (WB),,2002,3.7530107,,0.651,
Middle East and North Africa (WB),,2002,3.7530107,,0.85723525,
Middle East and North Africa (WB),,2002,3.7530107,,0.706,
Middle East and North Africa (WB),,2002,3.7530107,,0.407,
Middle East and North Africa (WB),,2002,3.7530107,,0.5139684,
Middle East and North Africa (WB),,2002,3.7530107,,0.506,
Middle East and North Africa (WB),,2002,3.7530107,,0.8224308,
Middle East and North Africa (WB),,2002,3.7530107,,0.71004105,
Middle East and North Africa (WB),,2002,3.7530107,,0.523,
Middle East and North Africa (WB),,2002,3.7530107,,0.449,
Middle East and North Africa (WB),,2002,3.7530107,,0.645688,
Middle East and North Africa (WB),,2002,3.7530107,,0.847,
Middle East and North Africa (WB),,2003,5.1131434,,0.44065332,
Middle East and North Africa (WB),,2003,5.1131434,,0.63,
Middle East and North Africa (WB),,2003,5.1131434,,0.5955544,
Middle East and North Africa (WB),,2003,5.1131434,,0.632,
Middle East and North Africa (WB),,2003,5.1131434,,0.8275237,
Middle East and North Africa (WB),,2003,5.1131434,,0.709,
Middle East and North Africa (WB),,2003,5.1131434,,0.85958296,
Middle East and North Africa (WB),,2003,5.1131434,,0.659,
Middle East and North Africa (WB),,2003,5.1131434,,0.8615973,
Middle East and North Africa (WB),,2003,5.1131434,,0.711,
Middle East and North Africa (WB),,2003,5.1131434,,0.414,
Middle East and North Africa (WB),,2003,5.1131434,,0.5242137,
Middle East and North Africa (WB),,2003,5.1131434,,0.516,
Middle East and North Africa (WB),,2003,5.1131434,,0.8255375,
Middle East and North Africa (WB),,2003,5.1131434,,0.7139729,
Middle East and North Africa (WB),,2003,5.1131434,,0.535,
Middle East and North Africa (WB),,2003,5.1131434,,0.457,
Middle East and North Africa (WB),,2003,5.1131434,,0.65426606,
Middle East and North Africa (WB),,2003,5.1131434,,0.852,
Middle East and North Africa (WB),,2004,8.409178,,0.44817433,
Middle East and North Africa (WB),,2004,8.409178,,0.638,
Middle East and North Africa (WB),,2004,8.409178,,0.6048904,
Middle East and North Africa (WB),,2004,8.409178,,0.641,
Middle East and North Africa (WB),,2004,8.409178,,0.83400583,
Middle East and North Africa (WB),,2004,8.409178,,0.716,
Middle East and North Africa (WB),,2004,8.409178,,0.8654416,
Middle East and North Africa (WB),,2004,8.409178,,0.666,
Middle East and North Africa (WB),,2004,8.409178,,0.8671708,
Middle East and North Africa (WB),,2004,8.409178,,0.717,
Middle East and North Africa (WB),,2004,8.409178,,0.424,
Middle East and North Africa (WB),,2004,8.409178,,0.533825,
Middle East and North Africa (WB),,2004,8.409178,,0.526,
Middle East and North Africa (WB),,2004,8.409178,,0.83012056,
Middle East and North Africa (WB),,2004,8.409178,,0.7216664,
Middle East and North Africa (WB),,2004,8.409178,,0.543,
Middle East and North Africa (WB),,2004,8.409178,,0.466,
Middle East and North Africa (WB),,2004,8.409178,,0.66330206,
Middle East and North Africa (WB),,2004,8.409178,,0.857,
Middle East and North Africa (WB),,2005,9.8,,0.461668,
Middle East and North Africa (WB),,2005,9.8,,0.645,
Middle East and North Africa (WB),,2005,9.8,,0.61573684,
Middle East and North Africa (WB),,2005,9.8,,0.652,
Middle East and North Africa (WB),,2005,9.8,,0.84263706,
Middle East and North Africa (WB),,2005,9.8,,0.72,
Middle East and North Africa (WB),,2005,9.8,,0.8698894,
Middle East and North Africa (WB),,2005,9.8,,0.675,
Middle East and North Africa (WB),,2005,9.8,,0.87086254,
Middle East and North Africa (WB),,2005,9.8,,0.723,
Middle East and North Africa (WB),,2005,9.8,,0.433,
Middle East and North Africa (WB),,2005,9.8,,0.34204078,
Middle East and North Africa (WB),,2005,9.8,,0.5434632,
Middle East and North Africa (WB),,2005,9.8,,0.535,
Middle East and North Africa (WB),,2005,9.8,,0.8332466,
Middle East and North Africa (WB),,2005,9.8,,0.80804354,
Middle East and North Africa (WB),,2005,9.8,,0.727708,
Middle East and North Africa (WB),,2005,9.8,,0.552,
Middle East and North Africa (WB),,2005,9.8,,0.473,
Middle East and North Africa (WB),,2005,9.8,,0.6755118,
Middle East and North Africa (WB),,2005,9.8,,0.861,
Middle East and North Africa (WB),,2006,11.8,,0.46813595,
Middle East and North Africa (WB),,2006,11.8,,0.652,
Middle East and North Africa (WB),,2006,11.8,,0.6248776,
Middle East and North Africa (WB),,2006,11.8,,0.662,
Middle East and North Africa (WB),,2006,11.8,,0.848911,
Middle East and North Africa (WB),,2006,11.8,,0.728,
Middle East and North Africa (WB),,2006,11.8,,0.87523013,
Middle East and North Africa (WB),,2006,11.8,,0.683,
Middle East and North Africa (WB),,2006,11.8,,0.87583596,
Middle East and North Africa (WB),,2006,11.8,,0.729,
Middle East and North Africa (WB),,2006,11.8,,0.442,
Middle East and North Africa (WB),,2006,11.8,,0.35059604,
Middle East and North Africa (WB),,2006,11.8,,0.55155903,
Middle East and North Africa (WB),,2006,11.8,,0.543,
Middle East and North Africa (WB),,2006,11.8,,0.8386846,
Middle East and North Africa (WB),,2006,11.8,,0.8101854,
Middle East and North Africa (WB),,2006,11.8,,0.73351294,
Middle East and North Africa (WB),,2006,11.8,,0.561,
Middle East and North Africa (WB),,2006,11.8,,0.481,
Middle East and North Africa (WB),,2006,11.8,,0.6853619,
Middle East and North Africa (WB),,2006,11.8,,0.866,
Middle East and North Africa (WB),,2007,15.1,,0.4750963,
Middle East and North Africa (WB),,2007,15.1,,0.658,
Middle East and North Africa (WB),,2007,15.1,,0.63415104,
Middle East and North Africa (WB),,2007,15.1,,0.673,
Middle East and North Africa (WB),,2007,15.1,,0.8548727,
Middle East and North Africa (WB),,2007,15.1,,0.736,
Middle East and North Africa (WB),,2007,15.1,,0.87925476,
Middle East and North Africa (WB),,2007,15.1,,0.692,
Middle East and North Africa (WB),,2007,15.1,,0.8802514,
Middle East and North Africa (WB),,2007,15.1,,0.736,
Middle East and North Africa (WB),,2007,15.1,,0.45,
Middle East and North Africa (WB),,2007,15.1,,0.3596332,
Middle East and North Africa (WB),,2007,15.1,,0.5593327,
Middle East and North Africa (WB),,2007,15.1,,0.551,
Middle East and North Africa (WB),,2007,15.1,,0.84200835,
Middle East and North Africa (WB),,2007,15.1,,0.8121299,
Middle East and North Africa (WB),,2007,15.1,,0.74158055,
Middle East and North Africa (WB),,2007,15.1,,0.569,
Middle East and North Africa (WB),,2007,15.1,,0.489,
Middle East and North Africa (WB),,2007,15.1,,0.6958714,
Middle East and North Africa (WB),,2007,15.1,,0.87,
Middle East and North Africa (WB),,2008,18.8,,0.49759457,
Middle East and North Africa (WB),,2008,18.8,,0.661,
Middle East and North Africa (WB),,2008,18.8,,0.64034575,
Middle East and North Africa (WB),,2008,18.8,,0.68,
Middle East and North Africa (WB),,2008,18.8,,0.8590917,
Middle East and North Africa (WB),,2008,18.8,,0.74,
Middle East and North Africa (WB),,2008,18.8,,0.88218033,
Middle East and North Africa (WB),,2008,18.8,,0.699,
Middle East and North Africa (WB),,2008,18.8,,0.8827478,
Middle East and North Africa (WB),,2008,18.8,,0.742,
Middle East and North Africa (WB),,2008,18.8,,0.457,
Middle East and North Africa (WB),,2008,18.8,,0.39877075,
Middle East and North Africa (WB),,2008,18.8,,0.56541926,
Middle East and North Africa (WB),,2008,18.8,,0.558,
Middle East and North Africa (WB),,2008,18.8,,0.8433985,
Middle East and North Africa (WB),,2008,18.8,,0.8153273,
Middle East and North Africa (WB),,2008,18.8,,0.7485009,
Middle East and North Africa (WB),,2008,18.8,,0.575,
Middle East and North Africa (WB),,2008,18.8,,0.497,
Middle East and North Africa (WB),,2008,18.8,,0.7032563,
Middle East and North Africa (WB),,2008,18.8,,0.872,
Middle East and North Africa (WB),,2009,21.7,,0.5021216,
Middle East and North Africa (WB),,2009,21.7,,0.666,
Middle East and North Africa (WB),,2009,21.7,,0.64756656,
Middle East and North Africa (WB),,2009,21.7,,0.69,
Middle East and North Africa (WB),,2009,21.7,,0.8599548,
Middle East and North Africa (WB),,2009,21.7,,0.742,
Middle East and North Africa (WB),,2009,21.7,,0.8833343,
Middle East and North Africa (WB),,2009,21.7,,0.706,
Middle East and North Africa (WB),,2009,21.7,,0.8837552,
Middle East and North Africa (WB),,2009,21.7,,0.743,
Middle East and North Africa (WB),,2009,21.7,,0.461,
Middle East and North Africa (WB),,2009,21.7,,0.402766,
Middle East and North Africa (WB),,2009,21.7,,0.5710855,
Middle East and North Africa (WB),,2009,21.7,,0.565,
Middle East and North Africa (WB),,2009,21.7,,0.8439207,
Middle East and North Africa (WB),,2009,21.7,,0.81803006,
Middle East and North Africa (WB),,2009,21.7,,0.7512326,
Middle East and North Africa (WB),,2009,21.7,,0.58,
Middle East and North Africa (WB),,2009,21.7,,0.503,
Middle East and North Africa (WB),,2009,21.7,,0.71126586,
Middle East and North Africa (WB),,2009,21.7,,0.874,
Middle East and North Africa (WB),,2010,24.9,,0.513888,
Middle East and North Africa (WB),,2010,24.9,,0.67,
Middle East and North Africa (WB),,2010,24.9,,0.65679175,
Middle East and North Africa (WB),,2010,24.9,,0.699,
Middle East and North Africa (WB),,2010,24.9,,0.8645471,
Middle East and North Africa (WB),,2010,24.9,,0.753,
Middle East and North Africa (WB),,2010,24.9,,0.8875532,
Middle East and North Africa (WB),,2010,24.9,,0.714,
Middle East and North Africa (WB),,2010,24.9,,0.88799495,
Middle East and North Africa (WB),,2010,24.9,,0.747,
Middle East and North Africa (WB),,2010,24.9,,0.467,
Middle East and North Africa (WB),,2010,24.9,,0.42096916,
Middle East and North Africa (WB),,2010,24.9,,0.57957613,
Middle East and North Africa (WB),,2010,24.9,,0.573,
Middle East and North Africa (WB),,2010,24.9,,0.84561443,
Middle East and North Africa (WB),,2010,24.9,,0.82062435,
Middle East and North Africa (WB),,2010,24.9,,0.75787014,
Middle East and North Africa (WB),,2010,24.9,,0.59,
Middle East and North Africa (WB),,2010,24.9,,0.51,
Middle East and North Africa (WB),,2010,24.9,,0.72018623,
Middle East and North Africa (WB),,2010,24.9,,0.879,
Middle East and North Africa (WB),,2011,27.8,,0.52003187,
Middle East and North Africa (WB),,2011,27.8,,0.672,
Middle East and North Africa (WB),,2011,27.8,,0.66498727,
Middle East and North Africa (WB),,2011,27.8,,0.706,
Middle East and North Africa (WB),,2011,27.8,,0.87022907,
Middle East and North Africa (WB),,2011,27.8,,0.761,
Middle East and North Africa (WB),,2011,27.8,,0.89193636,
Middle East and North Africa (WB),,2011,27.8,,0.72,
Middle East and North Africa (WB),,2011,27.8,,0.8916487,
Middle East and North Africa (WB),,2011,27.8,,0.753,
Middle East and North Africa (WB),,2011,27.8,,0.471,
Middle East and North Africa (WB),,2011,27.8,,0.4269735,
Middle East and North Africa (WB),,2011,27.8,,0.5894755,
Middle East and North Africa (WB),,2011,27.8,,0.584,
Middle East and North Africa (WB),,2011,27.8,,0.8494359,
Middle East and North Africa (WB),,2011,27.8,,0.8243534,
Middle East and North Africa (WB),,2011,27.8,,0.7633919,
Middle East and North Africa (WB),,2011,27.8,,0.601,
Middle East and North Africa (WB),,2011,27.8,,0.517,
Middle East and North Africa (WB),,2011,27.8,,0.7270223,
Middle East and North Africa (WB),,2011,27.8,,0.883,
Middle East and North Africa (WB),,2012,31.2,,0.5260907,
Middle East and North Africa (WB),,2012,31.2,,0.68,
Middle East and North Africa (WB),,2012,31.2,,0.67128,
Middle East and North Africa (WB),,2012,31.2,,0.713,
Middle East and North Africa (WB),,2012,31.2,,0.87196416,
Middle East and North Africa (WB),,2012,31.2,,0.767,
Middle East and North Africa (WB),,2012,31.2,,0.8927878,
Middle East and North Africa (WB),,2012,31.2,,0.727,
Middle East and North Africa (WB),,2012,31.2,,0.8941138,
Middle East and North Africa (WB),,2012,31.2,,0.758,
Middle East and North Africa (WB),,2012,31.2,,0.477,
Middle East and North Africa (WB),,2012,31.2,,0.43000394,
Middle East and North Africa (WB),,2012,31.2,,0.5956914,
Middle East and North Africa (WB),,2012,31.2,,0.59,
Middle East and North Africa (WB),,2012,31.2,,0.8532949,
Middle East and North Africa (WB),,2012,31.2,,0.82798356,
Middle East and North Africa (WB),,2012,31.2,,0.7674748,
Middle East and North Africa (WB),,2012,31.2,,0.606,
Middle East and North Africa (WB),,2012,31.2,,0.523,
Middle East and North Africa (WB),,2012,31.2,,0.73412,
Middle East and North Africa (WB),,2012,31.2,,0.886,
Middle East and North Africa (WB),,2013,35.2,,0.53123987,
Middle East and North Africa (WB),,2013,35.2,,0.683,
Middle East and North Africa (WB),,2013,35.2,,0.677284,
Middle East and North Africa (WB),,2013,35.2,,0.72,
Middle East and North Africa (WB),,2013,35.2,,0.87687457,
Middle East and North Africa (WB),,2013,35.2,,0.78,
Middle East and North Africa (WB),,2013,35.2,,0.8967906,
Middle East and North Africa (WB),,2013,35.2,,0.733,
Middle East and North Africa (WB),,2013,35.2,,0.8981406,
Middle East and North Africa (WB),,2013,35.2,,0.762,
Middle East and North Africa (WB),,2013,35.2,,0.482,
Middle East and North Africa (WB),,2013,35.2,,0.432075,
Middle East and North Africa (WB),,2013,35.2,,0.60151386,
Middle East and North Africa (WB),,2013,35.2,,0.595,
Middle East and North Africa (WB),,2013,35.2,,0.85496044,
Middle East and North Africa (WB),,2013,35.2,,0.8279558,
Middle East and North Africa (WB),,2013,35.2,,0.7731587,
Middle East and North Africa (WB),,2013,35.2,,0.611,
Middle East and North Africa (WB),,2013,35.2,,0.528,
Middle East and North Africa (WB),,2013,35.2,,0.7406829,
Middle East and North Africa (WB),,2013,35.2,,0.892,
Middle East and North Africa (WB),,2014,39.9,,0.5367227,
Middle East and North Africa (WB),,2014,39.9,,0.688,
Middle East and North Africa (WB),,2014,39.9,,0.68550044,
Middle East and North Africa (WB),,2014,39.9,,0.728,
Middle East and North Africa (WB),,2014,39.9,,0.87929887,
Middle East and North Africa (WB),,2014,39.9,,0.785,
Middle East and North Africa (WB),,2014,39.9,,0.8999237,
Middle East and North Africa (WB),,2014,39.9,,0.739,
Middle East and North Africa (WB),,2014,39.9,,0.90055966,
Middle East and North Africa (WB),,2014,39.9,,0.765,
Middle East and North Africa (WB),,2014,39.9,,0.488,
Middle East and North Africa (WB),,2014,39.9,,0.43649974,
Middle East and North Africa (WB),,2014,39.9,,0.60980934,
Middle East and North Africa (WB),,2014,39.9,,0.604,
Middle East and North Africa (WB),,2014,39.9,,0.85716856,
Middle East and North Africa (WB),,2014,39.9,,0.8310525,
Middle East and North Africa (WB),,2014,39.9,,0.7760436,
Middle East and North Africa (WB),,2014,39.9,,0.62,
Middle East and North Africa (WB),,2014,39.9,,0.534,
Middle East and North Africa (WB),,2014,39.9,,0.7478326,
Middle East and North Africa (WB),,2014,39.9,,0.895,
Middle East and North Africa (WB),,2015,44.1,,0.5425902,
Middle East and North Africa (WB),,2015,44.1,,0.693,
Middle East and North Africa (WB),,2015,44.1,,0.6922845,
Middle East and North Africa (WB),,2015,44.1,,0.735,
Middle East and North Africa (WB),,2015,44.1,,0.88032347,
Middle East and North Africa (WB),,2015,44.1,,0.789,
Middle East and North Africa (WB),,2015,44.1,,0.9017791,
Middle East and North Africa (WB),,2015,44.1,,0.744,
Middle East and North Africa (WB),,2015,44.1,,0.9027572,
Middle East and North Africa (WB),,2015,44.1,,0.767,
Middle East and North Africa (WB),,2015,44.1,,0.491,
Middle East and North Africa (WB),,2015,44.1,,0.43883622,
Middle East and North Africa (WB),,2015,44.1,,0.6173714,
Middle East and North Africa (WB),,2015,44.1,,0.611,
Middle East and North Africa (WB),,2015,44.1,,0.8591236,
Middle East and North Africa (WB),,2015,44.1,,0.8333656,
Middle East and North Africa (WB),,2015,44.1,,0.7772507,
Middle East and North Africa (WB),,2015,44.1,,0.627,
Middle East and North Africa (WB),,2015,44.1,,0.54,
Middle East and North Africa (WB),,2015,44.1,,0.7533915,
Middle East and North Africa (WB),,2015,44.1,,0.898,
Middle East and North Africa (WB),,2016,48.2,,0.5466387,
Middle East and North Africa (WB),,2016,48.2,,0.698,
Middle East and North Africa (WB),,2016,48.2,,0.6996885,
Middle East and North Africa (WB),,2016,48.2,,0.742,
Middle East and North Africa (WB),,2016,48.2,,0.8832819,
Middle East and North Africa (WB),,2016,48.2,,0.793,
Middle East and North Africa (WB),,2016,48.2,,0.9050324,
Middle East and North Africa (WB),,2016,48.2,,0.749,
Middle East and North Africa (WB),,2016,48.2,,0.90514636,
Middle East and North Africa (WB),,2016,48.2,,0.769,
Middle East and North Africa (WB),,2016,48.2,,0.497,
Middle East and North Africa (WB),,2016,48.2,,0.4427982,
Middle East and North Africa (WB),,2016,48.2,,0.62547666,
Middle East and North Africa (WB),,2016,48.2,,0.62,
Middle East and North Africa (WB),,2016,48.2,,0.86142576,
Middle East and North Africa (WB),,2016,48.2,,0.83567315,
Middle East and North Africa (WB),,2016,48.2,,0.7784721,
Middle East and North Africa (WB),,2016,48.2,,0.637,
Middle East and North Africa (WB),,2016,48.2,,0.543,
Middle East and North Africa (WB),,2016,48.2,,0.7588624,
Middle East and North Africa (WB),,2016,48.2,,0.9,
Middle East and North Africa (WB),,2017,54.8,,0.5504002,
Middle East and North Africa (WB),,2017,54.8,,0.702,
Middle East and North Africa (WB),,2017,54.8,,0.7046988,
Middle East and North Africa (WB),,2017,54.8,,0.749,
Middle East and North Africa (WB),,2017,54.8,,0.8861951,
Middle East and North Africa (WB),,2017,54.8,,0.8,
Middle East and North Africa (WB),,2017,54.8,,0.9075523,
Middle East and North Africa (WB),,2017,54.8,,0.754,
Middle East and North Africa (WB),,2017,54.8,,0.90792,
Middle East and North Africa (WB),,2017,54.8,,0.772,
Middle East and North Africa (WB),,2017,54.8,,0.5,
Middle East and North Africa (WB),,2017,54.8,,0.44619104,
Middle East and North Africa (WB),,2017,54.8,,0.62979513,
Middle East and North Africa (WB),,2017,54.8,,0.624,
Middle East and North Africa (WB),,2017,54.8,,0.8636879,
Middle East and North Africa (WB),,2017,54.8,,0.83694863,
Middle East and North Africa (WB),,2017,54.8,,0.7811188,
Middle East and North Africa (WB),,2017,54.8,,0.641,
Middle East and North Africa (WB),,2017,54.8,,0.546,
Middle East and North Africa (WB),,2017,54.8,,0.7643767,
Middle East and North Africa (WB),,2017,54.8,,0.903,
Middle East and North Africa (WB),,2018,58.1,,0.5558327,
Middle East and North Africa (WB),,2018,58.1,,0.707,
Middle East and North Africa (WB),,2018,58.1,,0.7085525,
Middle East and North Africa (WB),,2018,58.1,,0.756,
Middle East and North Africa (WB),,2018,58.1,,0.88933504,
Middle East and North Africa (WB),,2018,58.1,,0.804,
Middle East and North Africa (WB),,2018,58.1,,0.9103591,
Middle East and North Africa (WB),,2018,58.1,,0.76,
Middle East and North Africa (WB),,2018,58.1,,0.91105837,
Middle East and North Africa (WB),,2018,58.1,,0.774,
Middle East and North Africa (WB),,2018,58.1,,0.504,
Middle East and North Africa (WB),,2018,58.1,,0.4525536,
Middle East and North Africa (WB),,2018,58.1,,0.6321534,
Middle East and North Africa (WB),,2018,58.1,,0.627,
Middle East and North Africa (WB),,2018,58.1,,0.8665236,
Middle East and North Africa (WB),,2018,58.1,,0.84073627,
Middle East and North Africa (WB),,2018,58.1,,0.7836532,
Middle East and North Africa (WB),,2018,58.1,,0.642,
Middle East and North Africa (WB),,2018,58.1,,0.551,
Middle East and North Africa (WB),,2018,58.1,,0.7702497,
Middle East and North Africa (WB),,2018,58.1,,0.906,
Middle East and North Africa (WB),,2019,63.4,,0.56035364,
Middle East and North Africa (WB),,2019,63.4,,0.712,
Middle East and North Africa (WB),,2019,63.4,,0.7126623,
Middle East and North Africa (WB),,2019,63.4,,0.761,
Middle East and North Africa (WB),,2019,63.4,,0.89306754,
Middle East and North Africa (WB),,2019,63.4,,0.808,
Middle East and North Africa (WB),,2019,63.4,,0.9143795,
Middle East and North Africa (WB),,2019,63.4,,0.765,
Middle East and North Africa (WB),,2019,63.4,,0.91397655,
Middle East and North Africa (WB),,2019,63.4,,0.776,
Middle East and North Africa (WB),,2019,63.4,,0.507,
Middle East and North Africa (WB),,2019,63.4,,0.45707306,
Middle East and North Africa (WB),,2019,63.4,,0.63645244,
Middle East and North Africa (WB),,2019,63.4,,0.631,
Middle East and North Africa (WB),,2019,63.4,,0.8687238,
Middle East and North Africa (WB),,2019,63.4,,0.8431121,
Middle East and North Africa (WB),,2019,63.4,,0.78433996,
Middle East and North Africa (WB),,2019,63.4,,0.645,
Middle East and North Africa (WB),,2019,63.4,,0.557,
Middle East and North Africa (WB),,2019,63.4,,0.7744862,
Middle East and North Africa (WB),,2019,63.4,,0.909,
Middle East and North Africa (WB),,2020,69.8,,0.5594648,
Middle East and North Africa (WB),,2020,69.8,,0.707,
Middle East and North Africa (WB),,2020,69.8,,0.7130719,
Middle East and North Africa (WB),,2020,69.8,,0.764,
Middle East and North Africa (WB),,2020,69.8,,0.8829021,
Middle East and North Africa (WB),,2020,69.8,,0.802,
Middle East and North Africa (WB),,2020,69.8,,0.90954304,
Middle East and North Africa (WB),,2020,69.8,,0.763,
Middle East and North Africa (WB),,2020,69.8,,0.9056104,
Middle East and North Africa (WB),,2020,69.8,,0.764,
Middle East and North Africa (WB),,2020,69.8,,0.507,
Middle East and North Africa (WB),,2020,69.8,,0.45871836,
Middle East and North Africa (WB),,2020,69.8,,0.6364669,
Middle East and North Africa (WB),,2020,69.8,,0.631,
Middle East and North Africa (WB),,2020,69.8,,0.85540247,
Middle East and North Africa (WB),,2020,69.8,,0.84438473,
Middle East and North Africa (WB),,2020,69.8,,0.7736417,
Middle East and North Africa (WB),,2020,69.8,,0.645,
Middle East and North Africa (WB),,2020,69.8,,0.557,
Middle East and North Africa (WB),,2020,69.8,,0.7720838,
Middle East and North Africa (WB),,2020,69.8,,0.901,
Middle East and North Africa (WB),,2021,72.6,,0.56110394,
Middle East and North Africa (WB),,2021,72.6,,0.71,
Middle East and North Africa (WB),,2021,72.6,,0.71319216,
Middle East and North Africa (WB),,2021,72.6,,0.768,
Middle East and North Africa (WB),,2021,72.6,,0.88542944,
Middle East and North Africa (WB),,2021,72.6,,0.803,
Middle East and North Africa (WB),,2021,72.6,,0.914425,
Middle East and North Africa (WB),,2021,72.6,,0.766,
Middle East and North Africa (WB),,2021,72.6,,0.90697354,
Middle East and North Africa (WB),,2021,72.6,,0.762,
Middle East and North Africa (WB),,2021,72.6,,0.507,
Middle East and North Africa (WB),,2021,72.6,,0.4588084,
Middle East and North Africa (WB),,2021,72.6,,0.63409626,
Middle East and North Africa (WB),,2021,72.6,,0.629,
Middle East and North Africa (WB),,2021,72.6,,0.8522403,
Middle East and North Africa (WB),,2021,72.6,,0.84548646,
Middle East and North Africa (WB),,2021,72.6,,0.77192116,
Middle East and North Africa (WB),,2021,72.6,,0.641,
Middle East and North Africa (WB),,2021,72.6,,0.558,
Middle East and North Africa (WB),,2021,72.6,,0.77544844,
Middle East and North Africa (WB),,2021,72.6,,0.903,
Middle East and North Africa (WB),,2022,75.5,,0.5714846,
Middle East and North Africa (WB),,2022,75.5,,0.716,
Middle East and North Africa (WB),,2022,75.5,,0.7262154,
Middle East and North Africa (WB),,2022,75.5,,0.773,
Middle East and North Africa (WB),,2022,75.5,,0.89101297,
Middle East and North Africa (WB),,2022,75.5,,0.815,
Middle East and North Africa (WB),,2022,75.5,,0.91688347,
Middle East and North Africa (WB),,2022,75.5,,0.774,
Middle East and North Africa (WB),,2022,75.5,,0.91196257,
Middle East and North Africa (WB),,2022,75.5,,0.778,
Middle East and North Africa (WB),,2022,75.5,,0.512,
Middle East and North Africa (WB),,2022,75.5,,0.47149748,
Middle East and North Africa (WB),,2022,75.5,,0.6529091,
Middle East and North Africa (WB),,2022,75.5,,0.649,
Middle East and North Africa (WB),,2022,75.5,,0.86384416,
Middle East and North Africa (WB),,2022,75.5,,0.84466344,
Middle East and North Africa (WB),,2022,75.5,,0.7865941,
Middle East and North Africa (WB),,2022,75.5,,0.665,
Middle East and North Africa (WB),,2022,75.5,,0.565,
Middle East and North Africa (WB),,2022,75.5,,0.7832832,
Middle East and North Africa (WB),,2022,75.5,,0.908,
Middle East and North Africa (WB),,2023,77.7,,0.5760591,
Middle East and North Africa (WB),,2023,77.7,,0.719,
Middle East and North Africa (WB),,2023,77.7,,0.73009235,
Middle East and North Africa (WB),,2023,77.7,,,
Middle East and North Africa (WB),,2023,77.7,,,
Middle East and North Africa (WB),,2023,77.7,,,
Middle East and North Africa (WB),,2023,77.7,,0.775,
Middle East and North Africa (WB),,2023,77.7,,0.89665455,
Middle East and North Africa (WB),,2023,77.7,,0.818,
Middle East and North Africa (WB),,2023,77.7,,0.92227614,
Middle East and North Africa (WB),,2023,77.7,,,
Middle East and North Africa (WB),,2023,77.7,,,
Middle East and North Africa (WB),,2023,77.7,,,
Middle East and North Africa (WB),,2023,77.7,,,
Middle East and North Africa (WB),,2023,77.7,,0.777,
Middle East and North Africa (WB),,2023,77.7,,0.9179597,
Middle East and North Africa (WB),,2023,77.7,,,
Middle East and North Africa (WB),,2023,77.7,,,
Middle East and North Africa (WB),,2023,77.7,,,
Middle East and North Africa (WB),,2023,77.7,,,
Middle East and North Africa (WB),,2023,77.7,,,
Middle East and North Africa (WB),,2023,77.7,,0.783,
Middle East and North Africa (WB),,2023,77.7,,0.515,
Middle East and North Africa (WB),,2023,77.7,,0.47806427,
Middle East and North Africa (WB),,2023,77.7,,0.6585855,
Middle East and North Africa (WB),,2023,77.7,,0.656,
Middle East and North Africa (WB),,2023,77.7,,0.8702258,
Middle East and North Africa (WB),,2023,77.7,,0.84926206,
Middle East and North Africa (WB),,2023,77.7,,,
Middle East and North Africa (WB),,2023,77.7,,,
Middle East and North Africa (WB),,2023,77.7,,0.79245985,
Middle East and North Africa (WB),,2023,77.7,,0.672,
Middle East and North Africa (WB),,2023,77.7,,0.568,
Middle East and North Africa (WB),,2023,77.7,,,
Middle East and North Africa (WB),,2023,77.7,,0.78573513,
Middle East and North Africa (WB),,2023,77.7,,0.914,
Moldova,MDA,1990,0.0,,,Europe
Moldova,MDA,1991,0.0,,,Europe
Moldova,MDA,1992,0.0,,,Europe
Moldova,MDA,1993,0.0,,,Europe
Moldova,MDA,1994,0.000825391,,,Europe
Moldova,MDA,1995,0.003457217,,,Europe
Moldova,MDA,1996,0.004643901,,,Europe
Moldova,MDA,1997,0.028128808,,,Europe
Moldova,MDA,1998,0.2608182,,,Europe
Moldova,MDA,1999,0.60069525,,,Europe
Moldova,MDA,2000,1.28285,,,Europe
Moldova,MDA,2001,1.48781,,,Europe
Moldova,MDA,2002,3.78724,,,Europe
Moldova,MDA,2003,7.40754,,,Europe
Moldova,MDA,2004,10.6294,,,Europe
Moldova,MDA,2005,14.6303,6.8527308,0.702,Europe
Moldova,MDA,2006,19.6206,7.8099375,0.711,Europe
Moldova,MDA,2007,20.45,8.247938,0.718,Europe
Moldova,MDA,2008,23.39,8.860954,0.728,Europe
Moldova,MDA,2009,27.5,9.066445,0.729,Europe
Moldova,MDA,2010,29.68,10.221066,0.739,Europe
Moldova,MDA,2011,32.07,11.586481,0.748,Europe
Moldova,MDA,2012,34.65,13.329729,0.754,Europe
Moldova,MDA,2013,37.44,14.020249,0.758,Europe
Moldova,MDA,2014,67.0,14.688044,0.762,Europe
Moldova,MDA,2015,69.0,15.643499,0.759,Europe
Moldova,MDA,2016,71.0,17.882277,0.763,Europe
Moldova,MDA,2017,49.9,20.148935,0.769,Europe
Moldova,MDA,2018,50.3,19.875763,0.772,Europe
Moldova,MDA,2019,57.7605,21.638363,0.775,Europe
Moldova,MDA,2020,58.2153,22.336023,0.77,Europe
Moldova,MDA,2021,60.4747,22.605974,0.773,Europe
Moldova,MDA,2022,63.5349,21.337393,0.784,Europe
Monaco,MCO,1990,0.0,,,Europe
Monaco,MCO,1991,0.0,,,Europe
Monaco,MCO,1992,0.0,,,Europe
Monaco,MCO,1993,0.0,,,Europe
Monaco,MCO,1994,0.0,,,Europe
Monaco,MCO,1995,0.0,,,Europe
Monaco,MCO,2000,42.1849,,,Europe
Monaco,MCO,2001,46.6461,,,Europe
Monaco,MCO,2002,48.0471,,,Europe
Monaco,MCO,2003,49.4912,,,Europe
Monaco,MCO,2004,52.4902,,,Europe
Monaco,MCO,2005,55.4648,,,Europe
Monaco,MCO,2006,61.476,,,Europe
Monaco,MCO,2007,64.3777,,,Europe
Monaco,MCO,2008,67.25,,,Europe
Monaco,MCO,2009,70.1,,,Europe
Monaco,MCO,2010,75.0,,,Europe
Monaco,MCO,2011,80.3,,,Europe
Monaco,MCO,2012,87.0,,,Europe
Monaco,MCO,2013,90.7,,,Europe
Monaco,MCO,2014,92.4,,,Europe
Monaco,MCO,2015,93.3633,,,Europe
Monaco,MCO,2016,95.2082,,,Europe
Monaco,MCO,2017,97.053,,,Europe
Monaco,MCO,2019,83.3397,,,Europe
Monaco,MCO,2020,98.5709,,,Europe
Monaco,MCO,2021,98.3776,,,Europe
Monaco,MCO,2022,98.3776,,,Europe
Mongolia,MNG,1990,0.0,,0.593,Asia
Mongolia,MNG,1991,0.0,,0.591,Asia
Mongolia,MNG,1992,0.0,,0.581,Asia
Mongolia,MNG,1993,0.0,,0.567,Asia
Mongolia,MNG,1994,0.0,,0.568,Asia
Mongolia,MNG,1995,0.008811225,,0.572,Asia
Mongolia,MNG,1996,0.01816075,,0.578,Asia
Mongolia,MNG,1997,0.11274255,,0.585,Asia
Mongolia,MNG,1998,0.14581054,,0.594,Asia
Mongolia,MNG,1999,0.50847155,,0.602,Asia
Mongolia,MNG,2000,1.25565,,0.611,Asia
Mongolia,MNG,2001,1.65324,,0.622,Asia
Mongolia,MNG,2002,2.03957,,0.631,Asia
Mongolia,MNG,2007,9.0,,0.696,Asia
Mongolia,MNG,2008,9.8,,0.707,Asia
Mongolia,MNG,2009,10.0,,0.711,Asia
Mongolia,MNG,2010,10.2,,0.714,Asia
Mongolia,MNG,2011,12.5,,0.725,Asia
Mongolia,MNG,2012,16.4,,0.735,Asia
Mongolia,MNG,2013,17.7,,0.744,Asia
Mongolia,MNG,2014,19.9424,,0.748,Asia
Mongolia,MNG,2015,22.5,,0.753,Asia
Mongolia,MNG,2016,22.2658,,0.759,Asia
Mongolia,MNG,2017,23.7143,,0.759,Asia
Mongolia,MNG,2018,47.13,,0.767,Asia
Mongolia,MNG,2019,51.08,,0.758,Asia
Mongolia,MNG,2020,62.5,,0.741,Asia
Mongolia,MNG,2021,81.6068,,0.727,Asia
Mongolia,MNG,2022,83.9145,,0.742,Asia
Montenegro,MNE,2004,25.3501,,0.768,Europe
Montenegro,MNE,2005,27.1,,0.773,Europe
Montenegro,MNE,2006,28.9,,0.785,Europe
Montenegro,MNE,2007,30.8,,0.795,Europe
Montenegro,MNE,2008,32.9,,0.806,Europe
Montenegro,MNE,2009,35.1,,0.809,Europe
Montenegro,MNE,2010,37.5,,0.815,Europe
Montenegro,MNE,2011,35.6115,,0.822,Europe
Montenegro,MNE,2012,56.8388,,0.825,Europe
Montenegro,MNE,2013,60.31,,0.83,Europe
Montenegro,MNE,2014,63.8869,,0.833,Europe
Montenegro,MNE,2015,68.1198,,0.839,Europe
Montenegro,MNE,2016,69.8816,,0.836,Europe
Montenegro,MNE,2017,71.2723,,0.843,Europe
Montenegro,MNE,2018,71.5171,,0.849,Europe
Montenegro,MNE,2019,73.4767,,0.851,Europe
Montenegro,MNE,2020,77.6088,,0.841,Europe
Montenegro,MNE,2021,82.2197,,0.84,Europe
Montenegro,MNE,2022,88.2219,,0.853,Europe
Morocco,MAR,1990,0.0,,0.451,Africa
Morocco,MAR,1991,0.0,,0.457,Africa
Morocco,MAR,1992,0.0,,0.461,Africa
Morocco,MAR,1993,0.0,,0.468,Africa
Morocco,MAR,1994,0.0,,0.48,Africa
Morocco,MAR,1995,0.003710492,,0.484,Africa
Morocco,MAR,1996,0.005675444,,0.495,Africa
Morocco,MAR,1997,0.021635203,,0.5,Africa
Morocco,MAR,1998,0.14230077,,0.507,Africa
Morocco,MAR,1999,0.17559534,,0.517,Africa
Morocco,MAR,2000,0.693791,,0.528,Africa
Morocco,MAR,2001,1.37144,,0.539,Africa
Morocco,MAR,2002,2.37325,,0.55,Africa
Morocco,MAR,2003,3.35337,,0.56,Africa
Morocco,MAR,2004,11.6079,,0.567,Africa
Morocco,MAR,2005,15.0844,7.150038,0.573,Africa
Morocco,MAR,2006,19.7712,7.7937884,0.579,Africa
Morocco,MAR,2007,21.5,8.073293,0.586,Africa
Morocco,MAR,2008,33.1,9.108657,0.593,Africa
Morocco,MAR,2009,41.3,9.972326,0.598,Africa
Morocco,MAR,2010,52.0,10.60928,0.607,Africa
Morocco,MAR,2011,46.1075,11.925246,0.619,Africa
Morocco,MAR,2012,55.4161,12.372047,0.629,Africa
Morocco,MAR,2013,56.0,12.395133,0.639,Africa
Morocco,MAR,2014,56.7746,11.73531,0.648,Africa
Morocco,MAR,2015,57.08,12.878377,0.659,Africa
Morocco,MAR,2016,58.2712,13.098397,0.665,Africa
Morocco,MAR,2017,61.7622,13.432071,0.674,Africa
Morocco,MAR,2018,64.8039,12.324719,0.68,Africa
Morocco,MAR,2019,84.1204,12.578258,0.687,Africa
Morocco,MAR,2020,84.1204,12.698753,0.683,Africa
Morocco,MAR,2021,88.1303,13.113812,0.69,Africa
Morocco,MAR,2022,89.9,13.454704,0.704,Africa
Mozambique,MOZ,1990,0.0,,0.246,Africa
Mozambique,MOZ,1991,0.0,,0.25,Africa
Mozambique,MOZ,1992,0.0,,0.245,Africa
Mozambique,MOZ,1993,0.0,,0.252,Africa
Mozambique,MOZ,1994,0.0,,0.255,Africa
Mozambique,MOZ,1995,0.0,,0.257,Africa
Mozambique,MOZ,1996,0.003042979,,0.269,Africa
Mozambique,MOZ,1997,0.011842611,,0.281,Africa
Mozambique,MOZ,1998,0.020197054,,0.292,Africa
Mozambique,MOZ,1999,0.056250628,,0.304,Africa
Mozambique,MOZ,2000,0.109593,,0.311,Africa
Mozambique,MOZ,2001,0.160032,,0.326,Africa
Mozambique,MOZ,2002,0.259613,,0.335,Africa
Mozambique,MOZ,2003,0.419539,,0.35,Africa
Mozambique,MOZ,2004,0.679448,,0.36,Africa
Mozambique,MOZ,2005,0.854357,2.5479002,0.371,Africa
Mozambique,MOZ,2006,0.842954,2.553476,0.379,Africa
Mozambique,MOZ,2007,0.91,2.5811098,0.392,Africa
Mozambique,MOZ,2008,1.56,2.5859814,0.403,Africa
Mozambique,MOZ,2009,2.68,2.5718644,0.411,Africa
Mozambique,MOZ,2010,4.17,2.5827277,0.419,Africa
Mozambique,MOZ,2011,4.6,2.4873762,0.424,Africa
Mozambique,MOZ,2012,5.0,2.5439065,0.431,Africa
Mozambique,MOZ,2013,5.5,2.557285,0.443,Africa
Mozambique,MOZ,2014,6.0,2.7052867,0.45,Africa
Mozambique,MOZ,2015,6.5,2.8142667,0.457,Africa
Mozambique,MOZ,2016,7.0,2.98918,0.46,Africa
Mozambique,MOZ,2017,7.79633,2.6371226,0.461,Africa
Mozambique,MOZ,2018,10.9,2.64263,0.469,Africa
Mozambique,MOZ,2019,14.6386,2.8590019,0.475,Africa
Mozambique,MOZ,2020,17.8299,2.8487933,0.477,Africa
Mozambique,MOZ,2021,19.9696,2.682487,0.478,Africa
Mozambique,MOZ,2022,21.207,2.720908,0.49,Africa
Myanmar,MMR,1990,0.0,0.87355304,0.347,Asia
Myanmar,MMR,1991,0.0,0.8298903,0.354,Asia
Myanmar,MMR,1992,0.0,0.88015926,0.368,Asia
Myanmar,MMR,1993,0.0,1.0715272,0.374,Asia
Myanmar,MMR,1994,0.0,1.0137414,0.381,Asia
Myanmar,MMR,1995,0.0,1.101906,0.385,Asia
Myanmar,MMR,1999,0.000151709,1.1610945,0.406,Asia
Myanmar,MMR,2001,0.000289277,1.2355136,0.423,Asia
Myanmar,MMR,2002,0.000426494,1.2925141,0.433,Asia
Myanmar,MMR,2003,0.0240641,1.5130874,0.443,Asia
Myanmar,MMR,2004,0.0243374,1.6136025,0.453,Asia
Myanmar,MMR,2005,0.0652389,1.8129807,0.463,Asia
Myanmar,MMR,2006,0.182048,1.9940012,0.473,Asia
Myanmar,MMR,2007,0.217128,2.2520216,0.483,Asia
Myanmar,MMR,2008,0.22,2.6534867,0.468,Asia
Myanmar,MMR,2009,0.22,2.8858573,0.504,Asia
Myanmar,MMR,2010,0.25,3.6251392,0.515,Asia
Myanmar,MMR,2011,0.98,4.106681,0.525,Asia
Myanmar,MMR,2012,1.4,3.2122335,0.535,Asia
Myanmar,MMR,2013,1.8,4.537041,0.546,Asia
Myanmar,MMR,2014,7.4,4.815245,0.557,Asia
Myanmar,MMR,2015,10.9,4.8769803,0.566,Asia
Myanmar,MMR,2016,16.0,4.8819394,0.574,Asia
Myanmar,MMR,2017,23.6211,5.0162396,0.587,Asia
Myanmar,MMR,2018,33.7204,6.2458467,0.6,Asia
Myanmar,MMR,2019,48.1377,6.591502,0.61,Asia
Myanmar,MMR,2020,41.954292,6.5433564,0.609,Asia
Myanmar,MMR,2021,44.021675,9.998857,0.605,Asia
Namibia,NAM,1990,0.0,,0.597,Africa
Namibia,NAM,1991,0.0,,0.602,Africa
Namibia,NAM,1992,0.0,,0.603,Africa
Namibia,NAM,1993,0.0,,0.601,Africa
Namibia,NAM,1994,0.0,,0.6,Africa
Namibia,NAM,1995,0.006172051,,0.595,Africa
Namibia,NAM,1996,0.009032145,,0.587,Africa
Namibia,NAM,1997,0.058750678,,0.58,Africa
Namibia,NAM,1998,0.2867451,,0.574,Africa
Namibia,NAM,1999,0.3362177,,0.565,Africa
Namibia,NAM,2000,1.64474,,0.561,Africa
Namibia,NAM,2001,2.41698,,0.555,Africa
Namibia,NAM,2002,2.6337,,0.555,Africa
Namibia,NAM,2003,3.35984,,0.558,Africa
Namibia,NAM,2004,3.80472,,0.563,Africa
Namibia,NAM,2005,4.01005,16.33499,0.564,Africa
Namibia,NAM,2006,4.39887,17.220106,0.569,Africa
Namibia,NAM,2007,4.83561,17.123768,0.576,Africa
Namibia,NAM,2008,5.329,18.362425,0.581,Africa
Namibia,NAM,2009,6.5,17.424112,0.585,Africa
Namibia,NAM,2010,11.6,18.115673,0.591,Africa
Namibia,NAM,2011,12.0,19.354979,0.598,Africa
Namibia,NAM,2012,12.9414,20.643661,0.607,Africa
Namibia,NAM,2013,13.9,18.74755,0.616,Africa
Namibia,NAM,2014,14.84,17.553862,0.624,Africa
Namibia,NAM,2015,25.6879,17.95607,0.63,Africa
Namibia,NAM,2016,31.0333,17.7844,0.634,Africa
Namibia,NAM,2017,36.8374,17.125929,0.638,Africa
Namibia,NAM,2018,42.8,16.127115,0.642,Africa
Namibia,NAM,2019,49.8,15.668636,0.647,Africa
Namibia,NAM,2020,57.8608,16.218842,0.647,Africa
Namibia,NAM,2021,61.1132,16.32695,0.631,Africa
Namibia,NAM,2022,62.215,15.990142,0.649,Africa
Nauru,NRU,1990,0.0,,,Oceania
Nauru,NRU,1991,0.0,,,Oceania
Nauru,NRU,1992,0.0,,,Oceania
Nauru,NRU,1993,0.0,,,Oceania
Nauru,NRU,1994,0.0,,,Oceania
Nauru,NRU,1995,0.0,,,Oceania
Nauru,NRU,2001,2.98716,,,Oceania
Nauru,NRU,2011,54.0,,0.624,Oceania
Nauru,NRU,2017,62.3851,,0.67,Oceania
Nauru,NRU,2019,74.7379,,0.678,Oceania
Nauru,NRU,2020,81.6554,,0.684,Oceania
Nauru,NRU,2021,83.3424,,0.692,Oceania
Nauru,NRU,2022,82.6668,,0.7,Oceania
Nepal,NPL,1989,0.0,,,Asia
Nepal,NPL,1990,0.0,,0.404,Asia
Nepal,NPL,1991,0.0,,0.412,Asia
Nepal,NPL,1992,0.0,,0.42,Asia
Nepal,NPL,1993,0.0,,0.425,Asia
Nepal,NPL,1994,0.0,,0.433,Asia
Nepal,NPL,1995,0.000924878,,0.438,Asia
Nepal,NPL,1996,0.004510473,,0.447,Asia
Nepal,NPL,1997,0.021998858,,0.453,Asia
Nepal,NPL,1998,0.064393595,,0.459,Asia
Nepal,NPL,1999,0.14666887,,0.464,Asia
Nepal,NPL,2000,0.204652,,0.471,Asia
Nepal,NPL,2001,0.240015,,0.472,Asia
Nepal,NPL,2002,0.312956,,0.479,Asia
Nepal,NPL,2003,0.382811,,0.486,Asia
Nepal,NPL,2004,0.449844,,0.493,Asia
Nepal,NPL,2005,0.826551,,0.5,Asia
Nepal,NPL,2006,1.14139,,0.512,Asia
Nepal,NPL,2007,1.41,,0.516,Asia
Nepal,NPL,2008,1.73,,0.526,Asia
Nepal,NPL,2009,1.97,,0.538,Asia
Nepal,NPL,2010,7.93,,0.551,Asia
Nepal,NPL,2011,9.0,,0.559,Asia
Nepal,NPL,2012,11.1493,,0.565,Asia
Nepal,NPL,2013,13.3,,0.57,Asia
Nepal,NPL,2014,15.44,,0.574,Asia
Nepal,NPL,2015,17.5816,,0.575,Asia
Nepal,NPL,2016,20.7,,0.58,Asia
Nepal,NPL,2017,24.3,,0.588,Asia
Nepal,NPL,2018,28.6,,0.596,Asia
Nepal,NPL,2019,34.8055,,0.604,Asia
Nepal,NPL,2020,37.6984,,0.599,Asia
Nepal,NPL,2021,41.6083,,0.596,Asia
Nepal,NPL,2022,49.5609,,0.605,Asia
Netherlands,NLD,1990,0.33438694,48.034317,0.855,Europe
Netherlands,NLD,1991,0.5314961,48.946983,0.86,Europe
Netherlands,NLD,1992,1.320008,48.824615,0.861,Europe
Netherlands,NLD,1993,1.9670877,50.629486,0.863,Europe
Netherlands,NLD,1994,3.2573087,51.519474,0.889,Europe
Netherlands,NLD,1995,6.473158,52.65435,0.886,Europe
Netherlands,NLD,1996,9.649069,53.18622,0.89,Europe
Netherlands,NLD,1997,14.065512,55.686497,0.891,Europe
Netherlands,NLD,1998,22.243828,56.420544,0.893,Europe
Netherlands,NLD,1999,39.176006,58.93791,0.894,Europe
Netherlands,NLD,2000,43.9844,64.15681,0.9,Europe
Netherlands,NLD,2001,49.3731,64.725914,0.902,Europe
Netherlands,NLD,2002,61.29,66.04698,0.898,Europe
Netherlands,NLD,2003,64.35,66.09687,0.901,Europe
Netherlands,NLD,2004,68.52,67.085365,0.904,Europe
Netherlands,NLD,2005,81.0,74.41985,0.907,Europe
Netherlands,NLD,2006,83.7,74.940025,0.914,Europe
Netherlands,NLD,2007,85.82,78.380264,0.92,Europe
Netherlands,NLD,2008,87.42,80.50815,0.92,Europe
Netherlands,NLD,2009,89.63,75.74544,0.92,Europe
Netherlands,NLD,2010,90.72,75.864944,0.925,Europe
Netherlands,NLD,2011,91.42,77.60005,0.935,Europe
Netherlands,NLD,2012,92.86,80.06575,0.935,Europe
Netherlands,NLD,2013,93.9564,84.159065,0.937,Europe
Netherlands,NLD,2014,91.6667,80.099396,0.939,Europe
Netherlands,NLD,2015,91.7241,78.839066,0.94,Europe
Netherlands,NLD,2016,90.411,77.276436,0.941,Europe
Netherlands,NLD,2017,93.1973,79.27648,0.945,Europe
Netherlands,NLD,2018,91.8919,78.56831,0.947,Europe
Netherlands,NLD,2019,93.2886,80.06904,0.95,Europe
Netherlands,NLD,2020,91.3333,82.76507,0.945,Europe
Netherlands,NLD,2021,92.053,85.03012,0.951,Europe
Netherlands,NLD,2022,92.5197,85.899765,0.953,Europe
Netherlands,NLD,2023,97.0068,84.80053,0.955,Europe
New Caledonia,NCL,1990,0.0,,,Oceania
New Caledonia,NCL,1991,0.0,,,Oceania
New Caledonia,NCL,1992,0.0,,,Oceania
New Caledonia,NCL,1993,0.0,,,Oceania
New Caledonia,NCL,1994,0.0,,,Oceania
New Caledonia,NCL,1995,0.005179013,,,Oceania
New Caledonia,NCL,1996,0.25298396,,,Oceania
New Caledonia,NCL,1997,0.98933494,,,Oceania
New Caledonia,NCL,1998,1.9360428,,,Oceania
New Caledonia,NCL,1999,5.6881475,,,Oceania
New Caledonia,NCL,2000,13.9395,,,Oceania
New Caledonia,NCL,2001,18.2371,,,Oceania
New Caledonia,NCL,2002,22.3898,,,Oceania
New Caledonia,NCL,2003,26.4083,,,Oceania
New Caledonia,NCL,2004,30.298,,,Oceania
New Caledonia,NCL,2005,32.359,,,Oceania
New Caledonia,NCL,2006,33.5157,,,Oceania
New Caledonia,NCL,2007,35.05,,,Oceania
New Caledonia,NCL,2008,34.51,,,Oceania
New Caledonia,NCL,2009,33.99,,,Oceania
New Caledonia,NCL,2010,42.0,,,Oceania
New Caledonia,NCL,2011,50.0,,,Oceania
New Caledonia,NCL,2012,58.0,,,Oceania
New Caledonia,NCL,2013,66.0,,,Oceania
New Caledonia,NCL,2014,70.0,,,Oceania
New Caledonia,NCL,2015,74.0018,,,Oceania
New Caledonia,NCL,2017,82.0058,,,Oceania
New Zealand,NZL,1990,0.0,32.516823,0.811,Oceania
New Zealand,NZL,1991,0.0,32.792717,0.813,Oceania
New Zealand,NZL,1992,0.28594124,33.268303,0.822,Oceania
New Zealand,NZL,1993,0.6312154,34.02841,0.838,Oceania
New Zealand,NZL,1994,3.1687188,34.83323,0.852,Oceania
New Zealand,NZL,1995,4.8842406,35.151604,0.858,Oceania
New Zealand,NZL,1996,8.0419,35.93259,0.862,Oceania
New Zealand,NZL,1997,14.601524,37.096104,0.871,Oceania
New Zealand,NZL,1998,31.636261,38.206448,0.881,Oceania
New Zealand,NZL,1999,41.494484,39.503624,0.886,Oceania
New Zealand,NZL,2000,47.3796,39.762474,0.896,Oceania
New Zealand,NZL,2001,53.241,40.284393,0.902,Oceania
New Zealand,NZL,2002,59.0808,40.308136,0.905,Oceania
New Zealand,NZL,2003,60.9625,40.570053,0.91,Oceania
New Zealand,NZL,2004,61.8476,39.08948,0.912,Oceania
New Zealand,NZL,2005,62.7202,39.871586,0.917,Oceania
New Zealand,NZL,2006,69.0,39.94826,0.918,Oceania
New Zealand,NZL,2007,69.76,42.53505,0.921,Oceania
New Zealand,NZL,2008,72.03,43.12726,0.92,Oceania
New Zealand,NZL,2009,79.7,44.897064,0.923,Oceania
New Zealand,NZL,2010,80.46,46.059715,0.926,Oceania
New Zealand,NZL,2011,81.23,47.96772,0.927,Oceania
New Zealand,NZL,2012,81.6445,49.034885,0.929,Oceania
New Zealand,NZL,2013,82.78,48.368034,0.933,Oceania
New Zealand,NZL,2014,84.0,48.18502,0.932,Oceania
New Zealand,NZL,2015,85.2,47.73539,0.934,Oceania
New Zealand,NZL,2016,86.5,49.38363,0.938,Oceania
New Zealand,NZL,2017,87.7,48.96968,0.936,Oceania
New Zealand,NZL,2018,89.0,47.848465,0.938,Oceania
New Zealand,NZL,2019,89.8637,49.53717,0.938,Oceania
New Zealand,NZL,2020,95.2342,50.544838,0.94,Oceania
New Zealand,NZL,2021,95.7321,51.104523,0.939,Oceania
New Zealand,NZL,2022,95.7299,50.344128,0.933,Oceania
Nicaragua,NIC,1990,0.0,,0.515,Americas
Nicaragua,NIC,1991,0.0,,0.526,Americas
Nicaragua,NIC,1992,0.0,,0.531,Americas
Nicaragua,NIC,1993,0.0,,0.534,Americas
Nicaragua,NIC,1994,0.013166228,,0.54,Americas
Nicaragua,NIC,1995,0.030046478,,0.549,Americas
Nicaragua,NIC,1996,0.08409329,,0.559,Americas
Nicaragua,NIC,1997,0.20621681,,0.568,Americas
Nicaragua,NIC,1998,0.303809,,0.569,Americas
Nicaragua,NIC,1999,0.49790165,,0.585,Americas
Nicaragua,NIC,2000,0.980216,,0.593,Americas
Nicaragua,NIC,2001,1.4488,,0.601,Americas
Nicaragua,NIC,2002,1.71473,,0.609,Americas
Nicaragua,NIC,2003,1.88041,,0.615,Americas
Nicaragua,NIC,2004,2.32066,,0.623,Americas
Nicaragua,NIC,2005,2.56635,,0.63,Americas
Nicaragua,NIC,2006,2.80557,,0.636,Americas
Nicaragua,NIC,2007,3.9,,0.642,Americas
Nicaragua,NIC,2008,5.3,,0.646,Americas
Nicaragua,NIC,2009,7.3,,0.646,Americas
Nicaragua,NIC,2010,10.0,,0.651,Americas
Nicaragua,NIC,2011,10.6,,0.657,Americas
Nicaragua,NIC,2012,13.5,,0.664,Americas
Nicaragua,NIC,2013,15.5,,0.668,Americas
Nicaragua,NIC,2014,17.6,,0.674,Americas
Nicaragua,NIC,2015,19.7043,,0.679,Americas
Nicaragua,NIC,2016,24.5718,,0.684,Americas
Nicaragua,NIC,2017,30.4,,0.688,Americas
Nicaragua,NIC,2018,37.6,,0.69,Americas
Nicaragua,NIC,2019,44.9164,,0.69,Americas
Nicaragua,NIC,2020,54.8543,,0.676,Americas
Nicaragua,NIC,2021,54.7975,,0.682,Americas
Nicaragua,NIC,2022,61.0524,,0.701,Americas
Niger,NER,1990,0.0,,0.215,Africa
Niger,NER,1991,0.0,,0.219,Africa
Niger,NER,1992,0.0,,0.222,Africa
Niger,NER,1993,0.0,,0.228,Africa
Niger,NER,1994,0.0,,0.233,Africa
Niger,NER,1995,0.0,,0.238,Africa
Niger,NER,1996,0.001039305,,0.245,Africa
Niger,NER,1997,0.002008766,,0.25,Africa
Niger,NER,1998,0.002911503,,0.258,Africa
Niger,NER,1999,0.028136022,,0.263,Africa
Niger,NER,2000,0.0362613,,0.266,Africa
Niger,NER,2001,0.105185,,0.272,Africa
Niger,NER,2002,0.127152,,0.278,Africa
Niger,NER,2003,0.155699,,0.284,Africa
Niger,NER,2004,0.189934,,0.292,Africa
Niger,NER,2005,0.221341,1.37118,0.302,Africa
Niger,NER,2006,0.294034,1.3939321,0.309,Africa
Niger,NER,2007,0.390391,1.3308632,0.313,Africa
Niger,NER,2008,0.7,1.382979,0.323,Africa
Niger,NER,2009,0.76,1.3958557,0.329,Africa
Niger,NER,2010,0.83,1.5351752,0.339,Africa
Niger,NER,2011,0.9,1.4667486,0.346,Africa
Niger,NER,2012,1.05,1.6126615,0.356,Africa
Niger,NER,2013,1.15,1.5923302,0.362,Africa
Niger,NER,2014,1.24868,1.6598982,0.369,Africa
Niger,NER,2015,2.47622,1.6848508,0.374,Africa
Niger,NER,2016,4.32276,1.6416756,0.38,Africa
Niger,NER,2017,10.2243,1.6035225,0.384,Africa
Niger,NER,2019,16.6119,1.8506708,0.4,Africa
Niger,NER,2020,13.8406,1.9430866,0.404,Africa
Niger,NER,2021,15.3108,1.9377054,0.413,Africa
Niger,NER,2022,16.937,2.3085556,0.414,Africa
Nigeria,NGA,1990,0.0,,0.379,Africa
Nigeria,NGA,1991,0.0,,0.383,Africa
Nigeria,NGA,1992,0.0,,0.388,Africa
Nigeria,NGA,1993,0.0,,0.393,Africa
Nigeria,NGA,1994,0.0,,0.397,Africa
Nigeria,NGA,1995,0.0,,0.402,Africa
Nigeria,NGA,1996,0.00883298,,0.408,Africa
Nigeria,NGA,1997,0.0172374,,0.413,Africa
Nigeria,NGA,1998,0.02523146,,0.419,Africa
Nigeria,NGA,1999,0.04103872,,0.425,Africa
Nigeria,NGA,2000,0.0640808,,0.435,Africa
Nigeria,NGA,2001,0.0899014,,0.438,Africa
Nigeria,NGA,2002,0.320462,,0.451,Africa
Nigeria,NGA,2003,0.558576,,0.464,Africa
Nigeria,NGA,2004,1.28614,,0.477,Africa
Nigeria,NGA,2005,3.54916,6.185171,0.484,Africa
Nigeria,NGA,2006,5.54504,6.9511776,0.489,Africa
Nigeria,NGA,2007,6.77,7.326747,0.492,Africa
Nigeria,NGA,2008,8.0,7.221211,0.497,Africa
Nigeria,NGA,2009,9.3,7.404599,0.499,Africa
Nigeria,NGA,2010,11.5,8.381962,0.502,Africa
Nigeria,NGA,2011,13.8,8.479395,0.508,Africa
Nigeria,NGA,2012,16.1,8.514607,0.512,Africa
Nigeria,NGA,2013,19.1,8.8424425,0.517,Africa
Nigeria,NGA,2014,21.0,8.808126,0.524,Africa
Nigeria,NGA,2015,22.5,8.189622,0.53,Africa
Nigeria,NGA,2016,24.1,7.4518538,0.532,Africa
Nigeria,NGA,2017,25.9,7.140156,0.534,Africa
Nigeria,NGA,2018,27.7,7.3849483,0.537,Africa
Nigeria,NGA,2019,29.7,8.120003,0.544,Africa
Nigeria,NGA,2020,31.8888,8.113798,0.547,Africa
Nigeria,NGA,2021,32.3318,7.1203403,0.554,Africa
Nigeria,NGA,2022,35.4563,6.5396647,0.557,Africa
North America (WB),,1990,0.74207324,,0.55,
North America (WB),,1990,0.74207324,,0.514,
North America (WB),,1990,0.74207324,,0.674,
North America (WB),,1990,0.74207324,,0.7739702,
North America (WB),,1990,0.74207324,,0.569,
North America (WB),,1990,0.74207324,,0.8043755,
North America (WB),,1990,0.74207324,,0.648,
North America (WB),,1990,0.74207324,,0.346,
North America (WB),,1990,0.74207324,,0.439,
North America (WB),,1990,0.74207324,,0.6497253,
North America (WB),,1990,0.74207324,,0.454,
North America (WB),,1990,0.74207324,,0.405,
North America (WB),,1990,0.74207324,,0.797,
North America (WB),,1991,1.1035612,,0.552,
North America (WB),,1991,1.1035612,,0.522,
North America (WB),,1991,1.1035612,,0.671,
North America (WB),,1991,1.1035612,,0.7779599,
North America (WB),,1991,1.1035612,,0.574,
North America (WB),,1991,1.1035612,,0.806783,
North America (WB),,1991,1.1035612,,0.653,
North America (WB),,1991,1.1035612,,0.348,
North America (WB),,1991,1.1035612,,0.44,
North America (WB),,1991,1.1035612,,0.6547653,
North America (WB),,1991,1.1035612,,0.458,
North America (WB),,1991,1.1035612,,0.409,
North America (WB),,1991,1.1035612,,0.8,
North America (WB),,1992,1.6430557,,0.561,
North America (WB),,1992,1.6430557,,0.531,
North America (WB),,1992,1.6430557,,0.664,
North America (WB),,1992,1.6430557,,0.78332764,
North America (WB),,1992,1.6430557,,0.58,
North America (WB),,1992,1.6430557,,0.80932313,
North America (WB),,1992,1.6430557,,0.657,
North America (WB),,1992,1.6430557,,0.352,
North America (WB),,1992,1.6430557,,0.445,
North America (WB),,1992,1.6430557,,0.65902275,
North America (WB),,1992,1.6430557,,0.464,
North America (WB),,1992,1.6430557,,0.408,
North America (WB),,1992,1.6430557,,0.802,
North America (WB),,1993,2.1628096,,0.571,
North America (WB),,1993,2.1628096,,0.541,
North America (WB),,1993,2.1628096,,0.659,
North America (WB),,1993,2.1628096,,0.79047537,
North America (WB),,1993,2.1628096,,0.586,
North America (WB),,1993,2.1628096,,0.81150347,
North America (WB),,1993,2.1628096,,0.661,
North America (WB),,1993,2.1628096,,0.356,
North America (WB),,1993,2.1628096,,0.449,
North America (WB),,1993,2.1628096,,0.66415447,
North America (WB),,1993,2.1628096,,0.468,
North America (WB),,1993,2.1628096,,0.411,
North America (WB),,1993,2.1628096,,0.804,
North America (WB),,1994,4.614666,,0.577,
North America (WB),,1994,4.614666,,0.55,
North America (WB),,1994,4.614666,,0.654,
North America (WB),,1994,4.614666,,0.7999784,
North America (WB),,1994,4.614666,,0.591,
North America (WB),,1994,4.614666,,0.81610936,
North America (WB),,1994,4.614666,,0.666,
North America (WB),,1994,4.614666,,0.361,
North America (WB),,1994,4.614666,,0.453,
North America (WB),,1994,4.614666,,0.66946566,
North America (WB),,1994,4.614666,,0.472,
North America (WB),,1994,4.614666,,0.413,
North America (WB),,1994,4.614666,,0.809,
North America (WB),,1995,8.732886,,0.582,
North America (WB),,1995,8.732886,,0.559,
North America (WB),,1995,8.732886,,0.7735119,
North America (WB),,1995,8.732886,,0.658,
North America (WB),,1995,8.732886,,0.8133682,
North America (WB),,1995,8.732886,,0.599,
North America (WB),,1995,8.732886,,0.8224163,
North America (WB),,1995,8.732886,,0.67,
North America (WB),,1995,8.732886,,0.368,
North America (WB),,1995,8.732886,,0.459,
North America (WB),,1995,8.732886,,0.6756636,
North America (WB),,1995,8.732886,,0.478,
North America (WB),,1995,8.732886,,0.42,
North America (WB),,1995,8.732886,,0.812,
North America (WB),,1996,15.46213,,0.59,
North America (WB),,1996,15.46213,,0.57,
North America (WB),,1996,15.46213,,0.7801411,
North America (WB),,1996,15.46213,,0.662,
North America (WB),,1996,15.46213,,0.82013655,
North America (WB),,1996,15.46213,,0.607,
North America (WB),,1996,15.46213,,0.82840586,
North America (WB),,1996,15.46213,,0.676,
North America (WB),,1996,15.46213,,0.373,
North America (WB),,1996,15.46213,,0.466,
North America (WB),,1996,15.46213,,0.6810407,
North America (WB),,1996,15.46213,,0.484,
North America (WB),,1996,15.46213,,0.423,
North America (WB),,1996,15.46213,,0.818,
North America (WB),,1997,20.970108,,0.596,
North America (WB),,1997,20.970108,,0.579,
North America (WB),,1997,20.970108,,0.7872637,
North America (WB),,1997,20.970108,,0.668,
North America (WB),,1997,20.970108,,0.8263604,
North America (WB),,1997,20.970108,,0.615,
North America (WB),,1997,20.970108,,0.83428735,
North America (WB),,1997,20.970108,,0.683,
North America (WB),,1997,20.970108,,0.378,
North America (WB),,1997,20.970108,,0.472,
North America (WB),,1997,20.970108,,0.6869894,
North America (WB),,1997,20.970108,,0.49,
North America (WB),,1997,20.970108,,0.427,
North America (WB),,1997,20.970108,,0.824,
North America (WB),,1998,29.581812,,0.603,
North America (WB),,1998,29.581812,,0.586,
North America (WB),,1998,29.581812,,0.7928959,
North America (WB),,1998,29.581812,,0.674,
North America (WB),,1998,29.581812,,0.8325962,
North America (WB),,1998,29.581812,,0.622,
North America (WB),,1998,29.581812,,0.83827734,
North America (WB),,1998,29.581812,,0.688,
North America (WB),,1998,29.581812,,0.382,
North America (WB),,1998,29.581812,,0.478,
North America (WB),,1998,29.581812,,0.6915652,
North America (WB),,1998,29.581812,,0.496,
North America (WB),,1998,29.581812,,0.43,
North America (WB),,1998,29.581812,,0.829,
North America (WB),,1999,35.882687,,0.609,
North America (WB),,1999,35.882687,,0.594,
North America (WB),,1999,35.882687,,0.7974899,
North America (WB),,1999,35.882687,,0.676,
North America (WB),,1999,35.882687,,0.8380795,
North America (WB),,1999,35.882687,,0.628,
North America (WB),,1999,35.882687,,0.84187406,
North America (WB),,1999,35.882687,,0.692,
North America (WB),,1999,35.882687,,0.39,
North America (WB),,1999,35.882687,,0.48673937,
North America (WB),,1999,35.882687,,0.485,
North America (WB),,1999,35.882687,,0.69540364,
North America (WB),,1999,35.882687,,0.503,
North America (WB),,1999,35.882687,,0.433,
North America (WB),,1999,35.882687,,0.832,
North America (WB),,2000,43.89345,,0.4245854,
North America (WB),,2000,43.89345,,0.615,
North America (WB),,2000,43.89345,,0.569869,
North America (WB),,2000,43.89345,,0.604,
North America (WB),,2000,43.89345,,0.8080217,
North America (WB),,2000,43.89345,,0.686,
North America (WB),,2000,43.89345,,0.8433045,
North America (WB),,2000,43.89345,,0.636,
North America (WB),,2000,43.89345,,0.84814763,
North America (WB),,2000,43.89345,,0.697,
North America (WB),,2000,43.89345,,0.393,
North America (WB),,2000,43.89345,,0.49990252,
North America (WB),,2000,43.89345,,0.491,
North America (WB),,2000,43.89345,,0.81713676,
North America (WB),,2000,43.89345,,0.70062786,
North America (WB),,2000,43.89345,,0.508,
North America (WB),,2000,43.89345,,0.435,
North America (WB),,2000,43.89345,,0.6285039,
North America (WB),,2000,43.89345,,0.838,
North America (WB),,2001,50.18091,,0.4292593,
North America (WB),,2001,50.18091,,0.621,
North America (WB),,2001,50.18091,,0.5783103,
North America (WB),,2001,50.18091,,0.612,
North America (WB),,2001,50.18091,,0.81529015,
North America (WB),,2001,50.18091,,0.693,
North America (WB),,2001,50.18091,,0.84985864,
North America (WB),,2001,50.18091,,0.643,
North America (WB),,2001,50.18091,,0.8533231,
North America (WB),,2001,50.18091,,0.702,
North America (WB),,2001,50.18091,,0.401,
North America (WB),,2001,50.18091,,0.5078028,
North America (WB),,2001,50.18091,,0.5,
North America (WB),,2001,50.18091,,0.819591,
North America (WB),,2001,50.18091,,0.7054202,
North America (WB),,2001,50.18091,,0.517,
North America (WB),,2001,50.18091,,0.441,
North America (WB),,2001,50.18091,,0.63662523,
North America (WB),,2001,50.18091,,0.843,
North America (WB),,2002,59.061733,,0.43494922,
North America (WB),,2002,59.061733,,0.626,
North America (WB),,2002,59.061733,,0.5859656,
North America (WB),,2002,59.061733,,0.622,
North America (WB),,2002,59.061733,,0.8208476,
North America (WB),,2002,59.061733,,0.701,
North America (WB),,2002,59.061733,,0.85488456,
North America (WB),,2002,59.061733,,0.651,
North America (WB),,2002,59.061733,,0.85723525,
North America (WB),,2002,59.061733,,0.706,
North America (WB),,2002,59.061733,,0.407,
North America (WB),,2002,59.061733,,0.5139684,
North America (WB),,2002,59.061733,,0.506,
North America (WB),,2002,59.061733,,0.8224308,
North America (WB),,2002,59.061733,,0.71004105,
North America (WB),,2002,59.061733,,0.523,
North America (WB),,2002,59.061733,,0.449,
North America (WB),,2002,59.061733,,0.645688,
North America (WB),,2002,59.061733,,0.847,
North America (WB),,2003,61.943382,,0.44065332,
North America (WB),,2003,61.943382,,0.63,
North America (WB),,2003,61.943382,,0.5955544,
North America (WB),,2003,61.943382,,0.632,
North America (WB),,2003,61.943382,,0.8275237,
North America (WB),,2003,61.943382,,0.709,
North America (WB),,2003,61.943382,,0.85958296,
North America (WB),,2003,61.943382,,0.659,
North America (WB),,2003,61.943382,,0.8615973,
North America (WB),,2003,61.943382,,0.711,
North America (WB),,2003,61.943382,,0.414,
North America (WB),,2003,61.943382,,0.5242137,
North America (WB),,2003,61.943382,,0.516,
North America (WB),,2003,61.943382,,0.8255375,
North America (WB),,2003,61.943382,,0.7139729,
North America (WB),,2003,61.943382,,0.535,
North America (WB),,2003,61.943382,,0.457,
North America (WB),,2003,61.943382,,0.65426606,
North America (WB),,2003,61.943382,,0.852,
North America (WB),,2004,64.87581,,0.44817433,
North America (WB),,2004,64.87581,,0.638,
North America (WB),,2004,64.87581,,0.6048904,
North America (WB),,2004,64.87581,,0.641,
North America (WB),,2004,64.87581,,0.83400583,
North America (WB),,2004,64.87581,,0.716,
North America (WB),,2004,64.87581,,0.8654416,
North America (WB),,2004,64.87581,,0.666,
North America (WB),,2004,64.87581,,0.8671708,
North America (WB),,2004,64.87581,,0.717,
North America (WB),,2004,64.87581,,0.424,
North America (WB),,2004,64.87581,,0.533825,
North America (WB),,2004,64.87581,,0.526,
North America (WB),,2004,64.87581,,0.83012056,
North America (WB),,2004,64.87581,,0.7216664,
North America (WB),,2004,64.87581,,0.543,
North America (WB),,2004,64.87581,,0.466,
North America (WB),,2004,64.87581,,0.66330206,
North America (WB),,2004,64.87581,,0.857,
North America (WB),,2005,68.3,,0.461668,
North America (WB),,2005,68.3,,0.645,
North America (WB),,2005,68.3,,0.61573684,
North America (WB),,2005,68.3,,0.652,
North America (WB),,2005,68.3,,0.84263706,
North America (WB),,2005,68.3,,0.72,
North America (WB),,2005,68.3,,0.8698894,
North America (WB),,2005,68.3,,0.675,
North America (WB),,2005,68.3,,0.87086254,
North America (WB),,2005,68.3,,0.723,
North America (WB),,2005,68.3,,0.433,
North America (WB),,2005,68.3,,0.34204078,
North America (WB),,2005,68.3,,0.5434632,
North America (WB),,2005,68.3,,0.535,
North America (WB),,2005,68.3,,0.8332466,
North America (WB),,2005,68.3,,0.80804354,
North America (WB),,2005,68.3,,0.727708,
North America (WB),,2005,68.3,,0.552,
North America (WB),,2005,68.3,,0.473,
North America (WB),,2005,68.3,,0.6755118,
North America (WB),,2005,68.3,,0.861,
North America (WB),,2006,69.3,,0.46813595,
North America (WB),,2006,69.3,,0.652,
North America (WB),,2006,69.3,,0.6248776,
North America (WB),,2006,69.3,,0.662,
North America (WB),,2006,69.3,,0.848911,
North America (WB),,2006,69.3,,0.728,
North America (WB),,2006,69.3,,0.87523013,
North America (WB),,2006,69.3,,0.683,
North America (WB),,2006,69.3,,0.87583596,
North America (WB),,2006,69.3,,0.729,
North America (WB),,2006,69.3,,0.442,
North America (WB),,2006,69.3,,0.35059604,
North America (WB),,2006,69.3,,0.55155903,
North America (WB),,2006,69.3,,0.543,
North America (WB),,2006,69.3,,0.8386846,
North America (WB),,2006,69.3,,0.8101854,
North America (WB),,2006,69.3,,0.73351294,
North America (WB),,2006,69.3,,0.561,
North America (WB),,2006,69.3,,0.481,
North America (WB),,2006,69.3,,0.6853619,
North America (WB),,2006,69.3,,0.866,
North America (WB),,2007,74.8,,0.4750963,
North America (WB),,2007,74.8,,0.658,
North America (WB),,2007,74.8,,0.63415104,
North America (WB),,2007,74.8,,0.673,
North America (WB),,2007,74.8,,0.8548727,
North America (WB),,2007,74.8,,0.736,
North America (WB),,2007,74.8,,0.87925476,
North America (WB),,2007,74.8,,0.692,
North America (WB),,2007,74.8,,0.8802514,
North America (WB),,2007,74.8,,0.736,
North America (WB),,2007,74.8,,0.45,
North America (WB),,2007,74.8,,0.3596332,
North America (WB),,2007,74.8,,0.5593327,
North America (WB),,2007,74.8,,0.551,
North America (WB),,2007,74.8,,0.84200835,
North America (WB),,2007,74.8,,0.8121299,
North America (WB),,2007,74.8,,0.74158055,
North America (WB),,2007,74.8,,0.569,
North America (WB),,2007,74.8,,0.489,
North America (WB),,2007,74.8,,0.6958714,
North America (WB),,2007,74.8,,0.87,
North America (WB),,2008,74.3,,0.49759457,
North America (WB),,2008,74.3,,0.661,
North America (WB),,2008,74.3,,0.64034575,
North America (WB),,2008,74.3,,0.68,
North America (WB),,2008,74.3,,0.8590917,
North America (WB),,2008,74.3,,0.74,
North America (WB),,2008,74.3,,0.88218033,
North America (WB),,2008,74.3,,0.699,
North America (WB),,2008,74.3,,0.8827478,
North America (WB),,2008,74.3,,0.742,
North America (WB),,2008,74.3,,0.457,
North America (WB),,2008,74.3,,0.39877075,
North America (WB),,2008,74.3,,0.56541926,
North America (WB),,2008,74.3,,0.558,
North America (WB),,2008,74.3,,0.8433985,
North America (WB),,2008,74.3,,0.8153273,
North America (WB),,2008,74.3,,0.7485009,
North America (WB),,2008,74.3,,0.575,
North America (WB),,2008,74.3,,0.497,
North America (WB),,2008,74.3,,0.7032563,
North America (WB),,2008,74.3,,0.872,
North America (WB),,2009,71.9,,0.5021216,
North America (WB),,2009,71.9,,0.666,
North America (WB),,2009,71.9,,0.64756656,
North America (WB),,2009,71.9,,0.69,
North America (WB),,2009,71.9,,0.8599548,
North America (WB),,2009,71.9,,0.742,
North America (WB),,2009,71.9,,0.8833343,
North America (WB),,2009,71.9,,0.706,
North America (WB),,2009,71.9,,0.8837552,
North America (WB),,2009,71.9,,0.743,
North America (WB),,2009,71.9,,0.461,
North America (WB),,2009,71.9,,0.402766,
North America (WB),,2009,71.9,,0.5710855,
North America (WB),,2009,71.9,,0.565,
North America (WB),,2009,71.9,,0.8439207,
North America (WB),,2009,71.9,,0.81803006,
North America (WB),,2009,71.9,,0.7512326,
North America (WB),,2009,71.9,,0.58,
North America (WB),,2009,71.9,,0.503,
North America (WB),,2009,71.9,,0.71126586,
North America (WB),,2009,71.9,,0.874,
North America (WB),,2010,72.5,,0.513888,
North America (WB),,2010,72.5,,0.67,
North America (WB),,2010,72.5,,0.65679175,
North America (WB),,2010,72.5,,0.699,
North America (WB),,2010,72.5,,0.8645471,
North America (WB),,2010,72.5,,0.753,
North America (WB),,2010,72.5,,0.8875532,
North America (WB),,2010,72.5,,0.714,
North America (WB),,2010,72.5,,0.88799495,
North America (WB),,2010,72.5,,0.747,
North America (WB),,2010,72.5,,0.467,
North America (WB),,2010,72.5,,0.42096916,
North America (WB),,2010,72.5,,0.57957613,
North America (WB),,2010,72.5,,0.573,
North America (WB),,2010,72.5,,0.84561443,
North America (WB),,2010,72.5,,0.82062435,
North America (WB),,2010,72.5,,0.75787014,
North America (WB),,2010,72.5,,0.59,
North America (WB),,2010,72.5,,0.51,
North America (WB),,2010,72.5,,0.72018623,
North America (WB),,2010,72.5,,0.879,
North America (WB),,2011,71.0,,0.52003187,
North America (WB),,2011,71.0,,0.672,
North America (WB),,2011,71.0,,0.66498727,
North America (WB),,2011,71.0,,0.706,
North America (WB),,2011,71.0,,0.87022907,
North America (WB),,2011,71.0,,0.761,
North America (WB),,2011,71.0,,0.89193636,
North America (WB),,2011,71.0,,0.72,
North America (WB),,2011,71.0,,0.8916487,
North America (WB),,2011,71.0,,0.753,
North America (WB),,2011,71.0,,0.471,
North America (WB),,2011,71.0,,0.4269735,
North America (WB),,2011,71.0,,0.5894755,
North America (WB),,2011,71.0,,0.584,
North America (WB),,2011,71.0,,0.8494359,
North America (WB),,2011,71.0,,0.8243534,
North America (WB),,2011,71.0,,0.7633919,
North America (WB),,2011,71.0,,0.601,
North America (WB),,2011,71.0,,0.517,
North America (WB),,2011,71.0,,0.7270223,
North America (WB),,2011,71.0,,0.883,
North America (WB),,2012,75.5,,0.5260907,
North America (WB),,2012,75.5,,0.68,
North America (WB),,2012,75.5,,0.67128,
North America (WB),,2012,75.5,,0.713,
North America (WB),,2012,75.5,,0.87196416,
North America (WB),,2012,75.5,,0.767,
North America (WB),,2012,75.5,,0.8927878,
North America (WB),,2012,75.5,,0.727,
North America (WB),,2012,75.5,,0.8941138,
North America (WB),,2012,75.5,,0.758,
North America (WB),,2012,75.5,,0.477,
North America (WB),,2012,75.5,,0.43000394,
North America (WB),,2012,75.5,,0.5956914,
North America (WB),,2012,75.5,,0.59,
North America (WB),,2012,75.5,,0.8532949,
North America (WB),,2012,75.5,,0.82798356,
North America (WB),,2012,75.5,,0.7674748,
North America (WB),,2012,75.5,,0.606,
North America (WB),,2012,75.5,,0.523,
North America (WB),,2012,75.5,,0.73412,
North America (WB),,2012,75.5,,0.886,
North America (WB),,2013,72.8,,0.53123987,
North America (WB),,2013,72.8,,0.683,
North America (WB),,2013,72.8,,0.677284,
North America (WB),,2013,72.8,,0.72,
North America (WB),,2013,72.8,,0.87687457,
North America (WB),,2013,72.8,,0.78,
North America (WB),,2013,72.8,,0.8967906,
North America (WB),,2013,72.8,,0.733,
North America (WB),,2013,72.8,,0.8981406,
North America (WB),,2013,72.8,,0.762,
North America (WB),,2013,72.8,,0.482,
North America (WB),,2013,72.8,,0.432075,
North America (WB),,2013,72.8,,0.60151386,
North America (WB),,2013,72.8,,0.595,
North America (WB),,2013,72.8,,0.85496044,
North America (WB),,2013,72.8,,0.8279558,
North America (WB),,2013,72.8,,0.7731587,
North America (WB),,2013,72.8,,0.611,
North America (WB),,2013,72.8,,0.528,
North America (WB),,2013,72.8,,0.7406829,
North America (WB),,2013,72.8,,0.892,
North America (WB),,2014,74.4,,0.5367227,
North America (WB),,2014,74.4,,0.688,
North America (WB),,2014,74.4,,0.68550044,
North America (WB),,2014,74.4,,0.728,
North America (WB),,2014,74.4,,0.87929887,
North America (WB),,2014,74.4,,0.785,
North America (WB),,2014,74.4,,0.8999237,
North America (WB),,2014,74.4,,0.739,
North America (WB),,2014,74.4,,0.90055966,
North America (WB),,2014,74.4,,0.765,
North America (WB),,2014,74.4,,0.488,
North America (WB),,2014,74.4,,0.43649974,
North America (WB),,2014,74.4,,0.60980934,
North America (WB),,2014,74.4,,0.604,
North America (WB),,2014,74.4,,0.85716856,
North America (WB),,2014,74.4,,0.8310525,
North America (WB),,2014,74.4,,0.7760436,
North America (WB),,2014,74.4,,0.62,
North America (WB),,2014,74.4,,0.534,
North America (WB),,2014,74.4,,0.7478326,
North America (WB),,2014,74.4,,0.895,
North America (WB),,2015,76.1,,0.5425902,
North America (WB),,2015,76.1,,0.693,
North America (WB),,2015,76.1,,0.6922845,
North America (WB),,2015,76.1,,0.735,
North America (WB),,2015,76.1,,0.88032347,
North America (WB),,2015,76.1,,0.789,
North America (WB),,2015,76.1,,0.9017791,
North America (WB),,2015,76.1,,0.744,
North America (WB),,2015,76.1,,0.9027572,
North America (WB),,2015,76.1,,0.767,
North America (WB),,2015,76.1,,0.491,
North America (WB),,2015,76.1,,0.43883622,
North America (WB),,2015,76.1,,0.6173714,
North America (WB),,2015,76.1,,0.611,
North America (WB),,2015,76.1,,0.8591236,
North America (WB),,2015,76.1,,0.8333656,
North America (WB),,2015,76.1,,0.7772507,
North America (WB),,2015,76.1,,0.627,
North America (WB),,2015,76.1,,0.54,
North America (WB),,2015,76.1,,0.7533915,
North America (WB),,2015,76.1,,0.898,
North America (WB),,2016,86.1,,0.5466387,
North America (WB),,2016,86.1,,0.698,
North America (WB),,2016,86.1,,0.6996885,
North America (WB),,2016,86.1,,0.742,
North America (WB),,2016,86.1,,0.8832819,
North America (WB),,2016,86.1,,0.793,
North America (WB),,2016,86.1,,0.9050324,
North America (WB),,2016,86.1,,0.749,
North America (WB),,2016,86.1,,0.90514636,
North America (WB),,2016,86.1,,0.769,
North America (WB),,2016,86.1,,0.497,
North America (WB),,2016,86.1,,0.4427982,
North America (WB),,2016,86.1,,0.62547666,
North America (WB),,2016,86.1,,0.62,
North America (WB),,2016,86.1,,0.86142576,
North America (WB),,2016,86.1,,0.83567315,
North America (WB),,2016,86.1,,0.7784721,
North America (WB),,2016,86.1,,0.637,
North America (WB),,2016,86.1,,0.543,
North America (WB),,2016,86.1,,0.7588624,
North America (WB),,2016,86.1,,0.9,
North America (WB),,2017,87.8,,0.5504002,
North America (WB),,2017,87.8,,0.702,
North America (WB),,2017,87.8,,0.7046988,
North America (WB),,2017,87.8,,0.749,
North America (WB),,2017,87.8,,0.8861951,
North America (WB),,2017,87.8,,0.8,
North America (WB),,2017,87.8,,0.9075523,
North America (WB),,2017,87.8,,0.754,
North America (WB),,2017,87.8,,0.90792,
North America (WB),,2017,87.8,,0.772,
North America (WB),,2017,87.8,,0.5,
North America (WB),,2017,87.8,,0.44619104,
North America (WB),,2017,87.8,,0.62979513,
North America (WB),,2017,87.8,,0.624,
North America (WB),,2017,87.8,,0.8636879,
North America (WB),,2017,87.8,,0.83694863,
North America (WB),,2017,87.8,,0.7811188,
North America (WB),,2017,87.8,,0.641,
North America (WB),,2017,87.8,,0.546,
North America (WB),,2017,87.8,,0.7643767,
North America (WB),,2017,87.8,,0.903,
North America (WB),,2018,89.1,,0.5558327,
North America (WB),,2018,89.1,,0.707,
North America (WB),,2018,89.1,,0.7085525,
North America (WB),,2018,89.1,,0.756,
North America (WB),,2018,89.1,,0.88933504,
North America (WB),,2018,89.1,,0.804,
North America (WB),,2018,89.1,,0.9103591,
North America (WB),,2018,89.1,,0.76,
North America (WB),,2018,89.1,,0.91105837,
North America (WB),,2018,89.1,,0.774,
North America (WB),,2018,89.1,,0.504,
North America (WB),,2018,89.1,,0.4525536,
North America (WB),,2018,89.1,,0.6321534,
North America (WB),,2018,89.1,,0.627,
North America (WB),,2018,89.1,,0.8665236,
North America (WB),,2018,89.1,,0.84073627,
North America (WB),,2018,89.1,,0.7836532,
North America (WB),,2018,89.1,,0.642,
North America (WB),,2018,89.1,,0.551,
North America (WB),,2018,89.1,,0.7702497,
North America (WB),,2018,89.1,,0.906,
North America (WB),,2019,89.7,,0.56035364,
North America (WB),,2019,89.7,,0.712,
North America (WB),,2019,89.7,,0.7126623,
North America (WB),,2019,89.7,,0.761,
North America (WB),,2019,89.7,,0.89306754,
North America (WB),,2019,89.7,,0.808,
North America (WB),,2019,89.7,,0.9143795,
North America (WB),,2019,89.7,,0.765,
North America (WB),,2019,89.7,,0.91397655,
North America (WB),,2019,89.7,,0.776,
North America (WB),,2019,89.7,,0.507,
North America (WB),,2019,89.7,,0.45707306,
North America (WB),,2019,89.7,,0.63645244,
North America (WB),,2019,89.7,,0.631,
North America (WB),,2019,89.7,,0.8687238,
North America (WB),,2019,89.7,,0.8431121,
North America (WB),,2019,89.7,,0.78433996,
North America (WB),,2019,89.7,,0.645,
North America (WB),,2019,89.7,,0.557,
North America (WB),,2019,89.7,,0.7744862,
North America (WB),,2019,89.7,,0.909,
North America (WB),,2020,96.1,,0.5594648,
North America (WB),,2020,96.1,,0.707,
North America (WB),,2020,96.1,,0.7130719,
North America (WB),,2020,96.1,,0.764,
North America (WB),,2020,96.1,,0.8829021,
North America (WB),,2020,96.1,,0.802,
North America (WB),,2020,96.1,,0.90954304,
North America (WB),,2020,96.1,,0.763,
North America (WB),,2020,96.1,,0.9056104,
North America (WB),,2020,96.1,,0.764,
North America (WB),,2020,96.1,,0.507,
North America (WB),,2020,96.1,,0.45871836,
North America (WB),,2020,96.1,,0.6364669,
North America (WB),,2020,96.1,,0.631,
North America (WB),,2020,96.1,,0.85540247,
North America (WB),,2020,96.1,,0.84438473,
North America (WB),,2020,96.1,,0.7736417,
North America (WB),,2020,96.1,,0.645,
North America (WB),,2020,96.1,,0.557,
North America (WB),,2020,96.1,,0.7720838,
North America (WB),,2020,96.1,,0.901,
North America (WB),,2021,96.4,,0.56110394,
North America (WB),,2021,96.4,,0.71,
North America (WB),,2021,96.4,,0.71319216,
North America (WB),,2021,96.4,,0.768,
North America (WB),,2021,96.4,,0.88542944,
North America (WB),,2021,96.4,,0.803,
North America (WB),,2021,96.4,,0.914425,
North America (WB),,2021,96.4,,0.766,
North America (WB),,2021,96.4,,0.90697354,
North America (WB),,2021,96.4,,0.762,
North America (WB),,2021,96.4,,0.507,
North America (WB),,2021,96.4,,0.4588084,
North America (WB),,2021,96.4,,0.63409626,
North America (WB),,2021,96.4,,0.629,
North America (WB),,2021,96.4,,0.8522403,
North America (WB),,2021,96.4,,0.84548646,
North America (WB),,2021,96.4,,0.77192116,
North America (WB),,2021,96.4,,0.641,
North America (WB),,2021,96.4,,0.558,
North America (WB),,2021,96.4,,0.77544844,
North America (WB),,2021,96.4,,0.903,
North America (WB),,2022,96.8,,0.5714846,
North America (WB),,2022,96.8,,0.716,
North America (WB),,2022,96.8,,0.7262154,
North America (WB),,2022,96.8,,0.773,
North America (WB),,2022,96.8,,0.89101297,
North America (WB),,2022,96.8,,0.815,
North America (WB),,2022,96.8,,0.91688347,
North America (WB),,2022,96.8,,0.774,
North America (WB),,2022,96.8,,0.91196257,
North America (WB),,2022,96.8,,0.778,
North America (WB),,2022,96.8,,0.512,
North America (WB),,2022,96.8,,0.47149748,
North America (WB),,2022,96.8,,0.6529091,
North America (WB),,2022,96.8,,0.649,
North America (WB),,2022,96.8,,0.86384416,
North America (WB),,2022,96.8,,0.84466344,
North America (WB),,2022,96.8,,0.7865941,
North America (WB),,2022,96.8,,0.665,
North America (WB),,2022,96.8,,0.565,
North America (WB),,2022,96.8,,0.7832832,
North America (WB),,2022,96.8,,0.908,
North America (WB),,2023,97.3,,0.5760591,
North America (WB),,2023,97.3,,0.719,
North America (WB),,2023,97.3,,0.73009235,
North America (WB),,2023,97.3,,,
North America (WB),,2023,97.3,,,
North America (WB),,2023,97.3,,,
North America (WB),,2023,97.3,,0.775,
North America (WB),,2023,97.3,,0.89665455,
North America (WB),,2023,97.3,,0.818,
North America (WB),,2023,97.3,,0.92227614,
North America (WB),,2023,97.3,,,
North America (WB),,2023,97.3,,,
North America (WB),,2023,97.3,,,
North America (WB),,2023,97.3,,,
North America (WB),,2023,97.3,,0.777,
North America (WB),,2023,97.3,,0.9179597,
North America (WB),,2023,97.3,,,
North America (WB),,2023,97.3,,,
North America (WB),,2023,97.3,,,
North America (WB),,2023,97.3,,,
North America (WB),,2023,97.3,,,
North America (WB),,2023,97.3,,0.783,
North America (WB),,2023,97.3,,0.515,
North America (WB),,2023,97.3,,0.47806427,
North America (WB),,2023,97.3,,0.6585855,
North America (WB),,2023,97.3,,0.656,
North America (WB),,2023,97.3,,0.8702258,
North America (WB),,2023,97.3,,0.84926206,
North America (WB),,2023,97.3,,,
North America (WB),,2023,97.3,,,
North America (WB),,2023,97.3,,0.79245985,
North America (WB),,2023,97.3,,0.672,
North America (WB),,2023,97.3,,0.568,
North America (WB),,2023,97.3,,,
North America (WB),,2023,97.3,,0.78573513,
North America (WB),,2023,97.3,,0.914,
North Korea,PRK,1990,0.0,,,Asia
North Korea,PRK,1991,0.0,,,Asia
North Korea,PRK,1992,0.0,,,Asia
North Korea,PRK,1993,0.0,,,Asia
North Korea,PRK,1994,0.0,,,Asia
North Korea,PRK,1995,0.0,,,Asia
North Korea,PRK,1997,0.0,,,Asia
North Korea,PRK,1998,0.0,,,Asia
North Korea,PRK,1999,0.0,,,Asia
North Korea,PRK,2000,0.0,,,Asia
North Korea,PRK,2001,0.0,,,Asia
North Korea,PRK,2002,0.0,,,Asia
North Korea,PRK,2003,0.0,,,Asia
North Korea,PRK,2004,0.0,,,Asia
North Korea,PRK,2005,0.0,,,Asia
North Korea,PRK,2006,0.0,,,Asia
North Korea,PRK,2007,0.0,,,Asia
North Korea,PRK,2008,0.0,,,Asia
North Korea,PRK,2009,0.0,,,Asia
North Korea,PRK,2010,0.0,,,Asia
North Korea,PRK,2011,0.0,,,Asia
North Korea,PRK,2012,0.0,,,Asia
North Korea,PRK,2013,0.0,,,Asia
North Macedonia,MKD,1990,0.0,,0.644,Europe
North Macedonia,MKD,1991,0.0,,0.647,Europe
North Macedonia,MKD,1992,0.0,,0.642,Europe
North Macedonia,MKD,1993,0.0,,0.647,Europe
North Macedonia,MKD,1994,0.0,,0.648,Europe
North Macedonia,MKD,1995,0.04074384,,0.653,Europe
North Macedonia,MKD,1996,0.075995736,,0.657,Europe
North Macedonia,MKD,1997,0.503985,,0.661,Europe
North Macedonia,MKD,1998,1.0028616,,0.666,Europe
North Macedonia,MKD,1999,1.4973303,,0.675,Europe
North Macedonia,MKD,2000,2.48557,,0.686,Europe
North Macedonia,MKD,2001,3.46818,,0.691,Europe
North Macedonia,MKD,2002,17.33,,0.694,Europe
North Macedonia,MKD,2003,19.07,,0.7,Europe
North Macedonia,MKD,2004,24.44,,0.708,Europe
North Macedonia,MKD,2005,26.45,16.79049,0.717,Europe
North Macedonia,MKD,2006,28.62,16.676697,0.726,Europe
North Macedonia,MKD,2007,36.3,17.376652,0.732,Europe
North Macedonia,MKD,2008,46.04,17.886063,0.753,Europe
North Macedonia,MKD,2009,51.77,18.31619,0.757,Europe
North Macedonia,MKD,2010,51.9,18.952724,0.765,Europe
North Macedonia,MKD,2011,56.7,19.309101,0.771,Europe
North Macedonia,MKD,2012,57.4499,19.837013,0.775,Europe
North Macedonia,MKD,2013,65.24,18.368652,0.782,Europe
North Macedonia,MKD,2014,68.0585,19.063683,0.788,Europe
North Macedonia,MKD,2015,70.3802,19.550163,0.795,Europe
North Macedonia,MKD,2016,72.1568,20.43577,0.8,Europe
North Macedonia,MKD,2017,74.5168,19.862648,0.807,Europe
North Macedonia,MKD,2018,79.1678,21.11118,0.814,Europe
North Macedonia,MKD,2019,81.4129,22.610058,0.805,Europe
North Macedonia,MKD,2020,81.4055,25.94999,0.783,Europe
North Macedonia,MKD,2021,83.0182,25.016329,0.781,Europe
North Macedonia,MKD,2022,84.2304,27.380909,0.811,Europe
Northern Mariana Islands,MNP,1990,0.0,,,Oceania
Northern Mariana Islands,MNP,1991,0.0,,,Oceania
Northern Mariana Islands,MNP,1992,0.0,,,Oceania
Northern Mariana Islands,MNP,1993,0.0,,,Oceania
Northern Mariana Islands,MNP,1994,0.0,,,Oceania
Northern Mariana Islands,MNP,1995,0.0,,,Oceania
Norway,NOR,1990,0.7072995,51.986206,0.856,Europe
Norway,NOR,1991,1.4073951,52.794037,0.863,Europe
Norway,NOR,1992,2.2163658,54.314007,0.868,Europe
Norway,NOR,1993,2.7839909,54.59707,0.875,Europe
Norway,NOR,1994,4.15245,55.982834,0.89,Europe
Norway,NOR,1995,6.4232206,59.57564,0.887,Europe
Norway,NOR,1996,18.25031,65.87828,0.894,Europe
Norway,NOR,1997,20.417881,67.88356,0.9,Europe
Norway,NOR,1998,22.560112,62.92339,0.908,Europe
Norway,NOR,1999,40.0,69.646164,0.913,Europe
Norway,NOR,2000,52.0,86.45562,0.924,Europe
Norway,NOR,2001,64.0,89.87476,0.923,Europe
Norway,NOR,2002,72.84,87.4635,0.923,Europe
Norway,NOR,2003,78.13,96.69387,0.93,Europe
Norway,NOR,2004,77.69,101.531715,0.937,Europe
Norway,NOR,2005,81.99,121.69694,0.939,Europe
Norway,NOR,2006,82.55,127.66553,0.942,Europe
Norway,NOR,2007,86.93,124.69369,0.943,Europe
Norway,NOR,2008,90.57,136.97458,0.943,Europe
Norway,NOR,2009,92.08,117.941505,0.944,Europe
Norway,NOR,2010,93.39,127.650276,0.947,Europe
Norway,NOR,2011,93.49,138.58154,0.949,Europe
Norway,NOR,2012,94.65,144.20383,0.95,Europe
Norway,NOR,2013,95.0534,140.1491,0.953,Europe
Norway,NOR,2014,96.3005,130.8378,0.956,Europe
Norway,NOR,2015,96.8103,109.79524,0.959,Europe
Norway,NOR,2016,97.2982,105.36408,0.962,Europe
Norway,NOR,2017,96.3576,109.77859,0.965,Europe
Norway,NOR,2018,96.4917,118.73758,0.966,Europe
Norway,NOR,2019,98.0,119.48063,0.967,Europe
Norway,NOR,2020,94.6076,121.38384,0.969,Europe
Norway,NOR,2021,99.0,131.25018,0.969,Europe
Norway,NOR,2022,99.0,136.87608,0.967,Europe
Norway,NOR,2023,99.0,130.13191,0.97,Europe
Oman,OMN,1990,0.0,,,Asia
Oman,OMN,1991,0.0,,,Asia
Oman,OMN,1992,0.0,,,Asia
Oman,OMN,1993,0.0,,,Asia
Oman,OMN,1994,0.0,,,Asia
Oman,OMN,1995,0.0,,,Asia
Oman,OMN,1996,0.0,,,Asia
Oman,OMN,1997,0.4397928,,,Asia
Oman,OMN,1998,0.8627253,,,Asia
Oman,OMN,1999,2.515666,,,Asia
Oman,OMN,2000,3.52042,,0.707,Asia
Oman,OMN,2001,5.89384,,0.719,Asia
Oman,OMN,2002,6.8734,,0.729,Asia
Oman,OMN,2003,7.25574,,0.739,Asia
Oman,OMN,2004,6.75885,,0.743,Asia
Oman,OMN,2005,6.68358,56.479668,0.756,Asia
Oman,OMN,2006,8.29972,68.78765,0.766,Asia
Oman,OMN,2007,16.68,76.12845,0.774,Asia
Oman,OMN,2008,20.0,90.05447,0.782,Asia
Oman,OMN,2009,26.8,80.665245,0.799,Asia
Oman,OMN,2010,35.8278,75.8081,0.804,Asia
Oman,OMN,2011,48.0,65.66861,0.822,Asia
Oman,OMN,2012,60.0,50.056473,0.824,Asia
Oman,OMN,2013,66.45,43.666145,0.827,Asia
Oman,OMN,2014,70.22,38.273422,0.831,Asia
Oman,OMN,2015,73.53,30.182404,0.838,Asia
Oman,OMN,2016,76.8454,26.717115,0.845,Asia
Oman,OMN,2017,80.1856,25.003212,0.848,Asia
Oman,OMN,2018,85.5,26.005796,0.854,Asia
Oman,OMN,2019,90.2594,27.405403,0.857,Asia
Oman,OMN,2020,95.2323,30.271996,0.843,Asia
Oman,OMN,2021,95.7747,33.93138,0.834,Asia
Oman,OMN,2022,97.849,33.114567,0.846,Asia
Oman,OMN,2023,95.2517,29.440893,0.858,Asia
Pakistan,PAK,1990,0.0,4.729538,0.396,Asia
Pakistan,PAK,1991,0.0,4.6001344,0.4,Asia
Pakistan,PAK,1992,0.0,4.7460585,0.405,Asia
Pakistan,PAK,1993,0.0,4.803931,0.408,Asia
Pakistan,PAK,1994,0.0,4.7354875,0.412,Asia
Pakistan,PAK,1995,0.000122702,4.9104323,0.415,Asia
Pakistan,PAK,1996,0.00299173,5.2797046,0.42,Asia
Pakistan,PAK,1997,0.027549239,5.3640966,0.422,Asia
Pakistan,PAK,1998,0.04394772,5.7439175,0.426,Asia
Pakistan,PAK,1999,0.055357236,5.9605937,0.431,Asia
Pakistan,PAK,2001,1.31855,6.0656414,0.443,Asia
Pakistan,PAK,2002,2.57743,5.9942136,0.45,Asia
Pakistan,PAK,2003,5.04116,6.087484,0.458,Asia
Pakistan,PAK,2004,6.16432,6.425473,0.472,Asia
Pakistan,PAK,2005,6.33233,6.626931,0.48,Asia
Pakistan,PAK,2006,6.5,6.8191605,0.489,Asia
Pakistan,PAK,2007,6.8,7.07452,0.495,Asia
Pakistan,PAK,2008,7.0,7.250088,0.496,Asia
Pakistan,PAK,2009,7.5,7.320781,0.497,Asia
Pakistan,PAK,2010,8.0,7.1895204,0.5,Asia
Pakistan,PAK,2011,8.0,7.55998,0.504,Asia
Pakistan,PAK,2012,8.1,7.9375367,0.508,Asia
Pakistan,PAK,2013,9.0,7.8781085,0.512,Asia
Pakistan,PAK,2014,10.0,7.8384743,0.522,Asia
Pakistan,PAK,2015,11.0,8.195202,0.527,Asia
Pakistan,PAK,2016,12.3854,8.203588,0.535,Asia
Pakistan,PAK,2017,13.78,8.348655,0.537,Asia
Pakistan,PAK,2018,15.34,8.396404,0.538,Asia
Pakistan,PAK,2019,17.0709,8.802918,0.54,Asia
Pakistan,PAK,2020,18.9348,8.681546,0.536,Asia
Pakistan,PAK,2021,24.9775,8.53623,0.537,Asia
Pakistan,PAK,2022,32.9486,8.577588,0.544,Asia
Palau,PLW,1990,0.0,,,Oceania
Palau,PLW,1991,0.0,,,Oceania
Palau,PLW,1992,0.0,,,Oceania
Palau,PLW,1993,0.0,,,Oceania
Palau,PLW,1994,0.0,,,Oceania
Palau,PLW,1995,0.0,,,Oceania
Palau,PLW,2002,20.2439,,0.746,Oceania
Palau,PLW,2003,21.6015,,0.749,Oceania
Palau,PLW,2004,26.9703,,0.755,Oceania
Palestine,PSE,1990,0.0,,,Asia
Palestine,PSE,1991,0.0,,,Asia
Palestine,PSE,1992,0.0,,,Asia
Palestine,PSE,1993,0.0,,,Asia
Palestine,PSE,1994,0.0,,,Asia
Palestine,PSE,1995,0.0,,,Asia
Palestine,PSE,2000,1.11131,,,Asia
Palestine,PSE,2001,1.83685,,,Asia
Palestine,PSE,2002,3.10009,,,Asia
Palestine,PSE,2003,4.13062,,,Asia
Palestine,PSE,2004,4.4009,,0.654,Asia
Palestine,PSE,2005,16.005,,0.663,Asia
Palestine,PSE,2006,18.41,,0.664,Asia
Palestine,PSE,2007,21.176,,0.674,Asia
Palestine,PSE,2008,24.358,,0.679,Asia
Palestine,PSE,2009,32.23,,0.685,Asia
Palestine,PSE,2010,37.4,,0.691,Asia
Palestine,PSE,2011,41.08,,0.698,Asia
Palestine,PSE,2012,43.4,,0.704,Asia
Palestine,PSE,2013,46.6,,0.706,Asia
Palestine,PSE,2014,53.6652,,0.7,Asia
Palestine,PSE,2015,56.7,,0.712,Asia
Palestine,PSE,2016,59.9,,0.717,Asia
Palestine,PSE,2017,63.3,,0.721,Asia
Palestine,PSE,2018,64.4,,0.725,Asia
Palestine,PSE,2019,70.6226,,0.729,Asia
Palestine,PSE,2020,76.01,,0.718,Asia
Palestine,PSE,2021,81.83,,0.718,Asia
Palestine,PSE,2022,88.6469,,0.733,Asia
Palestine,PSE,2023,86.6377,,0.674,Asia
Panama,PAN,1990,0.0,,0.672,Americas
Panama,PAN,1991,0.0,,0.674,Americas
Panama,PAN,1992,0.0,,0.68,Americas
Panama,PAN,1993,0.0,,0.686,Americas
Panama,PAN,1994,0.007636899,,0.688,Americas
Panama,PAN,1995,0.056123044,,0.69,Americas
Panama,PAN,1996,0.21999852,,0.694,Americas
Panama,PAN,1997,0.53906554,,0.701,Americas
Panama,PAN,1998,2.750648,,0.707,Americas
Panama,PAN,1999,3.8368645,,0.712,Americas
Panama,PAN,2000,6.5548,,0.718,Americas
Panama,PAN,2001,7.2684,,0.723,Americas
Panama,PAN,2002,8.51808,,0.73,Americas
Panama,PAN,2003,9.98742,,0.735,Americas
Panama,PAN,2004,11.1409,,0.741,Americas
Panama,PAN,2005,11.484,,0.746,Americas
Panama,PAN,2006,17.3496,,0.753,Americas
Panama,PAN,2007,22.29,,0.763,Americas
Panama,PAN,2008,33.82,,0.767,Americas
Panama,PAN,2009,39.08,,0.77,Americas
Panama,PAN,2010,40.1,,0.775,Americas
Panama,PAN,2011,42.7,,0.781,Americas
Panama,PAN,2012,40.3019,,0.798,Americas
Panama,PAN,2013,44.03,,0.799,Americas
Panama,PAN,2014,44.9238,,0.798,Americas
Panama,PAN,2015,51.2054,,0.803,Americas
Panama,PAN,2016,54.0,,0.81,Americas
Panama,PAN,2017,59.9506,,0.815,Americas
Panama,PAN,2018,61.8055,,0.82,Americas
Panama,PAN,2019,63.6284,,0.824,Americas
Panama,PAN,2020,72.61,,0.808,Americas
Panama,PAN,2021,73.0556,,0.819,Americas
Panama,PAN,2022,73.6085,,0.835,Americas
Papua New Guinea,PNG,1990,0.0,,0.403,Oceania
Papua New Guinea,PNG,1991,0.0,,0.411,Oceania
Papua New Guinea,PNG,1992,0.0,,0.421,Oceania
Papua New Guinea,PNG,1993,0.0,,0.432,Oceania
Papua New Guinea,PNG,1994,0.0,,0.439,Oceania
Papua New Guinea,PNG,1995,0.0,,0.442,Oceania
Papua New Guinea,PNG,1996,0.002067023,,0.448,Oceania
Papua New Guinea,PNG,1997,0.10058832,,0.449,Oceania
Papua New Guinea,PNG,1998,0.23495854,,0.446,Oceania
Papua New Guinea,PNG,1999,0.6671133,,0.454,Oceania
Papua New Guinea,PNG,2000,0.835249,,0.456,Oceania
Papua New Guinea,PNG,2001,0.904104,,0.458,Oceania
Papua New Guinea,PNG,2002,1.32166,,0.461,Oceania
Papua New Guinea,PNG,2003,1.3744,,0.464,Oceania
Papua New Guinea,PNG,2004,1.50791,,0.468,Oceania
Papua New Guinea,PNG,2005,1.71619,,0.473,Oceania
Papua New Guinea,PNG,2006,1.75449,,0.479,Oceania
Papua New Guinea,PNG,2007,1.79056,,0.485,Oceania
Papua New Guinea,PNG,2008,1.15,,0.489,Oceania
Papua New Guinea,PNG,2009,1.61,,0.495,Oceania
Papua New Guinea,PNG,2010,1.28,,0.503,Oceania
Papua New Guinea,PNG,2011,2.0,,0.508,Oceania
Papua New Guinea,PNG,2012,3.5,,0.514,Oceania
Papua New Guinea,PNG,2013,5.1,,0.522,Oceania
Papua New Guinea,PNG,2014,6.5,,0.534,Oceania
Papua New Guinea,PNG,2015,7.9,,0.543,Oceania
Papua New Guinea,PNG,2016,9.60154,,0.55,Oceania
Papua New Guinea,PNG,2017,11.2092,,0.555,Oceania
Papua New Guinea,PNG,2019,19.9783,,0.566,Oceania
Papua New Guinea,PNG,2020,24.3969,,0.567,Oceania
Papua New Guinea,PNG,2021,25.7426,,0.567,Oceania
Papua New Guinea,PNG,2022,26.991,,0.572,Oceania
Paraguay,PRY,1990,0.0,,0.607,Americas
Paraguay,PRY,1991,0.0,,0.613,Americas
Paraguay,PRY,1992,0.0,,0.619,Americas
Paraguay,PRY,1993,0.0,,0.626,Americas
Paraguay,PRY,1994,0.0,,0.631,Americas
Paraguay,PRY,1995,0.0,,0.637,Americas
Paraguay,PRY,1996,0.020359611,,0.646,Americas
Paraguay,PRY,1997,0.09957672,,0.653,Americas
Paraguay,PRY,1998,0.19490495,,0.659,Americas
Paraguay,PRY,1999,0.38165733,,0.664,Americas
Paraguay,PRY,2000,0.747631,,0.664,Americas
Paraguay,PRY,2001,1.09879,,0.671,Americas
Paraguay,PRY,2002,1.79497,,0.679,Americas
Paraguay,PRY,2003,2.11194,,0.673,Americas
Paraguay,PRY,2004,3.45244,,0.681,Americas
Paraguay,PRY,2005,7.90701,9.919018,0.683,Americas
Paraguay,PRY,2006,7.96207,10.796713,0.684,Americas
Paraguay,PRY,2007,11.21,11.244276,0.69,Americas
Paraguay,PRY,2008,14.27,11.758552,0.7,Americas
Paraguay,PRY,2009,18.9,13.0025,0.7,Americas
Paraguay,PRY,2010,19.8,14.578952,0.709,Americas
Paraguay,PRY,2011,24.7635,15.213669,0.715,Americas
Paraguay,PRY,2012,29.34,15.234311,0.719,Americas
Paraguay,PRY,2013,36.9,15.300111,0.73,Americas
Paraguay,PRY,2014,43.0074,16.386135,0.733,Americas
Paraguay,PRY,2015,49.7163,16.187628,0.737,Americas
Paraguay,PRY,2016,53.4041,16.410866,0.737,Americas
Paraguay,PRY,2017,61.0758,16.900024,0.74,Americas
Paraguay,PRY,2018,64.9935,16.705393,0.744,Americas
Paraguay,PRY,2019,68.5176,17.024054,0.747,Americas
Paraguay,PRY,2020,73.9575,19.070501,0.742,Americas
Paraguay,PRY,2021,77.0184,16.99723,0.723,Americas
Paraguay,PRY,2022,76.2592,16.448185,0.747,Americas
Paraguay,PRY,2023,78.0948,16.35828,0.756,Americas
Peru,PER,1990,0.0,5.5457606,0.625,Americas
Peru,PER,1991,0.0,5.431057,0.628,Americas
Peru,PER,1992,0.0,5.541614,0.629,Americas
Peru,PER,1993,0.0,5.7614093,0.633,Americas
Peru,PER,1994,0.008504578,6.383556,0.644,Americas
Peru,PER,1995,0.033412304,6.7881823,0.654,Americas
Peru,PER,1996,0.24623258,6.9065223,0.658,Americas
Peru,PER,1997,0.4034297,7.1952643,0.663,Americas
Peru,PER,1998,1.1903805,6.7721376,0.671,Americas
Peru,PER,1999,1.9524976,6.5770783,0.68,Americas
Peru,PER,2000,3.07643,6.477955,0.682,Americas
Peru,PER,2001,7.57876,6.425067,0.69,Americas
Peru,PER,2002,8.96695,6.6918936,0.69,Americas
Peru,PER,2003,11.6,6.9786434,0.689,Americas
Peru,PER,2004,14.1,7.3535624,0.694,Americas
Peru,PER,2005,17.1,7.94498,0.691,Americas
Peru,PER,2006,20.7,8.700643,0.697,Americas
Peru,PER,2007,25.2,9.315853,0.708,Americas
Peru,PER,2008,30.57,9.95934,0.714,Americas
Peru,PER,2009,31.4,9.759119,0.717,Americas
Peru,PER,2010,34.77,10.7863865,0.731,Americas
Peru,PER,2011,36.01,11.569771,0.738,Americas
Peru,PER,2012,38.2,11.925358,0.748,Americas
Peru,PER,2013,39.2,11.891927,0.757,Americas
Peru,PER,2014,40.2447,11.834383,0.763,Americas
Peru,PER,2015,40.8526,11.635753,0.768,Americas
Peru,PER,2016,45.4617,11.770601,0.775,Americas
Peru,PER,2017,50.4504,11.9194565,0.775,Americas
Peru,PER,2018,55.0543,12.165311,0.78,Americas
Peru,PER,2019,59.9505,12.456921,0.784,Americas
Peru,PER,2020,65.2518,11.273293,0.769,Americas
Peru,PER,2021,71.1078,12.361538,0.764,Americas
Peru,PER,2022,74.675,11.995515,0.79,Americas
Philippines,PHL,1990,0.0,5.827373,0.593,Asia
Philippines,PHL,1991,0.0,5.8107886,0.594,Asia
Philippines,PHL,1992,0.0,5.939127,0.599,Asia
Philippines,PHL,1993,0.0,6.2504115,0.602,Asia
Philippines,PHL,1994,0.005844253,6.6637344,0.606,Asia
Philippines,PHL,1995,0.028585702,7.2331944,0.609,Asia
Philippines,PHL,1996,0.05594603,7.7641563,0.619,Asia
Philippines,PHL,1997,0.13691296,7.360956,0.623,Asia
Philippines,PHL,1998,1.103406,7.089624,0.624,Asia
Philippines,PHL,1999,1.4316088,6.6575313,0.628,Asia
Philippines,PHL,2000,1.98225,6.570319,0.632,Asia
Philippines,PHL,2001,2.52401,6.7721376,0.636,Asia
Philippines,PHL,2002,4.33228,6.5428967,0.643,Asia
Philippines,PHL,2003,4.85767,6.441856,0.648,Asia
Philippines,PHL,2004,5.24363,6.393925,0.655,Asia
Philippines,PHL,2005,5.39764,6.525258,0.656,Asia
Philippines,PHL,2006,5.74059,6.8115206,0.654,Asia
Philippines,PHL,2007,5.97,7.053,0.659,Asia
Philippines,PHL,2008,6.22,7.422679,0.662,Asia
Philippines,PHL,2009,9.0,7.636603,0.662,Asia
Philippines,PHL,2010,25.0,8.172339,0.669,Asia
Philippines,PHL,2011,29.0,8.647334,0.674,Asia
Philippines,PHL,2012,30.8,9.18307,0.681,Asia
Philippines,PHL,2013,32.7,9.266263,0.687,Asia
Philippines,PHL,2014,34.7,9.842418,0.689,Asia
Philippines,PHL,2015,36.9,10.158972,0.69,Asia
Philippines,PHL,2016,39.2,10.002002,0.69,Asia
Philippines,PHL,2017,41.6,10.907367,0.694,Asia
Philippines,PHL,2018,44.1,11.133027,0.7,Asia
Philippines,PHL,2019,43.0266,11.624064,0.708,Asia
Philippines,PHL,2020,53.7649,13.145281,0.699,Asia
Philippines,PHL,2021,63.4019,12.207194,0.69,Asia
Philippines,PHL,2022,75.2111,11.479259,0.714,Asia
Poland,POL,1990,0.0,,0.722,Europe
Poland,POL,1991,0.005229468,,0.72,Europe
Poland,POL,1992,0.052127182,,0.724,Europe
Poland,POL,1993,0.1299617,,0.737,Europe
Poland,POL,1994,0.38909814,,0.747,Europe
Poland,POL,1995,0.64775234,18.57919,0.754,Europe
Poland,POL,1996,1.2952002,19.7247,0.763,Europe
Poland,POL,1997,2.0734656,20.77945,0.775,Europe
Poland,POL,1998,4.102272,21.415249,0.784,Europe
Poland,POL,1999,5.456444,23.209105,0.793,Europe
Poland,POL,2000,7.28543,24.517946,0.801,Europe
Poland,POL,2001,9.90067,25.234879,0.809,Europe
Poland,POL,2002,21.15,26.684952,0.816,Europe
Poland,POL,2003,24.87,26.752216,0.822,Europe
Poland,POL,2004,32.53,27.474195,0.82,Europe
Poland,POL,2005,38.81,27.993326,0.826,Europe
Poland,POL,2006,44.58,28.055231,0.831,Europe
Poland,POL,2007,48.6,29.449707,0.836,Europe
Poland,POL,2008,53.13,29.843773,0.841,Europe
Poland,POL,2009,58.97,31.879921,0.846,Europe
Poland,POL,2010,62.32,34.824844,0.852,Europe
Poland,POL,2011,61.95,38.053394,0.858,Europe
Poland,POL,2012,62.31,38.8872,0.863,Europe
Poland,POL,2013,62.8492,38.311916,0.873,Europe
Poland,POL,2014,66.5987,38.137146,0.873,Europe
Poland,POL,2015,67.997,39.3452,0.879,Europe
Poland,POL,2016,73.3007,39.786877,0.884,Europe
Poland,POL,2017,75.9854,41.354214,0.882,Europe
Poland,POL,2018,77.5417,43.29682,0.884,Europe
Poland,POL,2019,80.4359,45.805286,0.887,Europe
Poland,POL,2020,83.1849,44.511456,0.88,Europe
Poland,POL,2021,85.3749,44.86914,0.884,Europe
Poland,POL,2022,86.9411,47.329544,0.902,Europe
Poland,POL,2023,86.4147,46.688633,0.906,Europe
Portugal,PRT,1990,0.0,21.573816,0.707,Europe
Portugal,PRT,1991,0.10023057,22.907345,0.718,Europe
Portugal,PRT,1992,0.2504265,23.56172,0.735,Europe
Portugal,PRT,1993,0.4501616,24.47769,0.751,Europe
Portugal,PRT,1994,0.71890575,25.85271,0.765,Europe
Portugal,PRT,1995,1.4943346,25.793924,0.773,Europe
Portugal,PRT,1996,2.9808776,26.047388,0.781,Europe
Portugal,PRT,1997,4.953002,27.460209,0.789,Europe
Portugal,PRT,1998,9.870446,27.68536,0.795,Europe
Portugal,PRT,1999,14.742338,28.972706,0.793,Europe
Portugal,PRT,2000,16.4305,29.971905,0.797,Europe
Portugal,PRT,2001,18.0871,30.061684,0.801,Europe
Portugal,PRT,2002,19.37,30.289019,0.804,Europe
Portugal,PRT,2003,29.67,30.17032,0.808,Europe
Portugal,PRT,2004,31.78,29.922253,0.809,Europe
Portugal,PRT,2005,34.99,33.0727,0.81,Europe
Portugal,PRT,2006,38.01,34.315254,0.815,Europe
Portugal,PRT,2007,42.09,35.542603,0.821,Europe
Portugal,PRT,2008,44.13,35.508617,0.826,Europe
Portugal,PRT,2009,48.27,36.603966,0.831,Europe
Portugal,PRT,2010,53.3,38.308334,0.836,Europe
Portugal,PRT,2011,55.25,39.790176,0.843,Europe
Portugal,PRT,2012,60.34,41.832973,0.844,Europe
Portugal,PRT,2013,62.0956,40.915134,0.849,Europe
Portugal,PRT,2014,64.5924,40.281155,0.854,Europe
Portugal,PRT,2015,68.6329,40.512615,0.857,Europe
Portugal,PRT,2016,70.4236,40.772865,0.859,Europe
Portugal,PRT,2017,73.7912,40.64904,0.864,Europe
Portugal,PRT,2018,74.661,39.569237,0.866,Europe
Portugal,PRT,2019,75.3464,41.922718,0.872,Europe
Portugal,PRT,2020,78.2617,41.910946,0.87,Europe
Portugal,PRT,2021,82.309,41.55837,0.876,Europe
Portugal,PRT,2022,84.4969,42.13265,0.883,Europe
Portugal,PRT,2023,85.7901,42.760372,0.89,Europe
Puerto Rico,PRI,1990,0.0,,,Americas
Puerto Rico,PRI,1991,0.0,,,Americas
Puerto Rico,PRI,1992,0.0,,,Americas
Puerto Rico,PRI,1993,0.0,,,Americas
Puerto Rico,PRI,1994,0.027254662,,,Americas
Puerto Rico,PRI,1995,0.13510278,,,Americas
Puerto Rico,PRI,1996,0.26816043,,,Americas
Puerto Rico,PRI,1997,1.3318222,,,Americas
Puerto Rico,PRI,1998,2.6476467,,,Americas
Puerto Rico,PRI,1999,5.2656827,,,Americas
Puerto Rico,PRI,2000,10.4746,,,Americas
Puerto Rico,PRI,2001,15.63,,,Americas
Puerto Rico,PRI,2002,17.5476,,,Americas
Puerto Rico,PRI,2003,19.707,,,Americas
Puerto Rico,PRI,2004,22.1307,,,Americas
Puerto Rico,PRI,2005,23.4001,,,Americas
Puerto Rico,PRI,2006,25.4424,,,Americas
Puerto Rico,PRI,2007,27.86,,,Americas
Puerto Rico,PRI,2008,38.0,,,Americas
Puerto Rico,PRI,2009,41.5,,,Americas
Puerto Rico,PRI,2010,45.3,,,Americas
Puerto Rico,PRI,2011,48.0,,,Americas
Puerto Rico,PRI,2012,69.0,,,Americas
Puerto Rico,PRI,2013,69.0,,,Americas
Puerto Rico,PRI,2014,76.1339,,,Americas
Puerto Rico,PRI,2015,63.4663,,,Americas
Puerto Rico,PRI,2016,68.6438,,,Americas
Puerto Rico,PRI,2017,68.7408,,,Americas
Puerto Rico,PRI,2018,70.8564,,,Americas
Puerto Rico,PRI,2019,77.7364,,,Americas
Puerto Rico,PRI,2021,84.7867,,,Americas
Puerto Rico,PRI,2022,87.2918,,,Americas
Qatar,QAT,1990,0.0,,0.767,Asia
Qatar,QAT,1991,0.0,,0.768,Asia
Qatar,QAT,1992,0.0,,0.77,Asia
Qatar,QAT,1993,0.0,,0.778,Asia
Qatar,QAT,1994,0.0,,0.784,Asia
Qatar,QAT,1995,0.19020954,,0.788,Asia
Qatar,QAT,1996,0.93018585,,0.791,Asia
Qatar,QAT,1997,3.0837493,,0.794,Asia
Qatar,QAT,1998,3.5200298,,0.796,Asia
Qatar,QAT,1999,4.070729,,0.796,Asia
Qatar,QAT,2000,4.86368,,0.795,Asia
Qatar,QAT,2001,6.17027,,0.795,Asia
Qatar,QAT,2002,10.2261,,0.798,Asia
Qatar,QAT,2003,19.2423,,0.804,Asia
Qatar,QAT,2004,20.7016,,0.807,Asia
Qatar,QAT,2005,24.7335,97.68764,0.815,Asia
Qatar,QAT,2006,28.9741,103.47386,0.822,Asia
Qatar,QAT,2007,37.0,94.00558,0.831,Asia
Qatar,QAT,2008,44.3,101.65281,0.839,Asia
Qatar,QAT,2009,53.1,76.889595,0.838,Asia
Qatar,QAT,2010,69.0,85.5458,0.834,Asia
Qatar,QAT,2011,69.0,116.069824,0.835,Asia
Qatar,QAT,2012,69.3,121.55469,0.846,Asia
Qatar,QAT,2013,85.3,110.197754,0.859,Asia
Qatar,QAT,2014,91.49,98.27652,0.857,Asia
Qatar,QAT,2015,92.8848,63.075237,0.86,Asia
Qatar,QAT,2016,95.1247,59.66038,0.861,Asia
Qatar,QAT,2017,97.3888,64.43656,0.87,Asia
Qatar,QAT,2018,99.6528,66.24572,0.876,Asia
Qatar,QAT,2019,99.6528,68.41585,0.88,Asia
Qatar,QAT,2020,99.6528,61.773815,0.872,Asia
Qatar,QAT,2021,100.0,66.193565,0.866,Asia
Qatar,QAT,2022,100.0,71.18684,0.883,Asia
Romania,ROU,1990,0.0,,0.719,Europe
Romania,ROU,1991,0.0,,0.705,Europe
Romania,ROU,1992,0.0,,0.694,Europe
Romania,ROU,1993,0.003703214,,0.692,Europe
Romania,ROU,1994,0.026300162,,0.695,Europe
Romania,ROU,1995,0.07495276,10.478117,0.701,Europe
Romania,ROU,1996,0.22162265,10.787337,0.707,Europe
Romania,ROU,1997,0.44544467,10.137656,0.709,Europe
Romania,ROU,1998,2.2376494,9.837066,0.715,Europe
Romania,ROU,1999,2.69758,9.86666,0.724,Europe
Romania,ROU,2000,3.61372,10.2608795,0.73,Europe
Romania,ROU,2001,4.53867,11.408575,0.737,Europe
Romania,ROU,2002,6.58,12.960631,0.745,Europe
Romania,ROU,2003,8.9,13.62258,0.749,Europe
Romania,ROU,2004,15.0,15.029786,0.757,Europe
Romania,ROU,2005,21.5,15.999725,0.765,Europe
Romania,ROU,2006,24.66,18.029823,0.781,Europe
Romania,ROU,2007,28.3,20.477814,0.792,Europe
Romania,ROU,2008,32.42,23.610512,0.815,Europe
Romania,ROU,2009,36.6,23.8904,0.826,Europe
Romania,ROU,2010,39.93,25.387455,0.822,Europe
Romania,ROU,2011,40.01,27.768871,0.823,Europe
Romania,ROU,2012,45.88,29.488113,0.817,Europe
Romania,ROU,2013,49.7645,28.198301,0.821,Europe
Romania,ROU,2014,54.0783,29.116337,0.82,Europe
Romania,ROU,2015,55.7632,31.139929,0.823,Europe
Romania,ROU,2016,59.504,32.30664,0.823,Europe
Romania,ROU,2017,63.7473,35.085217,0.828,Europe
Romania,ROU,2018,70.6813,36.148952,0.833,Europe
Romania,ROU,2019,73.6575,39.57182,0.838,Europe
Romania,ROU,2020,78.4553,40.15152,0.832,Europe
Romania,ROU,2021,83.5904,44.092934,0.829,Europe
Romania,ROU,2022,85.5031,45.789017,0.84,Europe
Romania,ROU,2023,89.2034,47.077618,0.845,Europe
Russia,RUS,1990,0.0,,0.762,Europe
Russia,RUS,1991,0.0,,0.758,Europe
Russia,RUS,1992,0.000672532,15.258359,0.744,Europe
Russia,RUS,1993,0.013447238,13.668077,0.725,Europe
Russia,RUS,1994,0.053817492,12.501482,0.712,Europe
Russia,RUS,1995,0.14815104,11.838192,0.713,Europe
Russia,RUS,1996,0.26975292,11.900856,0.723,Europe
Russia,RUS,1997,0.47296375,11.551224,0.734,Europe
Russia,RUS,1998,0.81274444,10.777695,0.738,Europe
Russia,RUS,1999,1.0189846,10.05927,0.74,Europe
Russia,RUS,2000,1.97723,11.23249,0.75,Europe
Russia,RUS,2001,2.94437,11.389455,0.758,Europe
Russia,RUS,2002,4.12827,11.600646,0.764,Europe
Russia,RUS,2003,8.29886,12.562987,0.772,Europe
Russia,RUS,2004,12.8594,14.071082,0.777,Europe
Russia,RUS,2005,15.2267,16.024183,0.78,Europe
Russia,RUS,2006,18.0233,18.640549,0.791,Europe
Russia,RUS,2007,24.66,21.653109,0.802,Europe
Russia,RUS,2008,32.0,24.785234,0.807,Europe
Russia,RUS,2009,42.55,22.719524,0.805,Europe
Russia,RUS,2010,49.0,25.58387,0.808,Europe
Russia,RUS,2011,58.0,29.226336,0.822,Europe
Russia,RUS,2012,66.0,31.432371,0.825,Europe
Russia,RUS,2013,67.97,31.004631,0.83,Europe
Russia,RUS,2014,70.5176,29.775703,0.831,Europe
Russia,RUS,2015,70.0992,27.152182,0.833,Europe
Russia,RUS,2016,73.0914,27.161674,0.835,Europe
Russia,RUS,2017,76.0081,28.94128,0.838,Europe
Russia,RUS,2018,80.8647,30.653677,0.845,Europe
Russia,RUS,2019,82.6422,33.838017,0.847,Europe
Russia,RUS,2020,84.9947,36.171013,0.818,Europe
Russia,RUS,2021,88.2138,37.248257,0.813,Europe
Russia,RUS,2022,90.418,35.77736,0.826,Europe
Russia,RUS,2023,92.245,36.641933,0.832,Europe
Rwanda,RWA,1990,0.0,,,Africa
Rwanda,RWA,1991,0.0,,,Africa
Rwanda,RWA,1992,0.0,,,Africa
Rwanda,RWA,1993,0.0,,,Africa
Rwanda,RWA,1994,0.0,,,Africa
Rwanda,RWA,1995,0.0,,0.294,Africa
Rwanda,RWA,1996,0.000883372,,0.297,Africa
Rwanda,RWA,1997,0.001625791,,0.295,Africa
Rwanda,RWA,1998,0.011763573,,0.304,Africa
Rwanda,RWA,1999,0.06717648,,0.317,Africa
Rwanda,RWA,2000,0.0628315,,0.34,Africa
Rwanda,RWA,2001,0.240672,,0.37,Africa
Rwanda,RWA,2002,0.292785,,0.385,Africa
Rwanda,RWA,2003,0.356918,,0.398,Africa
Rwanda,RWA,2004,0.430854,,0.417,Africa
Rwanda,RWA,2005,0.556041,2.3528142,0.433,Africa
Rwanda,RWA,2007,2.11539,2.5766869,0.467,Africa
Rwanda,RWA,2008,4.5,2.6031008,0.479,Africa
Rwanda,RWA,2009,7.7,2.744022,0.493,Africa
Rwanda,RWA,2010,8.0,2.9361386,0.504,Africa
Rwanda,RWA,2011,7.0,3.1354825,0.512,Africa
Rwanda,RWA,2012,8.02385,3.1595073,0.521,Africa
Rwanda,RWA,2013,9.0,3.1857705,0.499,Africa
Rwanda,RWA,2014,10.6,3.4278483,0.525,Africa
Rwanda,RWA,2015,12.5,3.5079942,0.525,Africa
Rwanda,RWA,2016,14.6,3.4496872,0.534,Africa
Rwanda,RWA,2017,17.2,3.3681471,0.539,Africa
Rwanda,RWA,2018,19.2,3.442397,0.54,Africa
Rwanda,RWA,2019,21.358,3.8597088,0.55,Africa
Rwanda,RWA,2020,23.8,3.5953147,0.555,Africa
Rwanda,RWA,2021,29.432,4.780275,0.562,Africa
Rwanda,RWA,2022,34.4405,4.646293,0.57,Africa
Saint Kitts and Nevis,KNA,1990,0.0,,,Americas
Saint Kitts and Nevis,KNA,1991,0.0,,,Americas
Saint Kitts and Nevis,KNA,1992,0.0,,,Americas
Saint Kitts and Nevis,KNA,1993,0.0,,,Americas
Saint Kitts and Nevis,KNA,1994,0.0,,,Americas
Saint Kitts and Nevis,KNA,1995,0.0,,,Americas
Saint Kitts and Nevis,KNA,1996,1.9455699,,,Americas
Saint Kitts and Nevis,KNA,1997,2.25856,,,Americas
Saint Kitts and Nevis,KNA,1998,3.3438106,,,Americas
Saint Kitts and Nevis,KNA,1999,4.40044,,,Americas
Saint Kitts and Nevis,KNA,2000,5.86281,,,Americas
Saint Kitts and Nevis,KNA,2001,7.71473,,,Americas
Saint Kitts and Nevis,KNA,2002,21.1524,,,Americas
Saint Kitts and Nevis,KNA,2003,22.9698,,,Americas
Saint Kitts and Nevis,KNA,2004,24.7377,,,Americas
Saint Kitts and Nevis,KNA,2005,34.0,,0.758,Americas
Saint Kitts and Nevis,KNA,2006,38.5,,0.765,Americas
Saint Kitts and Nevis,KNA,2007,43.5,,0.769,Americas
Saint Kitts and Nevis,KNA,2008,49.2,,0.776,Americas
Saint Kitts and Nevis,KNA,2009,55.7,,0.783,Americas
Saint Kitts and Nevis,KNA,2010,63.0,,0.791,Americas
Saint Kitts and Nevis,KNA,2011,63.2,,0.8,Americas
Saint Kitts and Nevis,KNA,2012,64.0,,0.808,Americas
Saint Kitts and Nevis,KNA,2013,64.6,,0.818,Americas
Saint Kitts and Nevis,KNA,2014,65.4,,0.829,Americas
Saint Kitts and Nevis,KNA,2015,66.2,,0.83,Americas
Saint Kitts and Nevis,KNA,2016,67.0,,0.832,Americas
Saint Kitts and Nevis,KNA,2017,67.8,,0.834,Americas
Saint Kitts and Nevis,KNA,2018,68.6,,0.835,Americas
Saint Kitts and Nevis,KNA,2019,69.4,,0.839,Americas
Saint Kitts and Nevis,KNA,2020,70.2753,,0.828,Americas
Saint Kitts and Nevis,KNA,2021,69.1294,,0.818,Americas
Saint Kitts and Nevis,KNA,2022,76.4575,,0.829,Americas
Saint Lucia,LCA,1990,0.0,,0.683,Americas
Saint Lucia,LCA,1991,0.0,,0.685,Americas
Saint Lucia,LCA,1992,0.0,,0.692,Americas
Saint Lucia,LCA,1993,0.0,,0.694,Americas
Saint Lucia,LCA,1994,0.0,,0.696,Americas
Saint Lucia,LCA,1995,0.30565667,,0.698,Americas
Saint Lucia,LCA,1996,0.67046595,,0.701,Americas
Saint Lucia,LCA,1997,0.9921685,,0.701,Americas
Saint Lucia,LCA,1998,1.304989,,0.705,Americas
Saint Lucia,LCA,1999,1.9321058,,0.708,Americas
Saint Lucia,LCA,2000,5.09048,,0.71,Americas
Saint Lucia,LCA,2001,8.18186,,0.712,Americas
Saint Lucia,LCA,2002,14.6418,,0.716,Americas
Saint Lucia,LCA,2003,20.9825,,0.721,Americas
Saint Lucia,LCA,2004,21.3952,,0.726,Americas
Saint Lucia,LCA,2005,21.5676,,0.73,Americas
Saint Lucia,LCA,2006,24.5,,0.741,Americas
Saint Lucia,LCA,2007,27.9,,0.74,Americas
Saint Lucia,LCA,2008,30.0,,0.749,Americas
Saint Lucia,LCA,2009,31.0,,0.751,Americas
Saint Lucia,LCA,2010,32.5,,0.749,Americas
Saint Lucia,LCA,2011,34.0,,0.755,Americas
Saint Lucia,LCA,2012,45.865,,0.748,Americas
Saint Lucia,LCA,2013,49.4,,0.741,Americas
Saint Lucia,LCA,2014,53.2,,0.746,Americas
Saint Lucia,LCA,2015,57.3,,0.757,Americas
Saint Lucia,LCA,2016,61.7,,0.76,Americas
Saint Lucia,LCA,2017,66.4,,0.757,Americas
Saint Lucia,LCA,2018,69.4,,0.759,Americas
Saint Lucia,LCA,2019,72.5,,0.745,Americas
Saint Lucia,LCA,2020,75.8162,,0.734,Americas
Saint Lucia,LCA,2021,75.122,,0.724,Americas
Saint Lucia,LCA,2022,74.1859,,0.747,Americas
Saint Vincent and the Grenadines,VCT,1990,0.0,,,Americas
Saint Vincent and the Grenadines,VCT,1991,0.0,,,Americas
Saint Vincent and the Grenadines,VCT,1992,0.0,,,Americas
Saint Vincent and the Grenadines,VCT,1993,0.0,,,Americas
Saint Vincent and the Grenadines,VCT,1994,0.0,,,Americas
Saint Vincent and the Grenadines,VCT,1995,0.12863462,,,Americas
Saint Vincent and the Grenadines,VCT,1996,0.48324832,,,Americas
Saint Vincent and the Grenadines,VCT,1997,0.92637193,,,Americas
Saint Vincent and the Grenadines,VCT,1998,1.8539977,,,Americas
Saint Vincent and the Grenadines,VCT,1999,2.7820022,,,Americas
Saint Vincent and the Grenadines,VCT,2000,3.24504,,0.7,Americas
Saint Vincent and the Grenadines,VCT,2001,5.09481,,0.704,Americas
Saint Vincent and the Grenadines,VCT,2002,5.54959,,0.71,Americas
Saint Vincent and the Grenadines,VCT,2003,6.46227,,0.715,Americas
Saint Vincent and the Grenadines,VCT,2004,7.37117,,0.719,Americas
Saint Vincent and the Grenadines,VCT,2005,9.19828,,0.724,Americas
Saint Vincent and the Grenadines,VCT,2006,12.0,,0.731,Americas
Saint Vincent and the Grenadines,VCT,2007,16.0,,0.737,Americas
Saint Vincent and the Grenadines,VCT,2008,21.0,,0.741,Americas
Saint Vincent and the Grenadines,VCT,2009,31.0,,0.745,Americas
Saint Vincent and the Grenadines,VCT,2010,33.7,,0.746,Americas
Saint Vincent and the Grenadines,VCT,2011,36.7,,0.749,Americas
Saint Vincent and the Grenadines,VCT,2012,40.0,,0.753,Americas
Saint Vincent and the Grenadines,VCT,2013,43.5,,0.755,Americas
Saint Vincent and the Grenadines,VCT,2014,47.4,,0.759,Americas
Saint Vincent and the Grenadines,VCT,2015,49.4,,0.765,Americas
Saint Vincent and the Grenadines,VCT,2016,51.5,,0.771,Americas
Saint Vincent and the Grenadines,VCT,2017,53.7,,0.778,Americas
Saint Vincent and the Grenadines,VCT,2018,56.0,,0.783,Americas
Saint Vincent and the Grenadines,VCT,2019,73.9683,,0.787,Americas
Saint Vincent and the Grenadines,VCT,2020,77.4269,,0.781,Americas
Saint Vincent and the Grenadines,VCT,2021,78.7228,,0.781,Americas
Saint Vincent and the Grenadines,VCT,2022,77.7418,,0.794,Americas
Samoa,WSM,1990,0.0,,,Oceania
Samoa,WSM,1991,0.0,,,Oceania
Samoa,WSM,1992,0.0,,,Oceania
Samoa,WSM,1993,0.0,,,Oceania
Samoa,WSM,1994,0.0,,,Oceania
Samoa,WSM,1995,0.0,,0.655,Oceania
Samoa,WSM,1997,0.17457186,,0.665,Oceania
Samoa,WSM,1998,0.23035902,,0.669,Oceania
Samoa,WSM,1999,0.28530833,,0.672,Oceania
Samoa,WSM,2000,0.566393,,0.676,Oceania
Samoa,WSM,2001,1.6899,,0.683,Oceania
Samoa,WSM,2002,2.24483,,0.682,Oceania
Samoa,WSM,2003,2.79963,,0.687,Oceania
Samoa,WSM,2004,3.07553,,0.691,Oceania
Samoa,WSM,2005,3.35259,,0.694,Oceania
Samoa,WSM,2006,4.46917,,0.697,Oceania
Samoa,WSM,2007,4.74998,,0.701,Oceania
Samoa,WSM,2008,5.03162,,0.702,Oceania
Samoa,WSM,2009,6.0,,0.694,Oceania
Samoa,WSM,2010,7.0,,0.708,Oceania
Samoa,WSM,2011,11.0,,0.711,Oceania
Samoa,WSM,2012,12.9225,,0.707,Oceania
Samoa,WSM,2013,15.3,,0.706,Oceania
Samoa,WSM,2014,21.2,,0.706,Oceania
Samoa,WSM,2015,25.407,,0.708,Oceania
Samoa,WSM,2016,31.7,,0.712,Oceania
Samoa,WSM,2017,39.4,,0.712,Oceania
Samoa,WSM,2018,49.1,,0.711,Oceania
Samoa,WSM,2019,61.2106,,0.708,Oceania
Samoa,WSM,2020,69.9561,,0.708,Oceania
Samoa,WSM,2021,76.2853,,0.706,Oceania
Samoa,WSM,2022,75.2869,,0.703,Oceania
San Marino,SMR,1990,0.0,,,Europe
San Marino,SMR,1991,0.0,,,Europe
San Marino,SMR,1992,0.0,,,Europe
San Marino,SMR,1993,0.0,,,Europe
San Marino,SMR,1994,0.0,,,Europe
San Marino,SMR,1995,1.3621327,,,Europe
San Marino,SMR,1996,1.4280752,,,Europe
San Marino,SMR,1997,1.4185485,,,Europe
San Marino,SMR,1998,1.4085579,,,Europe
San Marino,SMR,1999,42.803314,,,Europe
San Marino,SMR,2000,48.7995,,0.881,Europe
San Marino,SMR,2001,50.3417,,0.883,Europe
San Marino,SMR,2002,50.8348,,0.885,Europe
San Marino,SMR,2003,50.0035,,0.888,Europe
San Marino,SMR,2004,50.5663,,0.89,Europe
San Marino,SMR,2005,50.2596,,0.893,Europe
San Marino,SMR,2006,50.2087,,0.895,Europe
San Marino,SMR,2007,50.3648,,0.898,Europe
San Marino,SMR,2008,54.52,,0.9,Europe
San Marino,SMR,2009,54.21,,0.903,Europe
San Marino,SMR,2011,49.6,,0.902,Europe
San Marino,SMR,2017,60.1823,,0.903,Europe
San Marino,SMR,2019,67.8507,,0.908,Europe
San Marino,SMR,2020,77.95,,0.895,Europe
San Marino,SMR,2021,81.67,,0.903,Europe
San Marino,SMR,2022,85.0607,,0.91,Europe
Sao Tome and Principe,STP,1990,0.0,,,Africa
Sao Tome and Principe,STP,1991,0.0,,,Africa
Sao Tome and Principe,STP,1992,0.0,,,Africa
Sao Tome and Principe,STP,1993,0.0,,,Africa
Sao Tome and Principe,STP,1994,0.0,,,Africa
Sao Tome and Principe,STP,1995,0.0,,,Africa
Sao Tome and Principe,STP,1998,0.29584706,,,Africa
Sao Tome and Principe,STP,1999,0.36320317,,,Africa
Sao Tome and Principe,STP,2000,4.63852,,,Africa
Sao Tome and Principe,STP,2001,6.31092,,,Africa
Sao Tome and Principe,STP,2002,7.58067,,,Africa
Sao Tome and Principe,STP,2003,10.1618,,,Africa
Sao Tome and Principe,STP,2004,13.3229,,,Africa
Sao Tome and Principe,STP,2005,13.7595,,0.535,Africa
Sao Tome and Principe,STP,2006,14.182,,0.546,Africa
Sao Tome and Principe,STP,2007,14.5905,,0.552,Africa
Sao Tome and Principe,STP,2008,15.48,,0.557,Africa
Sao Tome and Principe,STP,2009,16.41,,0.561,Africa
Sao Tome and Principe,STP,2010,18.75,,0.564,Africa
Sao Tome and Principe,STP,2011,20.1612,,0.569,Africa
Sao Tome and Principe,STP,2012,21.5724,,0.574,Africa
Sao Tome and Principe,STP,2013,23.0,,0.585,Africa
Sao Tome and Principe,STP,2014,24.41,,0.596,Africa
Sao Tome and Principe,STP,2015,25.82,,0.608,Africa
Sao Tome and Principe,STP,2016,28.0,,0.613,Africa
Sao Tome and Principe,STP,2017,32.6,,0.617,Africa
Sao Tome and Principe,STP,2018,38.0,,0.621,Africa
Sao Tome and Principe,STP,2019,44.3,,0.625,Africa
Sao Tome and Principe,STP,2020,51.5547,,0.628,Africa
Sao Tome and Principe,STP,2021,56.1138,,0.631,Africa
Sao Tome and Principe,STP,2022,56.9899,,0.636,Africa
Saudi Arabia,SAU,1990,0.0,,0.67,Asia
Saudi Arabia,SAU,1991,0.0,,0.681,Asia
Saudi Arabia,SAU,1992,0.0,,0.688,Asia
Saudi Arabia,SAU,1993,0.0,,0.693,Asia
Saudi Arabia,SAU,1994,0.0,,0.699,Asia
Saudi Arabia,SAU,1995,0.010956134,,0.705,Asia
Saudi Arabia,SAU,1996,0.026732652,,0.711,Asia
Saudi Arabia,SAU,1997,0.05209903,,0.718,Asia
Saudi Arabia,SAU,1998,0.101429895,,0.725,Asia
Saudi Arabia,SAU,1999,0.49358535,,0.729,Asia
Saudi Arabia,SAU,2000,2.21069,,0.737,Asia
Saudi Arabia,SAU,2001,4.68105,,0.744,Asia
Saudi Arabia,SAU,2002,6.38471,,0.75,Asia
Saudi Arabia,SAU,2003,8.00158,,0.762,Asia
Saudi Arabia,SAU,2004,10.2345,,0.773,Asia
Saudi Arabia,SAU,2005,12.705,68.946396,0.782,Asia
Saudi Arabia,SAU,2006,19.4596,75.45356,0.785,Asia
Saudi Arabia,SAU,2007,30.0,80.05345,0.786,Asia
Saudi Arabia,SAU,2008,36.0,96.5446,0.792,Asia
Saudi Arabia,SAU,2009,38.0,84.73213,0.794,Asia
Saudi Arabia,SAU,2010,41.0,94.69918,0.801,Asia
Saudi Arabia,SAU,2011,47.5,107.3472,0.811,Asia
Saudi Arabia,SAU,2012,54.0,108.93739,0.819,Asia
Saudi Arabia,SAU,2013,60.5,102.35646,0.827,Asia
Saudi Arabia,SAU,2014,64.7137,100.17351,0.841,Asia
Saudi Arabia,SAU,2015,69.6162,86.21847,0.851,Asia
Saudi Arabia,SAU,2016,74.8793,76.22158,0.86,Asia
Saudi Arabia,SAU,2017,94.1756,77.09032,0.869,Asia
Saudi Arabia,SAU,2018,93.31,80.87107,0.875,Asia
Saudi Arabia,SAU,2019,95.7247,78.564186,0.878,Asia
Saudi Arabia,SAU,2020,97.8623,74.63648,0.875,Asia
Saudi Arabia,SAU,2021,100.0,63.75229,0.878,Asia
Saudi Arabia,SAU,2022,100.0,60.54028,0.893,Asia
Saudi Arabia,SAU,2023,100.0,59.877556,0.9,Asia
Senegal,SEN,1990,0.0,,0.377,Africa
Senegal,SEN,1991,0.0,,0.379,Africa
Senegal,SEN,1992,0.0,,0.381,Africa
Senegal,SEN,1993,0.0,,0.382,Africa
Senegal,SEN,1994,0.0,,0.382,Africa
Senegal,SEN,1995,0.000692848,,0.384,Africa
Senegal,SEN,1996,0.011238219,,0.385,Africa
Senegal,SEN,1997,0.027347442,,0.386,Africa
Senegal,SEN,1998,0.07987138,,0.389,Africa
Senegal,SEN,1999,0.31109095,,0.392,Africa
Senegal,SEN,2000,0.403967,,0.398,Africa
Senegal,SEN,2001,0.983794,,0.404,Africa
Senegal,SEN,2002,1.00645,,0.409,Africa
Senegal,SEN,2003,2.10144,,0.416,Africa
Senegal,SEN,2004,4.38602,,0.423,Africa
Senegal,SEN,2005,4.78668,5.0612564,0.43,Africa
Senegal,SEN,2006,5.61174,4.9953146,0.438,Africa
Senegal,SEN,2007,6.89,5.084448,0.45,Africa
Senegal,SEN,2008,7.12,4.926754,0.462,Africa
Senegal,SEN,2009,7.5,5.0909343,0.47,Africa
Senegal,SEN,2010,8.0,5.197686,0.477,Africa
Senegal,SEN,2011,9.8,5.0461836,0.491,Africa
Senegal,SEN,2012,10.8,5.1558785,0.499,Africa
Senegal,SEN,2013,13.1,4.8976793,0.504,Africa
Senegal,SEN,2014,17.7,4.9020762,0.508,Africa
Senegal,SEN,2015,21.7,4.897879,0.509,Africa
Senegal,SEN,2016,25.6648,4.599597,0.516,Africa
Senegal,SEN,2017,29.6431,4.1825113,0.517,Africa
Senegal,SEN,2018,35.3,4.135373,0.522,Africa
Senegal,SEN,2019,43.4,3.934793,0.52,Africa
Senegal,SEN,2020,53.3088,4.0975347,0.522,Africa
Senegal,SEN,2021,54.9741,4.2822256,0.522,Africa
Senegal,SEN,2022,59.9832,4.2452416,0.526,Africa
Serbia,SRB,2004,23.5,,0.732,Europe
Serbia,SRB,2005,26.3,16.001125,0.743,Europe
Serbia,SRB,2006,27.2,17.6072,0.753,Europe
Serbia,SRB,2007,33.15,17.893068,0.763,Europe
Serbia,SRB,2008,35.6,18.377678,0.773,Europe
Serbia,SRB,2009,38.1,19.668768,0.774,Europe
Serbia,SRB,2010,40.9,21.687534,0.775,Europe
Serbia,SRB,2011,42.2,25.261723,0.785,Europe
Serbia,SRB,2012,48.1,25.459534,0.788,Europe
Serbia,SRB,2013,53.4504,24.725328,0.792,Europe
Serbia,SRB,2014,62.0751,24.290714,0.795,Europe
Serbia,SRB,2015,65.317,22.974003,0.802,Europe
Serbia,SRB,2016,67.0568,22.306213,0.806,Europe
Serbia,SRB,2017,70.3308,22.460443,0.808,Europe
Serbia,SRB,2018,73.3607,22.239092,0.814,Europe
Serbia,SRB,2019,77.4168,23.732199,0.817,Europe
Serbia,SRB,2020,78.368,23.550318,0.809,Europe
Serbia,SRB,2021,81.1659,24.474129,0.807,Europe
Serbia,SRB,2022,83.5383,23.75509,0.826,Europe
Serbia,SRB,2023,85.3575,25.35898,0.833,Europe
Seychelles,SYC,1990,0.0,,,Africa
Seychelles,SYC,1991,0.0,,,Africa
Seychelles,SYC,1992,0.0,,,Africa
Seychelles,SYC,1993,0.0,,,Africa
Seychelles,SYC,1994,0.0,,,Africa
Seychelles,SYC,1995,0.0,,,Africa
Seychelles,SYC,1996,0.6514743,,,Africa
Seychelles,SYC,1997,1.2829559,,,Africa
Seychelles,SYC,1998,2.5261774,,,Africa
Seychelles,SYC,1999,6.229055,,,Africa
Seychelles,SYC,2000,7.39563,,,Africa
Seychelles,SYC,2001,11.0151,,,Africa
Seychelles,SYC,2002,14.3042,,,Africa
Seychelles,SYC,2003,14.5925,,,Africa
Seychelles,SYC,2004,24.2721,,,Africa
Seychelles,SYC,2005,25.4133,,,Africa
Seychelles,SYC,2006,34.952,,,Africa
Seychelles,SYC,2007,38.38,,,Africa
Seychelles,SYC,2008,40.44,,,Africa
Seychelles,SYC,2010,41.0,,0.758,Africa
Seychelles,SYC,2011,43.164,,0.772,Africa
Seychelles,SYC,2012,47.076,,0.797,Africa
Seychelles,SYC,2013,50.4,,0.797,Africa
Seychelles,SYC,2014,51.2547,,0.814,Africa
Seychelles,SYC,2015,54.2596,,0.819,Africa
Seychelles,SYC,2016,56.5147,,0.836,Africa
Seychelles,SYC,2017,62.6,,0.844,Africa
Seychelles,SYC,2018,69.2,,0.847,Africa
Seychelles,SYC,2019,76.6,,0.85,Africa
Seychelles,SYC,2020,84.8223,,0.853,Africa
Seychelles,SYC,2021,80.7475,,0.838,Africa
Seychelles,SYC,2022,86.6654,,0.836,Africa
Sierra Leone,SLE,1990,0.0,,0.313,Africa
Sierra Leone,SLE,1991,0.0,,0.303,Africa
Sierra Leone,SLE,1992,0.0,,0.305,Africa
Sierra Leone,SLE,1993,0.0,,0.312,Africa
Sierra Leone,SLE,1994,0.0,,0.312,Africa
Sierra Leone,SLE,1995,0.0,,0.314,Africa
Sierra Leone,SLE,1996,0.002506116,,0.311,Africa
Sierra Leone,SLE,1997,0.004987835,,0.307,Africa
Sierra Leone,SLE,1998,0.014805065,,0.304,Africa
Sierra Leone,SLE,1999,0.048490655,,0.301,Africa
Sierra Leone,SLE,2000,0.118254,,0.318,Africa
Sierra Leone,SLE,2001,0.160264,,0.33,Africa
Sierra Leone,SLE,2002,0.176199,,0.345,Africa
Sierra Leone,SLE,2003,0.190173,,0.354,Africa
Sierra Leone,SLE,2004,0.203008,,0.363,Africa
Sierra Leone,SLE,2005,0.215392,,0.37,Africa
Sierra Leone,SLE,2006,0.227669,,0.372,Africa
Sierra Leone,SLE,2007,0.239835,,0.391,Africa
Sierra Leone,SLE,2008,0.25,,0.4,Africa
Sierra Leone,SLE,2009,0.26,,0.406,Africa
Sierra Leone,SLE,2010,0.58,,0.41,Africa
Sierra Leone,SLE,2011,0.9,,0.416,Africa
Sierra Leone,SLE,2012,2.5,,0.418,Africa
Sierra Leone,SLE,2013,4.0,,0.436,Africa
Sierra Leone,SLE,2014,6.0573,,0.438,Africa
Sierra Leone,SLE,2015,6.34442,,0.432,Africa
Sierra Leone,SLE,2016,11.7732,,0.441,Africa
Sierra Leone,SLE,2017,13.2369,,0.445,Africa
Sierra Leone,SLE,2018,15.8,,0.451,Africa
Sierra Leone,SLE,2019,20.8,,0.455,Africa
Sierra Leone,SLE,2020,27.4681,,0.454,Africa
Sierra Leone,SLE,2021,27.595,,0.458,Africa
Sierra Leone,SLE,2022,30.3518,,0.463,Africa
Singapore,SGP,1990,0.0,26.287687,0.819,Asia
Singapore,SGP,1991,0.16150449,23.927385,0.826,Asia
Singapore,SGP,1992,0.47136816,23.33911,0.833,Asia
Singapore,SGP,1993,0.7632781,22.752913,0.84,Asia
Singapore,SGP,1994,1.1852038,20.797901,0.848,Asia
Singapore,SGP,1995,2.8734188,21.203884,0.854,Asia
Singapore,SGP,1996,8.349959,24.86027,0.859,Asia
Singapore,SGP,1997,13.471621,24.851305,0.866,Asia
Singapore,SGP,1998,19.590767,26.54218,0.869,Asia
Singapore,SGP,1999,24.155437,27.037836,0.875,Asia
Singapore,SGP,2000,36.0,34.375656,0.882,Asia
Singapore,SGP,2001,41.6704,32.4894,0.885,Asia
Singapore,SGP,2002,47.0,34.863865,0.891,Asia
Singapore,SGP,2003,53.8379,32.645397,0.897,Asia
Singapore,SGP,2004,62.0,38.005566,0.905,Asia
Singapore,SGP,2005,61.0,49.95682,0.911,Asia
Singapore,SGP,2006,59.0,52.29154,0.911,Asia
Singapore,SGP,2007,69.9,52.86339,0.914,Asia
Singapore,SGP,2008,69.0,46.033722,0.924,Asia
Singapore,SGP,2009,69.0,44.94008,0.928,Asia
Singapore,SGP,2010,71.0,53.991367,0.932,Asia
Singapore,SGP,2011,71.0,57.19284,0.933,Asia
Singapore,SGP,2012,72.0,55.468098,0.933,Asia
Singapore,SGP,2013,80.9021,51.861256,0.934,Asia
Singapore,SGP,2014,79.0292,55.571136,0.934,Asia
Singapore,SGP,2015,79.013,55.130947,0.935,Asia
Singapore,SGP,2016,84.4523,56.09941,0.934,Asia
Singapore,SGP,2017,84.4523,61.731697,0.935,Asia
Singapore,SGP,2018,88.1656,63.092636,0.939,Asia
Singapore,SGP,2019,88.9493,62.331562,0.942,Asia
Singapore,SGP,2020,92.0043,62.506012,0.944,Asia
Singapore,SGP,2021,96.9247,65.17828,0.948,Asia
Singapore,SGP,2022,95.9539,67.77981,0.942,Asia
Singapore,SGP,2023,94.2863,65.92123,0.946,Asia
Slovakia,SVK,1990,0.0,26.804636,0.698,Europe
Slovakia,SVK,1991,0.0,22.970089,0.697,Europe
Slovakia,SVK,1992,0.0,22.954088,0.702,Europe
Slovakia,SVK,1993,0.12782924,23.147589,0.71,Europe
Slovakia,SVK,1994,0.3185097,24.436089,0.72,Europe
Slovakia,SVK,1995,0.52321017,24.67673,0.729,Europe
Slovakia,SVK,1996,0.7832901,25.953342,0.74,Europe
Slovakia,SVK,1997,1.173381,26.550606,0.747,Europe
Slovakia,SVK,1998,2.6898098,25.927938,0.758,Europe
Slovakia,SVK,1999,5.437758,25.296597,0.765,Europe
Slovakia,SVK,2000,9.4268,26.807442,0.774,Europe
Slovakia,SVK,2001,12.5283,28.650381,0.781,Europe
Slovakia,SVK,2002,40.14,30.030914,0.79,Europe
Slovakia,SVK,2003,43.04,30.30498,0.796,Europe
Slovakia,SVK,2004,52.89,30.051167,0.806,Europe
Slovakia,SVK,2005,55.19,32.93329,0.815,Europe
Slovakia,SVK,2006,56.08,34.04709,0.824,Europe
Slovakia,SVK,2007,61.8,36.84477,0.834,Europe
Slovakia,SVK,2008,66.05,38.95723,0.842,Europe
Slovakia,SVK,2009,70.0,38.403236,0.845,Europe
Slovakia,SVK,2010,75.71,41.125122,0.851,Europe
Slovakia,SVK,2011,74.44,42.248577,0.856,Europe
Slovakia,SVK,2012,76.71,42.39388,0.856,Europe
Slovakia,SVK,2013,77.8826,41.065636,0.858,Europe
Slovakia,SVK,2014,79.9843,42.59173,0.859,Europe
Slovakia,SVK,2015,77.6347,41.939953,0.861,Europe
Slovakia,SVK,2016,80.4759,39.354515,0.864,Europe
Slovakia,SVK,2017,81.6257,38.903595,0.865,Europe
Slovakia,SVK,2018,80.4489,37.56789,0.868,Europe
Slovakia,SVK,2019,82.8537,36.973423,0.871,Europe
Slovakia,SVK,2020,89.9209,44.776604,0.867,Europe
Slovakia,SVK,2021,88.9256,46.015957,0.859,Europe
Slovakia,SVK,2022,89.0677,43.91862,0.873,Europe
Slovakia,SVK,2023,87.2131,43.989033,0.88,Europe
Slovenia,SVN,1990,0.0,,0.734,Europe
Slovenia,SVN,1991,0.0,,0.736,Europe
Slovenia,SVN,1992,0.0,,0.741,Europe
Slovenia,SVN,1993,0.4097924,,0.746,Europe
Slovenia,SVN,1994,1.0715702,,0.756,Europe
Slovenia,SVN,1995,2.8989856,29.479671,0.768,Europe
Slovenia,SVN,1996,5.0722723,31.5837,0.778,Europe
Slovenia,SVN,1997,7.591923,33.08505,0.789,Europe
Slovenia,SVN,1998,10.104603,32.611103,0.802,Europe
Slovenia,SVN,1999,12.610938,33.083096,0.82,Europe
Slovenia,SVN,2000,15.1103,34.1683,0.829,Europe
Slovenia,SVN,2001,30.1759,34.837284,0.845,Europe
Slovenia,SVN,2002,27.8389,34.664124,0.855,Europe
Slovenia,SVN,2003,31.8548,35.17949,0.865,Europe
Slovenia,SVN,2004,40.81,36.23952,0.87,Europe
Slovenia,SVN,2005,46.81,39.61084,0.876,Europe
Slovenia,SVN,2006,54.01,39.59458,0.883,Europe
Slovenia,SVN,2007,56.74,40.267944,0.888,Europe
Slovenia,SVN,2008,58.0,42.692696,0.894,Europe
Slovenia,SVN,2009,64.0,40.12282,0.894,Europe
Slovenia,SVN,2010,70.0,41.41744,0.896,Europe
Slovenia,SVN,2011,67.34,44.91155,0.897,Europe
Slovenia,SVN,2012,68.35,45.260403,0.897,Europe
Slovenia,SVN,2013,72.6756,44.254635,0.907,Europe
Slovenia,SVN,2014,71.5863,44.316372,0.907,Europe
Slovenia,SVN,2015,73.0987,42.856907,0.909,Europe
Slovenia,SVN,2016,75.4985,44.15917,0.914,Europe
Slovenia,SVN,2017,78.8854,45.32373,0.918,Europe
Slovenia,SVN,2018,79.75,47.096825,0.922,Europe
Slovenia,SVN,2019,83.1084,49.558193,0.923,Europe
Slovenia,SVN,2020,86.6013,50.78655,0.918,Europe
Slovenia,SVN,2021,89.004,51.100243,0.924,Europe
Slovenia,SVN,2022,88.9125,50.186073,0.926,Europe
Slovenia,SVN,2023,90.3779,51.474453,0.931,Europe
Solomon Islands,SLB,1990,0.0,,,Oceania
Solomon Islands,SLB,1991,0.0,,,Oceania
Solomon Islands,SLB,1992,0.0,,,Oceania
Solomon Islands,SLB,1993,0.0,,,Oceania
Solomon Islands,SLB,1994,0.0,,,Oceania
Solomon Islands,SLB,1995,0.02487191,,,Oceania
Solomon Islands,SLB,1996,0.26868358,,,Oceania
Solomon Islands,SLB,1997,0.39192325,,,Oceania
Solomon Islands,SLB,1998,0.5082928,,,Oceania
Solomon Islands,SLB,1999,0.4945415,,0.554,Oceania
Solomon Islands,SLB,2000,0.481297,,0.547,Oceania
Solomon Islands,SLB,2001,0.468552,,0.542,Oceania
Solomon Islands,SLB,2002,0.50192,,0.539,Oceania
Solomon Islands,SLB,2003,0.55561,,0.543,Oceania
Solomon Islands,SLB,2004,0.649673,,0.548,Oceania
Solomon Islands,SLB,2005,0.844308,,0.553,Oceania
Solomon Islands,SLB,2006,1.64635,,0.553,Oceania
Solomon Islands,SLB,2007,2.0,,0.552,Oceania
Solomon Islands,SLB,2008,3.0,,0.556,Oceania
Solomon Islands,SLB,2009,4.0,,0.557,Oceania
Solomon Islands,SLB,2010,5.0,,0.564,Oceania
Solomon Islands,SLB,2011,6.0,,0.567,Oceania
Solomon Islands,SLB,2012,6.9974,,0.57,Oceania
Solomon Islands,SLB,2013,8.0,,0.576,Oceania
Solomon Islands,SLB,2014,9.0,,0.575,Oceania
Solomon Islands,SLB,2015,10.0005,,0.576,Oceania
Solomon Islands,SLB,2016,11.0009,,0.578,Oceania
Solomon Islands,SLB,2017,15.1,,0.581,Oceania
Solomon Islands,SLB,2018,20.9,,0.582,Oceania
Solomon Islands,SLB,2019,28.7,,0.583,Oceania
Solomon Islands,SLB,2020,39.5527,,0.579,Oceania
Solomon Islands,SLB,2021,47.3313,,0.577,Oceania
Solomon Islands,SLB,2022,44.9575,,0.583,Oceania
Somalia,SOM,1990,0.0,,,Africa
Somalia,SOM,1991,0.0,,,Africa
Somalia,SOM,1992,0.0,,,Africa
Somalia,SOM,1993,0.0,,,Africa
Somalia,SOM,1994,0.0,,,Africa
Somalia,SOM,1995,0.0,,,Africa
Somalia,SOM,1996,0.00150955,,,Africa
Somalia,SOM,1997,0.002948713,,,Africa
Somalia,SOM,1998,0.00716442,,,Africa
Somalia,SOM,1999,0.013910394,,,Africa
Somalia,SOM,2000,0.02,,,Africa
Somalia,SOM,2001,0.0790392,,,Africa
Somalia,SOM,2002,0.115614,,,Africa
Somalia,SOM,2003,0.376198,,,Africa
Somalia,SOM,2004,1.05345,,,Africa
Somalia,SOM,2005,1.07733,,,Africa
Somalia,SOM,2006,1.10022,,,Africa
Somalia,SOM,2007,1.12224,,,Africa
Somalia,SOM,2008,1.14269,,,Africa
Somalia,SOM,2009,1.16061,,,Africa
Somalia,SOM,2011,1.25,,,Africa
Somalia,SOM,2012,1.3767,,,Africa
Somalia,SOM,2013,1.5,,,Africa
Somalia,SOM,2014,1.63,,,Africa
Somalia,SOM,2015,1.76,,,Africa
Somalia,SOM,2016,1.88,,,Africa
Somalia,SOM,2017,2.00405,,,Africa
Somalia,SOM,2020,15.0237,,,Africa
Somalia,SOM,2021,19.8606,,,Africa
Somalia,SOM,2022,27.6,,0.385,Africa
South Africa,ZAF,1990,0.0,,0.633,Africa
South Africa,ZAF,1991,0.013283591,,0.641,Africa
South Africa,ZAF,1992,0.038869105,,0.645,Africa
South Africa,ZAF,1993,0.11374719,,0.65,Africa
South Africa,ZAF,1994,0.24690554,,0.654,Africa
South Africa,ZAF,1995,0.6767401,,0.654,Africa
South Africa,ZAF,1996,0.84188294,,0.649,Africa
South Africa,ZAF,1997,1.6320938,,0.642,Africa
South Africa,ZAF,1998,2.906221,,0.634,Africa
South Africa,ZAF,1999,4.1162496,,0.626,Africa
South Africa,ZAF,2000,5.34856,,0.618,Africa
South Africa,ZAF,2001,6.34662,15.980202,0.613,Africa
South Africa,ZAF,2002,6.71032,17.391424,0.614,Africa
South Africa,ZAF,2003,7.00769,19.33745,0.61,Africa
South Africa,ZAF,2004,8.42512,19.889915,0.613,Africa
South Africa,ZAF,2005,7.48854,21.256033,0.616,Africa
South Africa,ZAF,2006,7.60714,20.623898,0.622,Africa
South Africa,ZAF,2007,8.06538,21.5135,0.632,Africa
South Africa,ZAF,2008,8.43,21.455843,0.643,Africa
South Africa,ZAF,2009,10.0,21.844217,0.657,Africa
South Africa,ZAF,2010,24.0,23.374456,0.669,Africa
South Africa,ZAF,2011,33.97,23.090462,0.683,Africa
South Africa,ZAF,2012,41.0,23.279211,0.696,Africa
South Africa,ZAF,2013,46.5,22.90383,0.705,Africa
South Africa,ZAF,2014,49.0,22.885506,0.713,Africa
South Africa,ZAF,2015,51.9191,,0.722,Africa
South Africa,ZAF,2016,54.0,21.921068,0.722,Africa
South Africa,ZAF,2017,56.1674,22.143183,0.726,Africa
South Africa,ZAF,2018,62.4,20.908947,0.732,Africa
South Africa,ZAF,2019,69.6969,20.568027,0.742,Africa
South Africa,ZAF,2020,72.1128,21.725138,0.724,Africa
South Africa,ZAF,2021,74.1534,21.634558,0.721,Africa
South Africa,ZAF,2022,74.703,20.607685,0.737,Africa
South Asia (WB),,1990,0.0,,0.55,
South Asia (WB),,1990,0.0,,0.514,
South Asia (WB),,1990,0.0,,0.674,
South Asia (WB),,1990,0.0,,0.7739702,
South Asia (WB),,1990,0.0,,0.569,
South Asia (WB),,1990,0.0,,0.8043755,
South Asia (WB),,1990,0.0,,0.648,
South Asia (WB),,1990,0.0,,0.346,
South Asia (WB),,1990,0.0,,0.439,
South Asia (WB),,1990,0.0,,0.6497253,
South Asia (WB),,1990,0.0,,0.454,
South Asia (WB),,1990,0.0,,0.405,
South Asia (WB),,1990,0.0,,0.797,
South Asia (WB),,1991,0.0,,0.552,
South Asia (WB),,1991,0.0,,0.522,
South Asia (WB),,1991,0.0,,0.671,
South Asia (WB),,1991,0.0,,0.7779599,
South Asia (WB),,1991,0.0,,0.574,
South Asia (WB),,1991,0.0,,0.806783,
South Asia (WB),,1991,0.0,,0.653,
South Asia (WB),,1991,0.0,,0.348,
South Asia (WB),,1991,0.0,,0.44,
South Asia (WB),,1991,0.0,,0.6547653,
South Asia (WB),,1991,0.0,,0.458,
South Asia (WB),,1991,0.0,,0.409,
South Asia (WB),,1991,0.0,,0.8,
South Asia (WB),,1992,8.4720785e-05,,0.561,
South Asia (WB),,1992,8.4720785e-05,,0.531,
South Asia (WB),,1992,8.4720785e-05,,0.664,
South Asia (WB),,1992,8.4720785e-05,,0.78332764,
South Asia (WB),,1992,8.4720785e-05,,0.58,
South Asia (WB),,1992,8.4720785e-05,,0.80932313,
South Asia (WB),,1992,8.4720785e-05,,0.657,
South Asia (WB),,1992,8.4720785e-05,,0.352,
South Asia (WB),,1992,8.4720785e-05,,0.445,
South Asia (WB),,1992,8.4720785e-05,,0.65902275,
South Asia (WB),,1992,8.4720785e-05,,0.464,
South Asia (WB),,1992,8.4720785e-05,,0.408,
South Asia (WB),,1992,8.4720785e-05,,0.802,
South Asia (WB),,1993,0.0001657734,,0.571,
South Asia (WB),,1993,0.0001657734,,0.541,
South Asia (WB),,1993,0.0001657734,,0.659,
South Asia (WB),,1993,0.0001657734,,0.79047537,
South Asia (WB),,1993,0.0001657734,,0.586,
South Asia (WB),,1993,0.0001657734,,0.81150347,
South Asia (WB),,1993,0.0001657734,,0.661,
South Asia (WB),,1993,0.0001657734,,0.356,
South Asia (WB),,1993,0.0001657734,,0.449,
South Asia (WB),,1993,0.0001657734,,0.66415447,
South Asia (WB),,1993,0.0001657734,,0.468,
South Asia (WB),,1993,0.0001657734,,0.411,
South Asia (WB),,1993,0.0001657734,,0.804,
South Asia (WB),,1994,0.0008512783,,0.577,
South Asia (WB),,1994,0.0008512783,,0.55,
South Asia (WB),,1994,0.0008512783,,0.654,
South Asia (WB),,1994,0.0008512783,,0.7999784,
South Asia (WB),,1994,0.0008512783,,0.591,
South Asia (WB),,1994,0.0008512783,,0.81610936,
South Asia (WB),,1994,0.0008512783,,0.666,
South Asia (WB),,1994,0.0008512783,,0.361,
South Asia (WB),,1994,0.0008512783,,0.453,
South Asia (WB),,1994,0.0008512783,,0.66946566,
South Asia (WB),,1994,0.0008512783,,0.472,
South Asia (WB),,1994,0.0008512783,,0.413,
South Asia (WB),,1994,0.0008512783,,0.809,
South Asia (WB),,1995,0.019977266,,0.582,
South Asia (WB),,1995,0.019977266,,0.559,
South Asia (WB),,1995,0.019977266,,0.7735119,
South Asia (WB),,1995,0.019977266,,0.658,
South Asia (WB),,1995,0.019977266,,0.8133682,
South Asia (WB),,1995,0.019977266,,0.599,
South Asia (WB),,1995,0.019977266,,0.8224163,
South Asia (WB),,1995,0.019977266,,0.67,
South Asia (WB),,1995,0.019977266,,0.368,
South Asia (WB),,1995,0.019977266,,0.459,
South Asia (WB),,1995,0.019977266,,0.6756636,
South Asia (WB),,1995,0.019977266,,0.478,
South Asia (WB),,1995,0.019977266,,0.42,
South Asia (WB),,1995,0.019977266,,0.812,
South Asia (WB),,1996,0.040563747,,0.59,
South Asia (WB),,1996,0.040563747,,0.57,
South Asia (WB),,1996,0.040563747,,0.7801411,
South Asia (WB),,1996,0.040563747,,0.662,
South Asia (WB),,1996,0.040563747,,0.82013655,
South Asia (WB),,1996,0.040563747,,0.607,
South Asia (WB),,1996,0.040563747,,0.82840586,
South Asia (WB),,1996,0.040563747,,0.676,
South Asia (WB),,1996,0.040563747,,0.373,
South Asia (WB),,1996,0.040563747,,0.466,
South Asia (WB),,1996,0.040563747,,0.6810407,
South Asia (WB),,1996,0.040563747,,0.484,
South Asia (WB),,1996,0.040563747,,0.423,
South Asia (WB),,1996,0.040563747,,0.818,
South Asia (WB),,1997,0.060038242,,0.596,
South Asia (WB),,1997,0.060038242,,0.579,
South Asia (WB),,1997,0.060038242,,0.7872637,
South Asia (WB),,1997,0.060038242,,0.668,
South Asia (WB),,1997,0.060038242,,0.8263604,
South Asia (WB),,1997,0.060038242,,0.615,
South Asia (WB),,1997,0.060038242,,0.83428735,
South Asia (WB),,1997,0.060038242,,0.683,
South Asia (WB),,1997,0.060038242,,0.378,
South Asia (WB),,1997,0.060038242,,0.472,
South Asia (WB),,1997,0.060038242,,0.6869894,
South Asia (WB),,1997,0.060038242,,0.49,
South Asia (WB),,1997,0.060038242,,0.427,
South Asia (WB),,1997,0.060038242,,0.824,
South Asia (WB),,1998,0.1169904,,0.603,
South Asia (WB),,1998,0.1169904,,0.586,
South Asia (WB),,1998,0.1169904,,0.7928959,
South Asia (WB),,1998,0.1169904,,0.674,
South Asia (WB),,1998,0.1169904,,0.8325962,
South Asia (WB),,1998,0.1169904,,0.622,
South Asia (WB),,1998,0.1169904,,0.83827734,
South Asia (WB),,1998,0.1169904,,0.688,
South Asia (WB),,1998,0.1169904,,0.382,
South Asia (WB),,1998,0.1169904,,0.478,
South Asia (WB),,1998,0.1169904,,0.6915652,
South Asia (WB),,1998,0.1169904,,0.496,
South Asia (WB),,1998,0.1169904,,0.43,
South Asia (WB),,1998,0.1169904,,0.829,
South Asia (WB),,1999,0.22607283,,0.609,
South Asia (WB),,1999,0.22607283,,0.594,
South Asia (WB),,1999,0.22607283,,0.7974899,
South Asia (WB),,1999,0.22607283,,0.676,
South Asia (WB),,1999,0.22607283,,0.8380795,
South Asia (WB),,1999,0.22607283,,0.628,
South Asia (WB),,1999,0.22607283,,0.84187406,
South Asia (WB),,1999,0.22607283,,0.692,
South Asia (WB),,1999,0.22607283,,0.39,
South Asia (WB),,1999,0.22607283,,0.48673937,
South Asia (WB),,1999,0.22607283,,0.485,
South Asia (WB),,1999,0.22607283,,0.69540364,
South Asia (WB),,1999,0.22607283,,0.503,
South Asia (WB),,1999,0.22607283,,0.433,
South Asia (WB),,1999,0.22607283,,0.832,
South Asia (WB),,2000,0.47362593,,0.4245854,
South Asia (WB),,2000,0.47362593,,0.615,
South Asia (WB),,2000,0.47362593,,0.569869,
South Asia (WB),,2000,0.47362593,,0.604,
South Asia (WB),,2000,0.47362593,,0.8080217,
South Asia (WB),,2000,0.47362593,,0.686,
South Asia (WB),,2000,0.47362593,,0.8433045,
South Asia (WB),,2000,0.47362593,,0.636,
South Asia (WB),,2000,0.47362593,,0.84814763,
South Asia (WB),,2000,0.47362593,,0.697,
South Asia (WB),,2000,0.47362593,,0.393,
South Asia (WB),,2000,0.47362593,,0.49990252,
South Asia (WB),,2000,0.47362593,,0.491,
South Asia (WB),,2000,0.47362593,,0.81713676,
South Asia (WB),,2000,0.47362593,,0.70062786,
South Asia (WB),,2000,0.47362593,,0.508,
South Asia (WB),,2000,0.47362593,,0.435,
South Asia (WB),,2000,0.47362593,,0.6285039,
South Asia (WB),,2000,0.47362593,,0.838,
South Asia (WB),,2001,0.66837,,0.4292593,
South Asia (WB),,2001,0.66837,,0.621,
South Asia (WB),,2001,0.66837,,0.5783103,
South Asia (WB),,2001,0.66837,,0.612,
South Asia (WB),,2001,0.66837,,0.81529015,
South Asia (WB),,2001,0.66837,,0.693,
South Asia (WB),,2001,0.66837,,0.84985864,
South Asia (WB),,2001,0.66837,,0.643,
South Asia (WB),,2001,0.66837,,0.8533231,
South Asia (WB),,2001,0.66837,,0.702,
South Asia (WB),,2001,0.66837,,0.401,
South Asia (WB),,2001,0.66837,,0.5078028,
South Asia (WB),,2001,0.66837,,0.5,
South Asia (WB),,2001,0.66837,,0.819591,
South Asia (WB),,2001,0.66837,,0.7054202,
South Asia (WB),,2001,0.66837,,0.517,
South Asia (WB),,2001,0.66837,,0.441,
South Asia (WB),,2001,0.66837,,0.63662523,
South Asia (WB),,2001,0.66837,,0.843,
South Asia (WB),,2002,1.4717803,,0.43494922,
South Asia (WB),,2002,1.4717803,,0.626,
South Asia (WB),,2002,1.4717803,,0.5859656,
South Asia (WB),,2002,1.4717803,,0.622,
South Asia (WB),,2002,1.4717803,,0.8208476,
South Asia (WB),,2002,1.4717803,,0.701,
South Asia (WB),,2002,1.4717803,,0.85488456,
South Asia (WB),,2002,1.4717803,,0.651,
South Asia (WB),,2002,1.4717803,,0.85723525,
South Asia (WB),,2002,1.4717803,,0.706,
South Asia (WB),,2002,1.4717803,,0.407,
South Asia (WB),,2002,1.4717803,,0.5139684,
South Asia (WB),,2002,1.4717803,,0.506,
South Asia (WB),,2002,1.4717803,,0.8224308,
South Asia (WB),,2002,1.4717803,,0.71004105,
South Asia (WB),,2002,1.4717803,,0.523,
South Asia (WB),,2002,1.4717803,,0.449,
South Asia (WB),,2002,1.4717803,,0.645688,
South Asia (WB),,2002,1.4717803,,0.847,
South Asia (WB),,2003,1.8687748,,0.44065332,
South Asia (WB),,2003,1.8687748,,0.63,
South Asia (WB),,2003,1.8687748,,0.5955544,
South Asia (WB),,2003,1.8687748,,0.632,
South Asia (WB),,2003,1.8687748,,0.8275237,
South Asia (WB),,2003,1.8687748,,0.709,
South Asia (WB),,2003,1.8687748,,0.85958296,
South Asia (WB),,2003,1.8687748,,0.659,
South Asia (WB),,2003,1.8687748,,0.8615973,
South Asia (WB),,2003,1.8687748,,0.711,
South Asia (WB),,2003,1.8687748,,0.414,
South Asia (WB),,2003,1.8687748,,0.5242137,
South Asia (WB),,2003,1.8687748,,0.516,
South Asia (WB),,2003,1.8687748,,0.8255375,
South Asia (WB),,2003,1.8687748,,0.7139729,
South Asia (WB),,2003,1.8687748,,0.535,
South Asia (WB),,2003,1.8687748,,0.457,
South Asia (WB),,2003,1.8687748,,0.65426606,
South Asia (WB),,2003,1.8687748,,0.852,
South Asia (WB),,2004,2.2186446,,0.44817433,
South Asia (WB),,2004,2.2186446,,0.638,
South Asia (WB),,2004,2.2186446,,0.6048904,
South Asia (WB),,2004,2.2186446,,0.641,
South Asia (WB),,2004,2.2186446,,0.83400583,
South Asia (WB),,2004,2.2186446,,0.716,
South Asia (WB),,2004,2.2186446,,0.8654416,
South Asia (WB),,2004,2.2186446,,0.666,
South Asia (WB),,2004,2.2186446,,0.8671708,
South Asia (WB),,2004,2.2186446,,0.717,
South Asia (WB),,2004,2.2186446,,0.424,
South Asia (WB),,2004,2.2186446,,0.533825,
South Asia (WB),,2004,2.2186446,,0.526,
South Asia (WB),,2004,2.2186446,,0.83012056,
South Asia (WB),,2004,2.2186446,,0.7216664,
South Asia (WB),,2004,2.2186446,,0.543,
South Asia (WB),,2004,2.2186446,,0.466,
South Asia (WB),,2004,2.2186446,,0.66330206,
South Asia (WB),,2004,2.2186446,,0.857,
South Asia (WB),,2005,2.5825384,,0.461668,
South Asia (WB),,2005,2.5825384,,0.645,
South Asia (WB),,2005,2.5825384,,0.61573684,
South Asia (WB),,2005,2.5825384,,0.652,
South Asia (WB),,2005,2.5825384,,0.84263706,
South Asia (WB),,2005,2.5825384,,0.72,
South Asia (WB),,2005,2.5825384,,0.8698894,
South Asia (WB),,2005,2.5825384,,0.675,
South Asia (WB),,2005,2.5825384,,0.87086254,
South Asia (WB),,2005,2.5825384,,0.723,
South Asia (WB),,2005,2.5825384,,0.433,
South Asia (WB),,2005,2.5825384,,0.34204078,
South Asia (WB),,2005,2.5825384,,0.5434632,
South Asia (WB),,2005,2.5825384,,0.535,
South Asia (WB),,2005,2.5825384,,0.8332466,
South Asia (WB),,2005,2.5825384,,0.80804354,
South Asia (WB),,2005,2.5825384,,0.727708,
South Asia (WB),,2005,2.5825384,,0.552,
South Asia (WB),,2005,2.5825384,,0.473,
South Asia (WB),,2005,2.5825384,,0.6755118,
South Asia (WB),,2005,2.5825384,,0.861,
South Asia (WB),,2006,3.0206604,,0.46813595,
South Asia (WB),,2006,3.0206604,,0.652,
South Asia (WB),,2006,3.0206604,,0.6248776,
South Asia (WB),,2006,3.0206604,,0.662,
South Asia (WB),,2006,3.0206604,,0.848911,
South Asia (WB),,2006,3.0206604,,0.728,
South Asia (WB),,2006,3.0206604,,0.87523013,
South Asia (WB),,2006,3.0206604,,0.683,
South Asia (WB),,2006,3.0206604,,0.87583596,
South Asia (WB),,2006,3.0206604,,0.729,
South Asia (WB),,2006,3.0206604,,0.442,
South Asia (WB),,2006,3.0206604,,0.35059604,
South Asia (WB),,2006,3.0206604,,0.55155903,
South Asia (WB),,2006,3.0206604,,0.543,
South Asia (WB),,2006,3.0206604,,0.8386846,
South Asia (WB),,2006,3.0206604,,0.8101854,
South Asia (WB),,2006,3.0206604,,0.73351294,
South Asia (WB),,2006,3.0206604,,0.561,
South Asia (WB),,2006,3.0206604,,0.481,
South Asia (WB),,2006,3.0206604,,0.6853619,
South Asia (WB),,2006,3.0206604,,0.866,
South Asia (WB),,2007,4.005721,,0.4750963,
South Asia (WB),,2007,4.005721,,0.658,
South Asia (WB),,2007,4.005721,,0.63415104,
South Asia (WB),,2007,4.005721,,0.673,
South Asia (WB),,2007,4.005721,,0.8548727,
South Asia (WB),,2007,4.005721,,0.736,
South Asia (WB),,2007,4.005721,,0.87925476,
South Asia (WB),,2007,4.005721,,0.692,
South Asia (WB),,2007,4.005721,,0.8802514,
South Asia (WB),,2007,4.005721,,0.736,
South Asia (WB),,2007,4.005721,,0.45,
South Asia (WB),,2007,4.005721,,0.3596332,
South Asia (WB),,2007,4.005721,,0.5593327,
South Asia (WB),,2007,4.005721,,0.551,
South Asia (WB),,2007,4.005721,,0.84200835,
South Asia (WB),,2007,4.005721,,0.8121299,
South Asia (WB),,2007,4.005721,,0.74158055,
South Asia (WB),,2007,4.005721,,0.569,
South Asia (WB),,2007,4.005721,,0.489,
South Asia (WB),,2007,4.005721,,0.6958714,
South Asia (WB),,2007,4.005721,,0.87,
South Asia (WB),,2008,4.4324274,,0.49759457,
South Asia (WB),,2008,4.4324274,,0.661,
South Asia (WB),,2008,4.4324274,,0.64034575,
South Asia (WB),,2008,4.4324274,,0.68,
South Asia (WB),,2008,4.4324274,,0.8590917,
South Asia (WB),,2008,4.4324274,,0.74,
South Asia (WB),,2008,4.4324274,,0.88218033,
South Asia (WB),,2008,4.4324274,,0.699,
South Asia (WB),,2008,4.4324274,,0.8827478,
South Asia (WB),,2008,4.4324274,,0.742,
South Asia (WB),,2008,4.4324274,,0.457,
South Asia (WB),,2008,4.4324274,,0.39877075,
South Asia (WB),,2008,4.4324274,,0.56541926,
South Asia (WB),,2008,4.4324274,,0.558,
South Asia (WB),,2008,4.4324274,,0.8433985,
South Asia (WB),,2008,4.4324274,,0.8153273,
South Asia (WB),,2008,4.4324274,,0.7485009,
South Asia (WB),,2008,4.4324274,,0.575,
South Asia (WB),,2008,4.4324274,,0.497,
South Asia (WB),,2008,4.4324274,,0.7032563,
South Asia (WB),,2008,4.4324274,,0.872,
South Asia (WB),,2009,5.1421504,,0.5021216,
South Asia (WB),,2009,5.1421504,,0.666,
South Asia (WB),,2009,5.1421504,,0.64756656,
South Asia (WB),,2009,5.1421504,,0.69,
South Asia (WB),,2009,5.1421504,,0.8599548,
South Asia (WB),,2009,5.1421504,,0.742,
South Asia (WB),,2009,5.1421504,,0.8833343,
South Asia (WB),,2009,5.1421504,,0.706,
South Asia (WB),,2009,5.1421504,,0.8837552,
South Asia (WB),,2009,5.1421504,,0.743,
South Asia (WB),,2009,5.1421504,,0.461,
South Asia (WB),,2009,5.1421504,,0.402766,
South Asia (WB),,2009,5.1421504,,0.5710855,
South Asia (WB),,2009,5.1421504,,0.565,
South Asia (WB),,2009,5.1421504,,0.8439207,
South Asia (WB),,2009,5.1421504,,0.81803006,
South Asia (WB),,2009,5.1421504,,0.7512326,
South Asia (WB),,2009,5.1421504,,0.58,
South Asia (WB),,2009,5.1421504,,0.503,
South Asia (WB),,2009,5.1421504,,0.71126586,
South Asia (WB),,2009,5.1421504,,0.874,
South Asia (WB),,2010,7.163605,,0.513888,
South Asia (WB),,2010,7.163605,,0.67,
South Asia (WB),,2010,7.163605,,0.65679175,
South Asia (WB),,2010,7.163605,,0.699,
South Asia (WB),,2010,7.163605,,0.8645471,
South Asia (WB),,2010,7.163605,,0.753,
South Asia (WB),,2010,7.163605,,0.8875532,
South Asia (WB),,2010,7.163605,,0.714,
South Asia (WB),,2010,7.163605,,0.88799495,
South Asia (WB),,2010,7.163605,,0.747,
South Asia (WB),,2010,7.163605,,0.467,
South Asia (WB),,2010,7.163605,,0.42096916,
South Asia (WB),,2010,7.163605,,0.57957613,
South Asia (WB),,2010,7.163605,,0.573,
South Asia (WB),,2010,7.163605,,0.84561443,
South Asia (WB),,2010,7.163605,,0.82062435,
South Asia (WB),,2010,7.163605,,0.75787014,
South Asia (WB),,2010,7.163605,,0.59,
South Asia (WB),,2010,7.163605,,0.51,
South Asia (WB),,2010,7.163605,,0.72018623,
South Asia (WB),,2010,7.163605,,0.879,
South Asia (WB),,2011,9.207158,,0.52003187,
South Asia (WB),,2011,9.207158,,0.672,
South Asia (WB),,2011,9.207158,,0.66498727,
South Asia (WB),,2011,9.207158,,0.706,
South Asia (WB),,2011,9.207158,,0.87022907,
South Asia (WB),,2011,9.207158,,0.761,
South Asia (WB),,2011,9.207158,,0.89193636,
South Asia (WB),,2011,9.207158,,0.72,
South Asia (WB),,2011,9.207158,,0.8916487,
South Asia (WB),,2011,9.207158,,0.753,
South Asia (WB),,2011,9.207158,,0.471,
South Asia (WB),,2011,9.207158,,0.4269735,
South Asia (WB),,2011,9.207158,,0.5894755,
South Asia (WB),,2011,9.207158,,0.584,
South Asia (WB),,2011,9.207158,,0.8494359,
South Asia (WB),,2011,9.207158,,0.8243534,
South Asia (WB),,2011,9.207158,,0.7633919,
South Asia (WB),,2011,9.207158,,0.601,
South Asia (WB),,2011,9.207158,,0.517,
South Asia (WB),,2011,9.207158,,0.7270223,
South Asia (WB),,2011,9.207158,,0.883,
South Asia (WB),,2012,10.08549,,0.5260907,
South Asia (WB),,2012,10.08549,,0.68,
South Asia (WB),,2012,10.08549,,0.67128,
South Asia (WB),,2012,10.08549,,0.713,
South Asia (WB),,2012,10.08549,,0.87196416,
South Asia (WB),,2012,10.08549,,0.767,
South Asia (WB),,2012,10.08549,,0.8927878,
South Asia (WB),,2012,10.08549,,0.727,
South Asia (WB),,2012,10.08549,,0.8941138,
South Asia (WB),,2012,10.08549,,0.758,
South Asia (WB),,2012,10.08549,,0.477,
South Asia (WB),,2012,10.08549,,0.43000394,
South Asia (WB),,2012,10.08549,,0.5956914,
South Asia (WB),,2012,10.08549,,0.59,
South Asia (WB),,2012,10.08549,,0.8532949,
South Asia (WB),,2012,10.08549,,0.82798356,
South Asia (WB),,2012,10.08549,,0.7674748,
South Asia (WB),,2012,10.08549,,0.606,
South Asia (WB),,2012,10.08549,,0.523,
South Asia (WB),,2012,10.08549,,0.73412,
South Asia (WB),,2012,10.08549,,0.886,
South Asia (WB),,2013,11.292619,,0.53123987,
South Asia (WB),,2013,11.292619,,0.683,
South Asia (WB),,2013,11.292619,,0.677284,
South Asia (WB),,2013,11.292619,,0.72,
South Asia (WB),,2013,11.292619,,0.87687457,
South Asia (WB),,2013,11.292619,,0.78,
South Asia (WB),,2013,11.292619,,0.8967906,
South Asia (WB),,2013,11.292619,,0.733,
South Asia (WB),,2013,11.292619,,0.8981406,
South Asia (WB),,2013,11.292619,,0.762,
South Asia (WB),,2013,11.292619,,0.482,
South Asia (WB),,2013,11.292619,,0.432075,
South Asia (WB),,2013,11.292619,,0.60151386,
South Asia (WB),,2013,11.292619,,0.595,
South Asia (WB),,2013,11.292619,,0.85496044,
South Asia (WB),,2013,11.292619,,0.8279558,
South Asia (WB),,2013,11.292619,,0.7731587,
South Asia (WB),,2013,11.292619,,0.611,
South Asia (WB),,2013,11.292619,,0.528,
South Asia (WB),,2013,11.292619,,0.7406829,
South Asia (WB),,2013,11.292619,,0.892,
South Asia (WB),,2014,12.820937,,0.5367227,
South Asia (WB),,2014,12.820937,,0.688,
South Asia (WB),,2014,12.820937,,0.68550044,
South Asia (WB),,2014,12.820937,,0.728,
South Asia (WB),,2014,12.820937,,0.87929887,
South Asia (WB),,2014,12.820937,,0.785,
South Asia (WB),,2014,12.820937,,0.8999237,
South Asia (WB),,2014,12.820937,,0.739,
South Asia (WB),,2014,12.820937,,0.90055966,
South Asia (WB),,2014,12.820937,,0.765,
South Asia (WB),,2014,12.820937,,0.488,
South Asia (WB),,2014,12.820937,,0.43649974,
South Asia (WB),,2014,12.820937,,0.60980934,
South Asia (WB),,2014,12.820937,,0.604,
South Asia (WB),,2014,12.820937,,0.85716856,
South Asia (WB),,2014,12.820937,,0.8310525,
South Asia (WB),,2014,12.820937,,0.7760436,
South Asia (WB),,2014,12.820937,,0.62,
South Asia (WB),,2014,12.820937,,0.534,
South Asia (WB),,2014,12.820937,,0.7478326,
South Asia (WB),,2014,12.820937,,0.895,
South Asia (WB),,2015,14.190135,,0.5425902,
South Asia (WB),,2015,14.190135,,0.693,
South Asia (WB),,2015,14.190135,,0.6922845,
South Asia (WB),,2015,14.190135,,0.735,
South Asia (WB),,2015,14.190135,,0.88032347,
South Asia (WB),,2015,14.190135,,0.789,
South Asia (WB),,2015,14.190135,,0.9017791,
South Asia (WB),,2015,14.190135,,0.744,
South Asia (WB),,2015,14.190135,,0.9027572,
South Asia (WB),,2015,14.190135,,0.767,
South Asia (WB),,2015,14.190135,,0.491,
South Asia (WB),,2015,14.190135,,0.43883622,
South Asia (WB),,2015,14.190135,,0.6173714,
South Asia (WB),,2015,14.190135,,0.611,
South Asia (WB),,2015,14.190135,,0.8591236,
South Asia (WB),,2015,14.190135,,0.8333656,
South Asia (WB),,2015,14.190135,,0.7772507,
South Asia (WB),,2015,14.190135,,0.627,
South Asia (WB),,2015,14.190135,,0.54,
South Asia (WB),,2015,14.190135,,0.7533915,
South Asia (WB),,2015,14.190135,,0.898,
South Asia (WB),,2016,16.192963,,0.5466387,
South Asia (WB),,2016,16.192963,,0.698,
South Asia (WB),,2016,16.192963,,0.6996885,
South Asia (WB),,2016,16.192963,,0.742,
South Asia (WB),,2016,16.192963,,0.8832819,
South Asia (WB),,2016,16.192963,,0.793,
South Asia (WB),,2016,16.192963,,0.9050324,
South Asia (WB),,2016,16.192963,,0.749,
South Asia (WB),,2016,16.192963,,0.90514636,
South Asia (WB),,2016,16.192963,,0.769,
South Asia (WB),,2016,16.192963,,0.497,
South Asia (WB),,2016,16.192963,,0.4427982,
South Asia (WB),,2016,16.192963,,0.62547666,
South Asia (WB),,2016,16.192963,,0.62,
South Asia (WB),,2016,16.192963,,0.86142576,
South Asia (WB),,2016,16.192963,,0.83567315,
South Asia (WB),,2016,16.192963,,0.7784721,
South Asia (WB),,2016,16.192963,,0.637,
South Asia (WB),,2016,16.192963,,0.543,
South Asia (WB),,2016,16.192963,,0.7588624,
South Asia (WB),,2016,16.192963,,0.9,
South Asia (WB),,2017,18.06524,,0.5504002,
South Asia (WB),,2017,18.06524,,0.702,
South Asia (WB),,2017,18.06524,,0.7046988,
South Asia (WB),,2017,18.06524,,0.749,
South Asia (WB),,2017,18.06524,,0.8861951,
South Asia (WB),,2017,18.06524,,0.8,
South Asia (WB),,2017,18.06524,,0.9075523,
South Asia (WB),,2017,18.06524,,0.754,
South Asia (WB),,2017,18.06524,,0.90792,
South Asia (WB),,2017,18.06524,,0.772,
South Asia (WB),,2017,18.06524,,0.5,
South Asia (WB),,2017,18.06524,,0.44619104,
South Asia (WB),,2017,18.06524,,0.62979513,
South Asia (WB),,2017,18.06524,,0.624,
South Asia (WB),,2017,18.06524,,0.8636879,
South Asia (WB),,2017,18.06524,,0.83694863,
South Asia (WB),,2017,18.06524,,0.7811188,
South Asia (WB),,2017,18.06524,,0.641,
South Asia (WB),,2017,18.06524,,0.546,
South Asia (WB),,2017,18.06524,,0.7643767,
South Asia (WB),,2017,18.06524,,0.903,
South Asia (WB),,2018,20.182985,,0.5558327,
South Asia (WB),,2018,20.182985,,0.707,
South Asia (WB),,2018,20.182985,,0.7085525,
South Asia (WB),,2018,20.182985,,0.756,
South Asia (WB),,2018,20.182985,,0.88933504,
South Asia (WB),,2018,20.182985,,0.804,
South Asia (WB),,2018,20.182985,,0.9103591,
South Asia (WB),,2018,20.182985,,0.76,
South Asia (WB),,2018,20.182985,,0.91105837,
South Asia (WB),,2018,20.182985,,0.774,
South Asia (WB),,2018,20.182985,,0.504,
South Asia (WB),,2018,20.182985,,0.4525536,
South Asia (WB),,2018,20.182985,,0.6321534,
South Asia (WB),,2018,20.182985,,0.627,
South Asia (WB),,2018,20.182985,,0.8665236,
South Asia (WB),,2018,20.182985,,0.84073627,
South Asia (WB),,2018,20.182985,,0.7836532,
South Asia (WB),,2018,20.182985,,0.642,
South Asia (WB),,2018,20.182985,,0.551,
South Asia (WB),,2018,20.182985,,0.7702497,
South Asia (WB),,2018,20.182985,,0.906,
South Asia (WB),,2019,27.966526,,0.56035364,
South Asia (WB),,2019,27.966526,,0.712,
South Asia (WB),,2019,27.966526,,0.7126623,
South Asia (WB),,2019,27.966526,,0.761,
South Asia (WB),,2019,27.966526,,0.89306754,
South Asia (WB),,2019,27.966526,,0.808,
South Asia (WB),,2019,27.966526,,0.9143795,
South Asia (WB),,2019,27.966526,,0.765,
South Asia (WB),,2019,27.966526,,0.91397655,
South Asia (WB),,2019,27.966526,,0.776,
South Asia (WB),,2019,27.966526,,0.507,
South Asia (WB),,2019,27.966526,,0.45707306,
South Asia (WB),,2019,27.966526,,0.63645244,
South Asia (WB),,2019,27.966526,,0.631,
South Asia (WB),,2019,27.966526,,0.8687238,
South Asia (WB),,2019,27.966526,,0.8431121,
South Asia (WB),,2019,27.966526,,0.78433996,
South Asia (WB),,2019,27.966526,,0.645,
South Asia (WB),,2019,27.966526,,0.557,
South Asia (WB),,2019,27.966526,,0.7744862,
South Asia (WB),,2019,27.966526,,0.909,
South Asia (WB),,2020,39.060642,,0.5594648,
South Asia (WB),,2020,39.060642,,0.707,
South Asia (WB),,2020,39.060642,,0.7130719,
South Asia (WB),,2020,39.060642,,0.764,
South Asia (WB),,2020,39.060642,,0.8829021,
South Asia (WB),,2020,39.060642,,0.802,
South Asia (WB),,2020,39.060642,,0.90954304,
South Asia (WB),,2020,39.060642,,0.763,
South Asia (WB),,2020,39.060642,,0.9056104,
South Asia (WB),,2020,39.060642,,0.764,
South Asia (WB),,2020,39.060642,,0.507,
South Asia (WB),,2020,39.060642,,0.45871836,
South Asia (WB),,2020,39.060642,,0.6364669,
South Asia (WB),,2020,39.060642,,0.631,
South Asia (WB),,2020,39.060642,,0.85540247,
South Asia (WB),,2020,39.060642,,0.84438473,
South Asia (WB),,2020,39.060642,,0.7736417,
South Asia (WB),,2020,39.060642,,0.645,
South Asia (WB),,2020,39.060642,,0.557,
South Asia (WB),,2020,39.060642,,0.7720838,
South Asia (WB),,2020,39.060642,,0.901,
South Asia (WB),,2021,42.850647,,0.56110394,
South Asia (WB),,2021,42.850647,,0.71,
South Asia (WB),,2021,42.850647,,0.71319216,
South Asia (WB),,2021,42.850647,,0.768,
South Asia (WB),,2021,42.850647,,0.88542944,
South Asia (WB),,2021,42.850647,,0.803,
South Asia (WB),,2021,42.850647,,0.914425,
South Asia (WB),,2021,42.850647,,0.766,
South Asia (WB),,2021,42.850647,,0.90697354,
South Asia (WB),,2021,42.850647,,0.762,
South Asia (WB),,2021,42.850647,,0.507,
South Asia (WB),,2021,42.850647,,0.4588084,
South Asia (WB),,2021,42.850647,,0.63409626,
South Asia (WB),,2021,42.850647,,0.629,
South Asia (WB),,2021,42.850647,,0.8522403,
South Asia (WB),,2021,42.850647,,0.84548646,
South Asia (WB),,2021,42.850647,,0.77192116,
South Asia (WB),,2021,42.850647,,0.641,
South Asia (WB),,2021,42.850647,,0.558,
South Asia (WB),,2021,42.850647,,0.77544844,
South Asia (WB),,2021,42.850647,,0.903,
South Korea,KOR,1990,0.023265092,13.92536,0.738,Asia
South Korea,KOR,1991,0.046124436,15.485522,0.749,Asia
South Korea,KOR,1992,0.09840434,16.59954,0.759,Asia
South Korea,KOR,1993,0.24994652,17.89704,0.77,Asia
South Korea,KOR,1994,0.31135938,19.64667,0.779,Asia
South Korea,KOR,1995,0.81968665,21.396973,0.789,Asia
South Korea,KOR,1996,1.6242372,23.488106,0.801,Asia
South Korea,KOR,1997,3.6008015,23.126568,0.812,Asia
South Korea,KOR,1998,6.7818155,22.512466,0.809,Asia
South Korea,KOR,1999,23.552195,24.495907,0.821,Asia
South Korea,KOR,2000,44.7,25.21157,0.83,Asia
South Korea,KOR,2001,56.6,25.654871,0.838,Asia
South Korea,KOR,2002,59.4,27.43286,0.846,Asia
South Korea,KOR,2003,65.5,29.00908,0.852,Asia
South Korea,KOR,2004,72.7,30.6891,0.859,Asia
South Korea,KOR,2005,73.5,33.5136,0.866,Asia
South Korea,KOR,2006,78.1,34.289143,0.871,Asia
South Korea,KOR,2007,78.8,36.378704,0.876,Asia
South Korea,KOR,2008,81.0,37.66689,0.878,Asia
South Korea,KOR,2009,81.6,37.403465,0.881,Asia
South Korea,KOR,2010,83.7,39.90182,0.894,Asia
South Korea,KOR,2011,83.7591,39.71319,0.899,Asia
South Korea,KOR,2012,84.07,39.59322,0.901,Asia
South Korea,KOR,2013,84.77,38.416,0.905,Asia
South Korea,KOR,2014,87.5568,40.029747,0.91,Asia
South Korea,KOR,2015,89.8963,41.849457,0.914,Asia
South Korea,KOR,2016,92.843,43.27548,0.918,Asia
South Korea,KOR,2017,95.0694,45.420845,0.922,Asia
South Korea,KOR,2018,96.0229,47.57825,0.924,Asia
South Korea,KOR,2019,96.1576,49.544704,0.927,Asia
South Korea,KOR,2020,96.5051,51.984924,0.928,Asia
South Korea,KOR,2021,97.5713,53.581005,0.933,Asia
South Korea,KOR,2022,97.1686,54.241924,0.928,Asia
South Korea,KOR,2023,97.416,53.608574,0.937,Asia
South Sudan,SSD,2013,2.2,,0.391,Africa
South Sudan,SSD,2014,2.6,,0.343,Africa
South Sudan,SSD,2015,3.0,,0.317,Africa
South Sudan,SSD,2016,3.5,,0.297,Africa
South Sudan,SSD,2017,4.1,,0.292,Africa
South Sudan,SSD,2018,4.8,,0.371,Africa
South Sudan,SSD,2019,6.7,,0.403,Africa
South Sudan,SSD,2020,9.27123,,0.398,Africa
South Sudan,SSD,2021,9.64241,,0.393,Africa
South Sudan,SSD,2022,12.1407,,0.388,Africa
Spain,ESP,1990,0.012873564,33.42688,0.766,Europe
Spain,ESP,1991,0.025686193,34.493755,0.774,Europe
Spain,ESP,1992,0.07684545,36.15699,0.781,Europe
Spain,ESP,1993,0.12768967,38.04142,0.789,Europe
Spain,ESP,1994,0.28006974,39.975754,0.798,Europe
Spain,ESP,1995,0.38080072,41.363132,0.804,Europe
Spain,ESP,1996,1.3318474,42.10302,0.811,Europe
Spain,ESP,1997,2.8033197,43.426033,0.816,Europe
Spain,ESP,1998,4.361892,44.1164,0.821,Europe
Spain,ESP,1999,7.0850396,43.85755,0.825,Europe
Spain,ESP,2000,13.625,44.811985,0.833,Europe
Spain,ESP,2001,18.1487,44.947136,0.839,Europe
Spain,ESP,2002,20.39,45.945953,0.844,Europe
Spain,ESP,2003,39.93,44.63244,0.846,Europe
Spain,ESP,2004,44.01,44.7477,0.852,Europe
Spain,ESP,2005,47.88,46.64838,0.857,Europe
Spain,ESP,2006,50.37,48.49922,0.862,Europe
Spain,ESP,2007,55.11,51.199627,0.864,Europe
Spain,ESP,2008,59.6,51.883926,0.865,Europe
Spain,ESP,2009,62.4,54.0441,0.867,Europe
Spain,ESP,2010,65.8,54.77375,0.875,Europe
Spain,ESP,2011,67.09,55.09166,0.879,Europe
Spain,ESP,2012,69.81,57.414482,0.881,Europe
Spain,ESP,2013,71.635,57.504654,0.886,Europe
Spain,ESP,2014,76.1867,57.19161,0.89,Europe
Spain,ESP,2015,78.6896,58.978977,0.895,Europe
Spain,ESP,2016,80.5613,59.979256,0.9,Europe
Spain,ESP,2017,84.6022,61.159767,0.902,Europe
Spain,ESP,2018,86.1072,59.54519,0.905,Europe
Spain,ESP,2019,90.7187,62.680885,0.91,Europe
Spain,ESP,2020,93.2056,61.291573,0.901,Europe
Spain,ESP,2021,93.8975,61.418144,0.912,Europe
Spain,ESP,2022,94.4855,62.984673,0.911,Europe
Spain,ESP,2023,95.4456,63.997158,0.918,Europe
Sri Lanka,LKA,1990,0.0,5.5166616,0.638,Asia
Sri Lanka,LKA,1991,0.0,5.63772,0.642,Asia
Sri Lanka,LKA,1992,0.0,6.1330605,0.65,Asia
Sri Lanka,LKA,1993,0.0,6.2922087,0.658,Asia
Sri Lanka,LKA,1994,0.002765448,6.8703413,0.664,Asia
Sri Lanka,LKA,1995,0.005484436,7.0016956,0.667,Asia
Sri Lanka,LKA,1996,0.0544645,7.1508865,0.672,Asia
Sri Lanka,LKA,1997,0.16246454,7.5504293,0.679,Asia
Sri Lanka,LKA,1998,0.2963511,7.4897385,0.685,Asia
Sri Lanka,LKA,1999,0.34841442,7.376028,0.692,Asia
Sri Lanka,LKA,2000,0.64741,6.970878,0.702,Asia
Sri Lanka,LKA,2001,0.793822,7.1534643,0.704,Asia
Sri Lanka,LKA,2002,1.05042,7.9734735,0.709,Asia
Sri Lanka,LKA,2003,1.45858,8.39938,0.713,Asia
Sri Lanka,LKA,2004,1.44616,7.7254934,0.695,Asia
Sri Lanka,LKA,2005,1.79205,7.686735,0.721,Asia
Sri Lanka,LKA,2006,2.53757,9.118135,0.724,Asia
Sri Lanka,LKA,2007,3.88,10.168807,0.729,Asia
Sri Lanka,LKA,2014,10.5,16.267624,0.767,Asia
Sri Lanka,LKA,2015,15.26,17.45634,0.769,Asia
Sri Lanka,LKA,2016,22.19,17.871292,0.772,Asia
Sri Lanka,LKA,2017,25.1,17.869272,0.777,Asia
Sri Lanka,LKA,2018,28.3,19.278402,0.782,Asia
Sri Lanka,LKA,2019,32.0,19.115978,0.781,Asia
Sri Lanka,LKA,2020,36.1847,19.68723,0.78,Asia
Sri Lanka,LKA,2021,44.4531,20.185148,0.777,Asia
Sri Lanka,LKA,2022,50.1067,18.072573,0.777,Asia
Sub-Saharan Africa (WB),,1990,0.0,,0.55,
Sub-Saharan Africa (WB),,1990,0.0,,0.514,
Sub-Saharan Africa (WB),,1990,0.0,,0.674,
Sub-Saharan Africa (WB),,1990,0.0,,0.7739702,
Sub-Saharan Africa (WB),,1990,0.0,,0.569,
Sub-Saharan Africa (WB),,1990,0.0,,0.8043755,
Sub-Saharan Africa (WB),,1990,0.0,,0.648,
Sub-Saharan Africa (WB),,1990,0.0,,0.346,
Sub-Saharan Africa (WB),,1990,0.0,,0.439,
Sub-Saharan Africa (WB),,1990,0.0,,0.6497253,
Sub-Saharan Africa (WB),,1990,0.0,,0.454,
Sub-Saharan Africa (WB),,1990,0.0,,0.405,
Sub-Saharan Africa (WB),,1990,0.0,,0.797,
Sub-Saharan Africa (WB),,1991,0.00103339,,0.552,
Sub-Saharan Africa (WB),,1991,0.00103339,,0.522,
Sub-Saharan Africa (WB),,1991,0.00103339,,0.671,
Sub-Saharan Africa (WB),,1991,0.00103339,,0.7779599,
Sub-Saharan Africa (WB),,1991,0.00103339,,0.574,
Sub-Saharan Africa (WB),,1991,0.00103339,,0.806783,
Sub-Saharan Africa (WB),,1991,0.00103339,,0.653,
Sub-Saharan Africa (WB),,1991,0.00103339,,0.348,
Sub-Saharan Africa (WB),,1991,0.00103339,,0.44,
Sub-Saharan Africa (WB),,1991,0.00103339,,0.6547653,
Sub-Saharan Africa (WB),,1991,0.00103339,,0.458,
Sub-Saharan Africa (WB),,1991,0.00103339,,0.409,
Sub-Saharan Africa (WB),,1991,0.00103339,,0.8,
Sub-Saharan Africa (WB),,1992,0.003006051,,0.561,
Sub-Saharan Africa (WB),,1992,0.003006051,,0.531,
Sub-Saharan Africa (WB),,1992,0.003006051,,0.664,
Sub-Saharan Africa (WB),,1992,0.003006051,,0.78332764,
Sub-Saharan Africa (WB),,1992,0.003006051,,0.58,
Sub-Saharan Africa (WB),,1992,0.003006051,,0.80932313,
Sub-Saharan Africa (WB),,1992,0.003006051,,0.657,
Sub-Saharan Africa (WB),,1992,0.003006051,,0.352,
Sub-Saharan Africa (WB),,1992,0.003006051,,0.445,
Sub-Saharan Africa (WB),,1992,0.003006051,,0.65902275,
Sub-Saharan Africa (WB),,1992,0.003006051,,0.464,
Sub-Saharan Africa (WB),,1992,0.003006051,,0.408,
Sub-Saharan Africa (WB),,1992,0.003006051,,0.802,
Sub-Saharan Africa (WB),,1993,0.008724507,,0.571,
Sub-Saharan Africa (WB),,1993,0.008724507,,0.541,
Sub-Saharan Africa (WB),,1993,0.008724507,,0.659,
Sub-Saharan Africa (WB),,1993,0.008724507,,0.79047537,
Sub-Saharan Africa (WB),,1993,0.008724507,,0.586,
Sub-Saharan Africa (WB),,1993,0.008724507,,0.81150347,
Sub-Saharan Africa (WB),,1993,0.008724507,,0.661,
Sub-Saharan Africa (WB),,1993,0.008724507,,0.356,
Sub-Saharan Africa (WB),,1993,0.008724507,,0.449,
Sub-Saharan Africa (WB),,1993,0.008724507,,0.66415447,
Sub-Saharan Africa (WB),,1993,0.008724507,,0.468,
Sub-Saharan Africa (WB),,1993,0.008724507,,0.411,
Sub-Saharan Africa (WB),,1993,0.008724507,,0.804,
Sub-Saharan Africa (WB),,1994,0.018911593,,0.577,
Sub-Saharan Africa (WB),,1994,0.018911593,,0.55,
Sub-Saharan Africa (WB),,1994,0.018911593,,0.654,
Sub-Saharan Africa (WB),,1994,0.018911593,,0.7999784,
Sub-Saharan Africa (WB),,1994,0.018911593,,0.591,
Sub-Saharan Africa (WB),,1994,0.018911593,,0.81610936,
Sub-Saharan Africa (WB),,1994,0.018911593,,0.666,
Sub-Saharan Africa (WB),,1994,0.018911593,,0.361,
Sub-Saharan Africa (WB),,1994,0.018911593,,0.453,
Sub-Saharan Africa (WB),,1994,0.018911593,,0.66946566,
Sub-Saharan Africa (WB),,1994,0.018911593,,0.472,
Sub-Saharan Africa (WB),,1994,0.018911593,,0.413,
Sub-Saharan Africa (WB),,1994,0.018911593,,0.809,
Sub-Saharan Africa (WB),,1995,0.051620305,,0.582,
Sub-Saharan Africa (WB),,1995,0.051620305,,0.559,
Sub-Saharan Africa (WB),,1995,0.051620305,,0.7735119,
Sub-Saharan Africa (WB),,1995,0.051620305,,0.658,
Sub-Saharan Africa (WB),,1995,0.051620305,,0.8133682,
Sub-Saharan Africa (WB),,1995,0.051620305,,0.599,
Sub-Saharan Africa (WB),,1995,0.051620305,,0.8224163,
Sub-Saharan Africa (WB),,1995,0.051620305,,0.67,
Sub-Saharan Africa (WB),,1995,0.051620305,,0.368,
Sub-Saharan Africa (WB),,1995,0.051620305,,0.459,
Sub-Saharan Africa (WB),,1995,0.051620305,,0.6756636,
Sub-Saharan Africa (WB),,1995,0.051620305,,0.478,
Sub-Saharan Africa (WB),,1995,0.051620305,,0.42,
Sub-Saharan Africa (WB),,1995,0.051620305,,0.812,
Sub-Saharan Africa (WB),,1996,0.07231788,,0.59,
Sub-Saharan Africa (WB),,1996,0.07231788,,0.57,
Sub-Saharan Africa (WB),,1996,0.07231788,,0.7801411,
Sub-Saharan Africa (WB),,1996,0.07231788,,0.662,
Sub-Saharan Africa (WB),,1996,0.07231788,,0.82013655,
Sub-Saharan Africa (WB),,1996,0.07231788,,0.607,
Sub-Saharan Africa (WB),,1996,0.07231788,,0.82840586,
Sub-Saharan Africa (WB),,1996,0.07231788,,0.676,
Sub-Saharan Africa (WB),,1996,0.07231788,,0.373,
Sub-Saharan Africa (WB),,1996,0.07231788,,0.466,
Sub-Saharan Africa (WB),,1996,0.07231788,,0.6810407,
Sub-Saharan Africa (WB),,1996,0.07231788,,0.484,
Sub-Saharan Africa (WB),,1996,0.07231788,,0.423,
Sub-Saharan Africa (WB),,1996,0.07231788,,0.818,
Sub-Saharan Africa (WB),,1997,0.13508853,,0.596,
Sub-Saharan Africa (WB),,1997,0.13508853,,0.579,
Sub-Saharan Africa (WB),,1997,0.13508853,,0.7872637,
Sub-Saharan Africa (WB),,1997,0.13508853,,0.668,
Sub-Saharan Africa (WB),,1997,0.13508853,,0.8263604,
Sub-Saharan Africa (WB),,1997,0.13508853,,0.615,
Sub-Saharan Africa (WB),,1997,0.13508853,,0.83428735,
Sub-Saharan Africa (WB),,1997,0.13508853,,0.683,
Sub-Saharan Africa (WB),,1997,0.13508853,,0.378,
Sub-Saharan Africa (WB),,1997,0.13508853,,0.472,
Sub-Saharan Africa (WB),,1997,0.13508853,,0.6869894,
Sub-Saharan Africa (WB),,1997,0.13508853,,0.49,
Sub-Saharan Africa (WB),,1997,0.13508853,,0.427,
Sub-Saharan Africa (WB),,1997,0.13508853,,0.824,
Sub-Saharan Africa (WB),,1998,0.24472712,,0.603,
Sub-Saharan Africa (WB),,1998,0.24472712,,0.586,
Sub-Saharan Africa (WB),,1998,0.24472712,,0.7928959,
Sub-Saharan Africa (WB),,1998,0.24472712,,0.674,
Sub-Saharan Africa (WB),,1998,0.24472712,,0.8325962,
Sub-Saharan Africa (WB),,1998,0.24472712,,0.622,
Sub-Saharan Africa (WB),,1998,0.24472712,,0.83827734,
Sub-Saharan Africa (WB),,1998,0.24472712,,0.688,
Sub-Saharan Africa (WB),,1998,0.24472712,,0.382,
Sub-Saharan Africa (WB),,1998,0.24472712,,0.478,
Sub-Saharan Africa (WB),,1998,0.24472712,,0.6915652,
Sub-Saharan Africa (WB),,1998,0.24472712,,0.496,
Sub-Saharan Africa (WB),,1998,0.24472712,,0.43,
Sub-Saharan Africa (WB),,1998,0.24472712,,0.829,
Sub-Saharan Africa (WB),,1999,0.37397653,,0.609,
Sub-Saharan Africa (WB),,1999,0.37397653,,0.594,
Sub-Saharan Africa (WB),,1999,0.37397653,,0.7974899,
Sub-Saharan Africa (WB),,1999,0.37397653,,0.676,
Sub-Saharan Africa (WB),,1999,0.37397653,,0.8380795,
Sub-Saharan Africa (WB),,1999,0.37397653,,0.628,
Sub-Saharan Africa (WB),,1999,0.37397653,,0.84187406,
Sub-Saharan Africa (WB),,1999,0.37397653,,0.692,
Sub-Saharan Africa (WB),,1999,0.37397653,,0.39,
Sub-Saharan Africa (WB),,1999,0.37397653,,0.48673937,
Sub-Saharan Africa (WB),,1999,0.37397653,,0.485,
Sub-Saharan Africa (WB),,1999,0.37397653,,0.69540364,
Sub-Saharan Africa (WB),,1999,0.37397653,,0.503,
Sub-Saharan Africa (WB),,1999,0.37397653,,0.433,
Sub-Saharan Africa (WB),,1999,0.37397653,,0.832,
Sub-Saharan Africa (WB),,2000,0.513707,,0.4245854,
Sub-Saharan Africa (WB),,2000,0.513707,,0.615,
Sub-Saharan Africa (WB),,2000,0.513707,,0.569869,
Sub-Saharan Africa (WB),,2000,0.513707,,0.604,
Sub-Saharan Africa (WB),,2000,0.513707,,0.8080217,
Sub-Saharan Africa (WB),,2000,0.513707,,0.686,
Sub-Saharan Africa (WB),,2000,0.513707,,0.8433045,
Sub-Saharan Africa (WB),,2000,0.513707,,0.636,
Sub-Saharan Africa (WB),,2000,0.513707,,0.84814763,
Sub-Saharan Africa (WB),,2000,0.513707,,0.697,
Sub-Saharan Africa (WB),,2000,0.513707,,0.393,
Sub-Saharan Africa (WB),,2000,0.513707,,0.49990252,
Sub-Saharan Africa (WB),,2000,0.513707,,0.491,
Sub-Saharan Africa (WB),,2000,0.513707,,0.81713676,
Sub-Saharan Africa (WB),,2000,0.513707,,0.70062786,
Sub-Saharan Africa (WB),,2000,0.513707,,0.508,
Sub-Saharan Africa (WB),,2000,0.513707,,0.435,
Sub-Saharan Africa (WB),,2000,0.513707,,0.6285039,
Sub-Saharan Africa (WB),,2000,0.513707,,0.838,
Sub-Saharan Africa (WB),,2001,0.6520356,,0.4292593,
Sub-Saharan Africa (WB),,2001,0.6520356,,0.621,
Sub-Saharan Africa (WB),,2001,0.6520356,,0.5783103,
Sub-Saharan Africa (WB),,2001,0.6520356,,0.612,
Sub-Saharan Africa (WB),,2001,0.6520356,,0.81529015,
Sub-Saharan Africa (WB),,2001,0.6520356,,0.693,
Sub-Saharan Africa (WB),,2001,0.6520356,,0.84985864,
Sub-Saharan Africa (WB),,2001,0.6520356,,0.643,
Sub-Saharan Africa (WB),,2001,0.6520356,,0.8533231,
Sub-Saharan Africa (WB),,2001,0.6520356,,0.702,
Sub-Saharan Africa (WB),,2001,0.6520356,,0.401,
Sub-Saharan Africa (WB),,2001,0.6520356,,0.5078028,
Sub-Saharan Africa (WB),,2001,0.6520356,,0.5,
Sub-Saharan Africa (WB),,2001,0.6520356,,0.819591,
Sub-Saharan Africa (WB),,2001,0.6520356,,0.7054202,
Sub-Saharan Africa (WB),,2001,0.6520356,,0.517,
Sub-Saharan Africa (WB),,2001,0.6520356,,0.441,
Sub-Saharan Africa (WB),,2001,0.6520356,,0.63662523,
Sub-Saharan Africa (WB),,2001,0.6520356,,0.843,
Sub-Saharan Africa (WB),,2002,0.8343979,,0.43494922,
Sub-Saharan Africa (WB),,2002,0.8343979,,0.626,
Sub-Saharan Africa (WB),,2002,0.8343979,,0.5859656,
Sub-Saharan Africa (WB),,2002,0.8343979,,0.622,
Sub-Saharan Africa (WB),,2002,0.8343979,,0.8208476,
Sub-Saharan Africa (WB),,2002,0.8343979,,0.701,
Sub-Saharan Africa (WB),,2002,0.8343979,,0.85488456,
Sub-Saharan Africa (WB),,2002,0.8343979,,0.651,
Sub-Saharan Africa (WB),,2002,0.8343979,,0.85723525,
Sub-Saharan Africa (WB),,2002,0.8343979,,0.706,
Sub-Saharan Africa (WB),,2002,0.8343979,,0.407,
Sub-Saharan Africa (WB),,2002,0.8343979,,0.5139684,
Sub-Saharan Africa (WB),,2002,0.8343979,,0.506,
Sub-Saharan Africa (WB),,2002,0.8343979,,0.8224308,
Sub-Saharan Africa (WB),,2002,0.8343979,,0.71004105,
Sub-Saharan Africa (WB),,2002,0.8343979,,0.523,
Sub-Saharan Africa (WB),,2002,0.8343979,,0.449,
Sub-Saharan Africa (WB),,2002,0.8343979,,0.645688,
Sub-Saharan Africa (WB),,2002,0.8343979,,0.847,
Sub-Saharan Africa (WB),,2003,1.1083876,,0.44065332,
Sub-Saharan Africa (WB),,2003,1.1083876,,0.63,
Sub-Saharan Africa (WB),,2003,1.1083876,,0.5955544,
Sub-Saharan Africa (WB),,2003,1.1083876,,0.632,
Sub-Saharan Africa (WB),,2003,1.1083876,,0.8275237,
Sub-Saharan Africa (WB),,2003,1.1083876,,0.709,
Sub-Saharan Africa (WB),,2003,1.1083876,,0.85958296,
Sub-Saharan Africa (WB),,2003,1.1083876,,0.659,
Sub-Saharan Africa (WB),,2003,1.1083876,,0.8615973,
Sub-Saharan Africa (WB),,2003,1.1083876,,0.711,
Sub-Saharan Africa (WB),,2003,1.1083876,,0.414,
Sub-Saharan Africa (WB),,2003,1.1083876,,0.5242137,
Sub-Saharan Africa (WB),,2003,1.1083876,,0.516,
Sub-Saharan Africa (WB),,2003,1.1083876,,0.8255375,
Sub-Saharan Africa (WB),,2003,1.1083876,,0.7139729,
Sub-Saharan Africa (WB),,2003,1.1083876,,0.535,
Sub-Saharan Africa (WB),,2003,1.1083876,,0.457,
Sub-Saharan Africa (WB),,2003,1.1083876,,0.65426606,
Sub-Saharan Africa (WB),,2003,1.1083876,,0.852,
Sub-Saharan Africa (WB),,2004,1.4898397,,0.44817433,
Sub-Saharan Africa (WB),,2004,1.4898397,,0.638,
Sub-Saharan Africa (WB),,2004,1.4898397,,0.6048904,
Sub-Saharan Africa (WB),,2004,1.4898397,,0.641,
Sub-Saharan Africa (WB),,2004,1.4898397,,0.83400583,
Sub-Saharan Africa (WB),,2004,1.4898397,,0.716,
Sub-Saharan Africa (WB),,2004,1.4898397,,0.8654416,
Sub-Saharan Africa (WB),,2004,1.4898397,,0.666,
Sub-Saharan Africa (WB),,2004,1.4898397,,0.8671708,
Sub-Saharan Africa (WB),,2004,1.4898397,,0.717,
Sub-Saharan Africa (WB),,2004,1.4898397,,0.424,
Sub-Saharan Africa (WB),,2004,1.4898397,,0.533825,
Sub-Saharan Africa (WB),,2004,1.4898397,,0.526,
Sub-Saharan Africa (WB),,2004,1.4898397,,0.83012056,
Sub-Saharan Africa (WB),,2004,1.4898397,,0.7216664,
Sub-Saharan Africa (WB),,2004,1.4898397,,0.543,
Sub-Saharan Africa (WB),,2004,1.4898397,,0.466,
Sub-Saharan Africa (WB),,2004,1.4898397,,0.66330206,
Sub-Saharan Africa (WB),,2004,1.4898397,,0.857,
Sub-Saharan Africa (WB),,2005,2.0,,0.461668,
Sub-Saharan Africa (WB),,2005,2.0,,0.645,
Sub-Saharan Africa (WB),,2005,2.0,,0.61573684,
Sub-Saharan Africa (WB),,2005,2.0,,0.652,
Sub-Saharan Africa (WB),,2005,2.0,,0.84263706,
Sub-Saharan Africa (WB),,2005,2.0,,0.72,
Sub-Saharan Africa (WB),,2005,2.0,,0.8698894,
Sub-Saharan Africa (WB),,2005,2.0,,0.675,
Sub-Saharan Africa (WB),,2005,2.0,,0.87086254,
Sub-Saharan Africa (WB),,2005,2.0,,0.723,
Sub-Saharan Africa (WB),,2005,2.0,,0.433,
Sub-Saharan Africa (WB),,2005,2.0,,0.34204078,
Sub-Saharan Africa (WB),,2005,2.0,,0.5434632,
Sub-Saharan Africa (WB),,2005,2.0,,0.535,
Sub-Saharan Africa (WB),,2005,2.0,,0.8332466,
Sub-Saharan Africa (WB),,2005,2.0,,0.80804354,
Sub-Saharan Africa (WB),,2005,2.0,,0.727708,
Sub-Saharan Africa (WB),,2005,2.0,,0.552,
Sub-Saharan Africa (WB),,2005,2.0,,0.473,
Sub-Saharan Africa (WB),,2005,2.0,,0.6755118,
Sub-Saharan Africa (WB),,2005,2.0,,0.861,
Sub-Saharan Africa (WB),,2006,2.5,,0.46813595,
Sub-Saharan Africa (WB),,2006,2.5,,0.652,
Sub-Saharan Africa (WB),,2006,2.5,,0.6248776,
Sub-Saharan Africa (WB),,2006,2.5,,0.662,
Sub-Saharan Africa (WB),,2006,2.5,,0.848911,
Sub-Saharan Africa (WB),,2006,2.5,,0.728,
Sub-Saharan Africa (WB),,2006,2.5,,0.87523013,
Sub-Saharan Africa (WB),,2006,2.5,,0.683,
Sub-Saharan Africa (WB),,2006,2.5,,0.87583596,
Sub-Saharan Africa (WB),,2006,2.5,,0.729,
Sub-Saharan Africa (WB),,2006,2.5,,0.442,
Sub-Saharan Africa (WB),,2006,2.5,,0.35059604,
Sub-Saharan Africa (WB),,2006,2.5,,0.55155903,
Sub-Saharan Africa (WB),,2006,2.5,,0.543,
Sub-Saharan Africa (WB),,2006,2.5,,0.8386846,
Sub-Saharan Africa (WB),,2006,2.5,,0.8101854,
Sub-Saharan Africa (WB),,2006,2.5,,0.73351294,
Sub-Saharan Africa (WB),,2006,2.5,,0.561,
Sub-Saharan Africa (WB),,2006,2.5,,0.481,
Sub-Saharan Africa (WB),,2006,2.5,,0.6853619,
Sub-Saharan Africa (WB),,2006,2.5,,0.866,
Sub-Saharan Africa (WB),,2007,3.3,,0.4750963,
Sub-Saharan Africa (WB),,2007,3.3,,0.658,
Sub-Saharan Africa (WB),,2007,3.3,,0.63415104,
Sub-Saharan Africa (WB),,2007,3.3,,0.673,
Sub-Saharan Africa (WB),,2007,3.3,,0.8548727,
Sub-Saharan Africa (WB),,2007,3.3,,0.736,
Sub-Saharan Africa (WB),,2007,3.3,,0.87925476,
Sub-Saharan Africa (WB),,2007,3.3,,0.692,
Sub-Saharan Africa (WB),,2007,3.3,,0.8802514,
Sub-Saharan Africa (WB),,2007,3.3,,0.736,
Sub-Saharan Africa (WB),,2007,3.3,,0.45,
Sub-Saharan Africa (WB),,2007,3.3,,0.3596332,
Sub-Saharan Africa (WB),,2007,3.3,,0.5593327,
Sub-Saharan Africa (WB),,2007,3.3,,0.551,
Sub-Saharan Africa (WB),,2007,3.3,,0.84200835,
Sub-Saharan Africa (WB),,2007,3.3,,0.8121299,
Sub-Saharan Africa (WB),,2007,3.3,,0.74158055,
Sub-Saharan Africa (WB),,2007,3.3,,0.569,
Sub-Saharan Africa (WB),,2007,3.3,,0.489,
Sub-Saharan Africa (WB),,2007,3.3,,0.6958714,
Sub-Saharan Africa (WB),,2007,3.3,,0.87,
Sub-Saharan Africa (WB),,2008,3.8,,0.49759457,
Sub-Saharan Africa (WB),,2008,3.8,,0.661,
Sub-Saharan Africa (WB),,2008,3.8,,0.64034575,
Sub-Saharan Africa (WB),,2008,3.8,,0.68,
Sub-Saharan Africa (WB),,2008,3.8,,0.8590917,
Sub-Saharan Africa (WB),,2008,3.8,,0.74,
Sub-Saharan Africa (WB),,2008,3.8,,0.88218033,
Sub-Saharan Africa (WB),,2008,3.8,,0.699,
Sub-Saharan Africa (WB),,2008,3.8,,0.8827478,
Sub-Saharan Africa (WB),,2008,3.8,,0.742,
Sub-Saharan Africa (WB),,2008,3.8,,0.457,
Sub-Saharan Africa (WB),,2008,3.8,,0.39877075,
Sub-Saharan Africa (WB),,2008,3.8,,0.56541926,
Sub-Saharan Africa (WB),,2008,3.8,,0.558,
Sub-Saharan Africa (WB),,2008,3.8,,0.8433985,
Sub-Saharan Africa (WB),,2008,3.8,,0.8153273,
Sub-Saharan Africa (WB),,2008,3.8,,0.7485009,
Sub-Saharan Africa (WB),,2008,3.8,,0.575,
Sub-Saharan Africa (WB),,2008,3.8,,0.497,
Sub-Saharan Africa (WB),,2008,3.8,,0.7032563,
Sub-Saharan Africa (WB),,2008,3.8,,0.872,
Sub-Saharan Africa (WB),,2009,4.4,,0.5021216,
Sub-Saharan Africa (WB),,2009,4.4,,0.666,
Sub-Saharan Africa (WB),,2009,4.4,,0.64756656,
Sub-Saharan Africa (WB),,2009,4.4,,0.69,
Sub-Saharan Africa (WB),,2009,4.4,,0.8599548,
Sub-Saharan Africa (WB),,2009,4.4,,0.742,
Sub-Saharan Africa (WB),,2009,4.4,,0.8833343,
Sub-Saharan Africa (WB),,2009,4.4,,0.706,
Sub-Saharan Africa (WB),,2009,4.4,,0.8837552,
Sub-Saharan Africa (WB),,2009,4.4,,0.743,
Sub-Saharan Africa (WB),,2009,4.4,,0.461,
Sub-Saharan Africa (WB),,2009,4.4,,0.402766,
Sub-Saharan Africa (WB),,2009,4.4,,0.5710855,
Sub-Saharan Africa (WB),,2009,4.4,,0.565,
Sub-Saharan Africa (WB),,2009,4.4,,0.8439207,
Sub-Saharan Africa (WB),,2009,4.4,,0.81803006,
Sub-Saharan Africa (WB),,2009,4.4,,0.7512326,
Sub-Saharan Africa (WB),,2009,4.4,,0.58,
Sub-Saharan Africa (WB),,2009,4.4,,0.503,
Sub-Saharan Africa (WB),,2009,4.4,,0.71126586,
Sub-Saharan Africa (WB),,2009,4.4,,0.874,
Sub-Saharan Africa (WB),,2010,6.1,,0.513888,
Sub-Saharan Africa (WB),,2010,6.1,,0.67,
Sub-Saharan Africa (WB),,2010,6.1,,0.65679175,
Sub-Saharan Africa (WB),,2010,6.1,,0.699,
Sub-Saharan Africa (WB),,2010,6.1,,0.8645471,
Sub-Saharan Africa (WB),,2010,6.1,,0.753,
Sub-Saharan Africa (WB),,2010,6.1,,0.8875532,
Sub-Saharan Africa (WB),,2010,6.1,,0.714,
Sub-Saharan Africa (WB),,2010,6.1,,0.88799495,
Sub-Saharan Africa (WB),,2010,6.1,,0.747,
Sub-Saharan Africa (WB),,2010,6.1,,0.467,
Sub-Saharan Africa (WB),,2010,6.1,,0.42096916,
Sub-Saharan Africa (WB),,2010,6.1,,0.57957613,
Sub-Saharan Africa (WB),,2010,6.1,,0.573,
Sub-Saharan Africa (WB),,2010,6.1,,0.84561443,
Sub-Saharan Africa (WB),,2010,6.1,,0.82062435,
Sub-Saharan Africa (WB),,2010,6.1,,0.75787014,
Sub-Saharan Africa (WB),,2010,6.1,,0.59,
Sub-Saharan Africa (WB),,2010,6.1,,0.51,
Sub-Saharan Africa (WB),,2010,6.1,,0.72018623,
Sub-Saharan Africa (WB),,2010,6.1,,0.879,
Sub-Saharan Africa (WB),,2011,7.6,,0.52003187,
Sub-Saharan Africa (WB),,2011,7.6,,0.672,
Sub-Saharan Africa (WB),,2011,7.6,,0.66498727,
Sub-Saharan Africa (WB),,2011,7.6,,0.706,
Sub-Saharan Africa (WB),,2011,7.6,,0.87022907,
Sub-Saharan Africa (WB),,2011,7.6,,0.761,
Sub-Saharan Africa (WB),,2011,7.6,,0.89193636,
Sub-Saharan Africa (WB),,2011,7.6,,0.72,
Sub-Saharan Africa (WB),,2011,7.6,,0.8916487,
Sub-Saharan Africa (WB),,2011,7.6,,0.753,
Sub-Saharan Africa (WB),,2011,7.6,,0.471,
Sub-Saharan Africa (WB),,2011,7.6,,0.4269735,
Sub-Saharan Africa (WB),,2011,7.6,,0.5894755,
Sub-Saharan Africa (WB),,2011,7.6,,0.584,
Sub-Saharan Africa (WB),,2011,7.6,,0.8494359,
Sub-Saharan Africa (WB),,2011,7.6,,0.8243534,
Sub-Saharan Africa (WB),,2011,7.6,,0.7633919,
Sub-Saharan Africa (WB),,2011,7.6,,0.601,
Sub-Saharan Africa (WB),,2011,7.6,,0.517,
Sub-Saharan Africa (WB),,2011,7.6,,0.7270223,
Sub-Saharan Africa (WB),,2011,7.6,,0.883,
Sub-Saharan Africa (WB),,2012,9.2,,0.5260907,
Sub-Saharan Africa (WB),,2012,9.2,,0.68,
Sub-Saharan Africa (WB),,2012,9.2,,0.67128,
Sub-Saharan Africa (WB),,2012,9.2,,0.713,
Sub-Saharan Africa (WB),,2012,9.2,,0.87196416,
Sub-Saharan Africa (WB),,2012,9.2,,0.767,
Sub-Saharan Africa (WB),,2012,9.2,,0.8927878,
Sub-Saharan Africa (WB),,2012,9.2,,0.727,
Sub-Saharan Africa (WB),,2012,9.2,,0.8941138,
Sub-Saharan Africa (WB),,2012,9.2,,0.758,
Sub-Saharan Africa (WB),,2012,9.2,,0.477,
Sub-Saharan Africa (WB),,2012,9.2,,0.43000394,
Sub-Saharan Africa (WB),,2012,9.2,,0.5956914,
Sub-Saharan Africa (WB),,2012,9.2,,0.59,
Sub-Saharan Africa (WB),,2012,9.2,,0.8532949,
Sub-Saharan Africa (WB),,2012,9.2,,0.82798356,
Sub-Saharan Africa (WB),,2012,9.2,,0.7674748,
Sub-Saharan Africa (WB),,2012,9.2,,0.606,
Sub-Saharan Africa (WB),,2012,9.2,,0.523,
Sub-Saharan Africa (WB),,2012,9.2,,0.73412,
Sub-Saharan Africa (WB),,2012,9.2,,0.886,
Sub-Saharan Africa (WB),,2013,11.1,,0.53123987,
Sub-Saharan Africa (WB),,2013,11.1,,0.683,
Sub-Saharan Africa (WB),,2013,11.1,,0.677284,
Sub-Saharan Africa (WB),,2013,11.1,,0.72,
Sub-Saharan Africa (WB),,2013,11.1,,0.87687457,
Sub-Saharan Africa (WB),,2013,11.1,,0.78,
Sub-Saharan Africa (WB),,2013,11.1,,0.8967906,
Sub-Saharan Africa (WB),,2013,11.1,,0.733,
Sub-Saharan Africa (WB),,2013,11.1,,0.8981406,
Sub-Saharan Africa (WB),,2013,11.1,,0.762,
Sub-Saharan Africa (WB),,2013,11.1,,0.482,
Sub-Saharan Africa (WB),,2013,11.1,,0.432075,
Sub-Saharan Africa (WB),,2013,11.1,,0.60151386,
Sub-Saharan Africa (WB),,2013,11.1,,0.595,
Sub-Saharan Africa (WB),,2013,11.1,,0.85496044,
Sub-Saharan Africa (WB),,2013,11.1,,0.8279558,
Sub-Saharan Africa (WB),,2013,11.1,,0.7731587,
Sub-Saharan Africa (WB),,2013,11.1,,0.611,
Sub-Saharan Africa (WB),,2013,11.1,,0.528,
Sub-Saharan Africa (WB),,2013,11.1,,0.7406829,
Sub-Saharan Africa (WB),,2013,11.1,,0.892,
Sub-Saharan Africa (WB),,2014,13.2,,0.5367227,
Sub-Saharan Africa (WB),,2014,13.2,,0.688,
Sub-Saharan Africa (WB),,2014,13.2,,0.68550044,
Sub-Saharan Africa (WB),,2014,13.2,,0.728,
Sub-Saharan Africa (WB),,2014,13.2,,0.87929887,
Sub-Saharan Africa (WB),,2014,13.2,,0.785,
Sub-Saharan Africa (WB),,2014,13.2,,0.8999237,
Sub-Saharan Africa (WB),,2014,13.2,,0.739,
Sub-Saharan Africa (WB),,2014,13.2,,0.90055966,
Sub-Saharan Africa (WB),,2014,13.2,,0.765,
Sub-Saharan Africa (WB),,2014,13.2,,0.488,
Sub-Saharan Africa (WB),,2014,13.2,,0.43649974,
Sub-Saharan Africa (WB),,2014,13.2,,0.60980934,
Sub-Saharan Africa (WB),,2014,13.2,,0.604,
Sub-Saharan Africa (WB),,2014,13.2,,0.85716856,
Sub-Saharan Africa (WB),,2014,13.2,,0.8310525,
Sub-Saharan Africa (WB),,2014,13.2,,0.7760436,
Sub-Saharan Africa (WB),,2014,13.2,,0.62,
Sub-Saharan Africa (WB),,2014,13.2,,0.534,
Sub-Saharan Africa (WB),,2014,13.2,,0.7478326,
Sub-Saharan Africa (WB),,2014,13.2,,0.895,
Sub-Saharan Africa (WB),,2015,15.5,,0.5425902,
Sub-Saharan Africa (WB),,2015,15.5,,0.693,
Sub-Saharan Africa (WB),,2015,15.5,,0.6922845,
Sub-Saharan Africa (WB),,2015,15.5,,0.735,
Sub-Saharan Africa (WB),,2015,15.5,,0.88032347,
Sub-Saharan Africa (WB),,2015,15.5,,0.789,
Sub-Saharan Africa (WB),,2015,15.5,,0.9017791,
Sub-Saharan Africa (WB),,2015,15.5,,0.744,
Sub-Saharan Africa (WB),,2015,15.5,,0.9027572,
Sub-Saharan Africa (WB),,2015,15.5,,0.767,
Sub-Saharan Africa (WB),,2015,15.5,,0.491,
Sub-Saharan Africa (WB),,2015,15.5,,0.43883622,
Sub-Saharan Africa (WB),,2015,15.5,,0.6173714,
Sub-Saharan Africa (WB),,2015,15.5,,0.611,
Sub-Saharan Africa (WB),,2015,15.5,,0.8591236,
Sub-Saharan Africa (WB),,2015,15.5,,0.8333656,
Sub-Saharan Africa (WB),,2015,15.5,,0.7772507,
Sub-Saharan Africa (WB),,2015,15.5,,0.627,
Sub-Saharan Africa (WB),,2015,15.5,,0.54,
Sub-Saharan Africa (WB),,2015,15.5,,0.7533915,
Sub-Saharan Africa (WB),,2015,15.5,,0.898,
Sub-Saharan Africa (WB),,2016,17.4,,0.5466387,
Sub-Saharan Africa (WB),,2016,17.4,,0.698,
Sub-Saharan Africa (WB),,2016,17.4,,0.6996885,
Sub-Saharan Africa (WB),,2016,17.4,,0.742,
Sub-Saharan Africa (WB),,2016,17.4,,0.8832819,
Sub-Saharan Africa (WB),,2016,17.4,,0.793,
Sub-Saharan Africa (WB),,2016,17.4,,0.9050324,
Sub-Saharan Africa (WB),,2016,17.4,,0.749,
Sub-Saharan Africa (WB),,2016,17.4,,0.90514636,
Sub-Saharan Africa (WB),,2016,17.4,,0.769,
Sub-Saharan Africa (WB),,2016,17.4,,0.497,
Sub-Saharan Africa (WB),,2016,17.4,,0.4427982,
Sub-Saharan Africa (WB),,2016,17.4,,0.62547666,
Sub-Saharan Africa (WB),,2016,17.4,,0.62,
Sub-Saharan Africa (WB),,2016,17.4,,0.86142576,
Sub-Saharan Africa (WB),,2016,17.4,,0.83567315,
Sub-Saharan Africa (WB),,2016,17.4,,0.7784721,
Sub-Saharan Africa (WB),,2016,17.4,,0.637,
Sub-Saharan Africa (WB),,2016,17.4,,0.543,
Sub-Saharan Africa (WB),,2016,17.4,,0.7588624,
Sub-Saharan Africa (WB),,2016,17.4,,0.9,
Sub-Saharan Africa (WB),,2017,19.7,,0.5504002,
Sub-Saharan Africa (WB),,2017,19.7,,0.702,
Sub-Saharan Africa (WB),,2017,19.7,,0.7046988,
Sub-Saharan Africa (WB),,2017,19.7,,0.749,
Sub-Saharan Africa (WB),,2017,19.7,,0.8861951,
Sub-Saharan Africa (WB),,2017,19.7,,0.8,
Sub-Saharan Africa (WB),,2017,19.7,,0.9075523,
Sub-Saharan Africa (WB),,2017,19.7,,0.754,
Sub-Saharan Africa (WB),,2017,19.7,,0.90792,
Sub-Saharan Africa (WB),,2017,19.7,,0.772,
Sub-Saharan Africa (WB),,2017,19.7,,0.5,
Sub-Saharan Africa (WB),,2017,19.7,,0.44619104,
Sub-Saharan Africa (WB),,2017,19.7,,0.62979513,
Sub-Saharan Africa (WB),,2017,19.7,,0.624,
Sub-Saharan Africa (WB),,2017,19.7,,0.8636879,
Sub-Saharan Africa (WB),,2017,19.7,,0.83694863,
Sub-Saharan Africa (WB),,2017,19.7,,0.7811188,
Sub-Saharan Africa (WB),,2017,19.7,,0.641,
Sub-Saharan Africa (WB),,2017,19.7,,0.546,
Sub-Saharan Africa (WB),,2017,19.7,,0.7643767,
Sub-Saharan Africa (WB),,2017,19.7,,0.903,
Sub-Saharan Africa (WB),,2018,22.2,,0.5558327,
Sub-Saharan Africa (WB),,2018,22.2,,0.707,
Sub-Saharan Africa (WB),,2018,22.2,,0.7085525,
Sub-Saharan Africa (WB),,2018,22.2,,0.756,
Sub-Saharan Africa (WB),,2018,22.2,,0.88933504,
Sub-Saharan Africa (WB),,2018,22.2,,0.804,
Sub-Saharan Africa (WB),,2018,22.2,,0.9103591,
Sub-Saharan Africa (WB),,2018,22.2,,0.76,
Sub-Saharan Africa (WB),,2018,22.2,,0.91105837,
Sub-Saharan Africa (WB),,2018,22.2,,0.774,
Sub-Saharan Africa (WB),,2018,22.2,,0.504,
Sub-Saharan Africa (WB),,2018,22.2,,0.4525536,
Sub-Saharan Africa (WB),,2018,22.2,,0.6321534,
Sub-Saharan Africa (WB),,2018,22.2,,0.627,
Sub-Saharan Africa (WB),,2018,22.2,,0.8665236,
Sub-Saharan Africa (WB),,2018,22.2,,0.84073627,
Sub-Saharan Africa (WB),,2018,22.2,,0.7836532,
Sub-Saharan Africa (WB),,2018,22.2,,0.642,
Sub-Saharan Africa (WB),,2018,22.2,,0.551,
Sub-Saharan Africa (WB),,2018,22.2,,0.7702497,
Sub-Saharan Africa (WB),,2018,22.2,,0.906,
Sub-Saharan Africa (WB),,2019,25.3,,0.56035364,
Sub-Saharan Africa (WB),,2019,25.3,,0.712,
Sub-Saharan Africa (WB),,2019,25.3,,0.7126623,
Sub-Saharan Africa (WB),,2019,25.3,,0.761,
Sub-Saharan Africa (WB),,2019,25.3,,0.89306754,
Sub-Saharan Africa (WB),,2019,25.3,,0.808,
Sub-Saharan Africa (WB),,2019,25.3,,0.9143795,
Sub-Saharan Africa (WB),,2019,25.3,,0.765,
Sub-Saharan Africa (WB),,2019,25.3,,0.91397655,
Sub-Saharan Africa (WB),,2019,25.3,,0.776,
Sub-Saharan Africa (WB),,2019,25.3,,0.507,
Sub-Saharan Africa (WB),,2019,25.3,,0.45707306,
Sub-Saharan Africa (WB),,2019,25.3,,0.63645244,
Sub-Saharan Africa (WB),,2019,25.3,,0.631,
Sub-Saharan Africa (WB),,2019,25.3,,0.8687238,
Sub-Saharan Africa (WB),,2019,25.3,,0.8431121,
Sub-Saharan Africa (WB),,2019,25.3,,0.78433996,
Sub-Saharan Africa (WB),,2019,25.3,,0.645,
Sub-Saharan Africa (WB),,2019,25.3,,0.557,
Sub-Saharan Africa (WB),,2019,25.3,,0.7744862,
Sub-Saharan Africa (WB),,2019,25.3,,0.909,
Sub-Saharan Africa (WB),,2020,28.6,,0.5594648,
Sub-Saharan Africa (WB),,2020,28.6,,0.707,
Sub-Saharan Africa (WB),,2020,28.6,,0.7130719,
Sub-Saharan Africa (WB),,2020,28.6,,0.764,
Sub-Saharan Africa (WB),,2020,28.6,,0.8829021,
Sub-Saharan Africa (WB),,2020,28.6,,0.802,
Sub-Saharan Africa (WB),,2020,28.6,,0.90954304,
Sub-Saharan Africa (WB),,2020,28.6,,0.763,
Sub-Saharan Africa (WB),,2020,28.6,,0.9056104,
Sub-Saharan Africa (WB),,2020,28.6,,0.764,
Sub-Saharan Africa (WB),,2020,28.6,,0.507,
Sub-Saharan Africa (WB),,2020,28.6,,0.45871836,
Sub-Saharan Africa (WB),,2020,28.6,,0.6364669,
Sub-Saharan Africa (WB),,2020,28.6,,0.631,
Sub-Saharan Africa (WB),,2020,28.6,,0.85540247,
Sub-Saharan Africa (WB),,2020,28.6,,0.84438473,
Sub-Saharan Africa (WB),,2020,28.6,,0.7736417,
Sub-Saharan Africa (WB),,2020,28.6,,0.645,
Sub-Saharan Africa (WB),,2020,28.6,,0.557,
Sub-Saharan Africa (WB),,2020,28.6,,0.7720838,
Sub-Saharan Africa (WB),,2020,28.6,,0.901,
Sub-Saharan Africa (WB),,2021,31.4,,0.56110394,
Sub-Saharan Africa (WB),,2021,31.4,,0.71,
Sub-Saharan Africa (WB),,2021,31.4,,0.71319216,
Sub-Saharan Africa (WB),,2021,31.4,,0.768,
Sub-Saharan Africa (WB),,2021,31.4,,0.88542944,
Sub-Saharan Africa (WB),,2021,31.4,,0.803,
Sub-Saharan Africa (WB),,2021,31.4,,0.914425,
Sub-Saharan Africa (WB),,2021,31.4,,0.766,
Sub-Saharan Africa (WB),,2021,31.4,,0.90697354,
Sub-Saharan Africa (WB),,2021,31.4,,0.762,
Sub-Saharan Africa (WB),,2021,31.4,,0.507,
Sub-Saharan Africa (WB),,2021,31.4,,0.4588084,
Sub-Saharan Africa (WB),,2021,31.4,,0.63409626,
Sub-Saharan Africa (WB),,2021,31.4,,0.629,
Sub-Saharan Africa (WB),,2021,31.4,,0.8522403,
Sub-Saharan Africa (WB),,2021,31.4,,0.84548646,
Sub-Saharan Africa (WB),,2021,31.4,,0.77192116,
Sub-Saharan Africa (WB),,2021,31.4,,0.641,
Sub-Saharan Africa (WB),,2021,31.4,,0.558,
Sub-Saharan Africa (WB),,2021,31.4,,0.77544844,
Sub-Saharan Africa (WB),,2021,31.4,,0.903,
Sub-Saharan Africa (WB),,2022,33.6,,0.5714846,
Sub-Saharan Africa (WB),,2022,33.6,,0.716,
Sub-Saharan Africa (WB),,2022,33.6,,0.7262154,
Sub-Saharan Africa (WB),,2022,33.6,,0.773,
Sub-Saharan Africa (WB),,2022,33.6,,0.89101297,
Sub-Saharan Africa (WB),,2022,33.6,,0.815,
Sub-Saharan Africa (WB),,2022,33.6,,0.91688347,
Sub-Saharan Africa (WB),,2022,33.6,,0.774,
Sub-Saharan Africa (WB),,2022,33.6,,0.91196257,
Sub-Saharan Africa (WB),,2022,33.6,,0.778,
Sub-Saharan Africa (WB),,2022,33.6,,0.512,
Sub-Saharan Africa (WB),,2022,33.6,,0.47149748,
Sub-Saharan Africa (WB),,2022,33.6,,0.6529091,
Sub-Saharan Africa (WB),,2022,33.6,,0.649,
Sub-Saharan Africa (WB),,2022,33.6,,0.86384416,
Sub-Saharan Africa (WB),,2022,33.6,,0.84466344,
Sub-Saharan Africa (WB),,2022,33.6,,0.7865941,
Sub-Saharan Africa (WB),,2022,33.6,,0.665,
Sub-Saharan Africa (WB),,2022,33.6,,0.565,
Sub-Saharan Africa (WB),,2022,33.6,,0.7832832,
Sub-Saharan Africa (WB),,2022,33.6,,0.908,
Sub-Saharan Africa (WB),,2023,36.7,,0.5760591,
Sub-Saharan Africa (WB),,2023,36.7,,0.719,
Sub-Saharan Africa (WB),,2023,36.7,,0.73009235,
Sub-Saharan Africa (WB),,2023,36.7,,,
Sub-Saharan Africa (WB),,2023,36.7,,,
Sub-Saharan Africa (WB),,2023,36.7,,,
Sub-Saharan Africa (WB),,2023,36.7,,0.775,
Sub-Saharan Africa (WB),,2023,36.7,,0.89665455,
Sub-Saharan Africa (WB),,2023,36.7,,0.818,
Sub-Saharan Africa (WB),,2023,36.7,,0.92227614,
Sub-Saharan Africa (WB),,2023,36.7,,,
Sub-Saharan Africa (WB),,2023,36.7,,,
Sub-Saharan Africa (WB),,2023,36.7,,,
Sub-Saharan Africa (WB),,2023,36.7,,,
Sub-Saharan Africa (WB),,2023,36.7,,0.777,
Sub-Saharan Africa (WB),,2023,36.7,,0.9179597,
Sub-Saharan Africa (WB),,2023,36.7,,,
Sub-Saharan Africa (WB),,2023,36.7,,,
Sub-Saharan Africa (WB),,2023,36.7,,,
Sub-Saharan Africa (WB),,2023,36.7,,,
Sub-Saharan Africa (WB),,2023,36.7,,,
Sub-Saharan Africa (WB),,2023,36.7,,0.783,
Sub-Saharan Africa (WB),,2023,36.7,,0.515,
Sub-Saharan Africa (WB),,2023,36.7,,0.47806427,
Sub-Saharan Africa (WB),,2023,36.7,,0.6585855,
Sub-Saharan Africa (WB),,2023,36.7,,0.656,
Sub-Saharan Africa (WB),,2023,36.7,,0.8702258,
Sub-Saharan Africa (WB),,2023,36.7,,0.84926206,
Sub-Saharan Africa (WB),,2023,36.7,,,
Sub-Saharan Africa (WB),,2023,36.7,,,
Sub-Saharan Africa (WB),,2023,36.7,,0.79245985,
Sub-Saharan Africa (WB),,2023,36.7,,0.672,
Sub-Saharan Africa (WB),,2023,36.7,,0.568,
Sub-Saharan Africa (WB),,2023,36.7,,,
Sub-Saharan Africa (WB),,2023,36.7,,0.78573513,
Sub-Saharan Africa (WB),,2023,36.7,,0.914,
Sudan,SDN,1990,0.0,,,Africa
Sudan,SDN,1991,0.0,,,Africa
Sudan,SDN,1992,0.0,,,Africa
Sudan,SDN,1993,0.0,,,Africa
Sudan,SDN,1994,0.0,,,Africa
Sudan,SDN,1995,0.0,,,Africa
Sudan,SDN,1996,0.0,,,Africa
Sudan,SDN,1997,0.001231819,,,Africa
Sudan,SDN,1998,0.004805071,,,Africa
Sudan,SDN,1999,0.008794581,,,Africa
Sudan,SDN,2000,0.025785,,,Africa
Sudan,SDN,2001,0.140185,,,Africa
Sudan,SDN,2002,0.439478,,,Africa
Sudan,SDN,2003,0.538472,,,Africa
Sudan,SDN,2004,0.791562,,,Africa
Sudan,SDN,2005,1.29204,5.2034826,,Africa
Sudan,SDN,2007,8.66,6.467469,,Africa
Sudan,SDN,2016,14.1,18.324175,0.502,Africa
Sudan,SDN,2017,18.6,23.089512,0.506,Africa
Sudan,SDN,2018,24.6,,0.515,Africa
Sudan,SDN,2019,25.9,9.076358,0.517,Africa
Sudan,SDN,2020,26.4383,8.760595,0.513,Africa
Sudan,SDN,2021,27.6336,5.5106244,0.512,Africa
Sudan,SDN,2022,28.7045,5.2223716,0.516,Africa
Suriname,SUR,1990,0.0,,,Americas
Suriname,SUR,1991,0.0,,,Americas
Suriname,SUR,1992,0.0,,,Americas
Suriname,SUR,1993,0.0,,,Americas
Suriname,SUR,1994,0.0,,,Americas
Suriname,SUR,1995,0.11472073,,,Americas
Suriname,SUR,1996,0.2263063,,,Americas
Suriname,SUR,1997,1.0030869,,,Americas
Suriname,SUR,1998,1.6701485,,,Americas
Suriname,SUR,1999,1.8918713,,,Americas
Suriname,SUR,2000,2.50641,,,Americas
Suriname,SUR,2001,3.06445,,,Americas
Suriname,SUR,2002,4.16157,,,Americas
Suriname,SUR,2003,4.71988,,,Americas
Suriname,SUR,2004,6.07605,,0.679,Americas
Suriname,SUR,2005,6.40309,,0.685,Americas
Suriname,SUR,2006,9.49963,,0.69,Americas
Suriname,SUR,2007,14.11,,0.697,Americas
Suriname,SUR,2008,21.06,,0.701,Americas
Suriname,SUR,2009,31.36,,0.704,Americas
Suriname,SUR,2010,31.59,,0.707,Americas
Suriname,SUR,2011,32.0,,0.708,Americas
Suriname,SUR,2012,34.6812,,0.711,Americas
Suriname,SUR,2013,37.4,,0.714,Americas
Suriname,SUR,2014,40.08,,0.715,Americas
Suriname,SUR,2015,42.7638,,0.718,Americas
Suriname,SUR,2016,45.4,,0.716,Americas
Suriname,SUR,2017,48.9452,,0.715,Americas
Suriname,SUR,2018,55.1,,0.719,Americas
Suriname,SUR,2019,62.0,,0.72,Americas
Suriname,SUR,2020,69.8369,,0.714,Americas
Suriname,SUR,2021,71.992,,0.697,Americas
Suriname,SUR,2022,75.7614,,0.719,Americas
Sweden,SWE,1990,0.58419204,45.328304,0.818,Europe
Sweden,SWE,1991,1.1605195,46.105568,0.821,Europe
Sweden,SWE,1992,1.4978714,47.383106,0.829,Europe
Sweden,SWE,1993,1.7163641,47.87285,0.85,Europe
Sweden,SWE,1994,3.41281,50.04143,0.862,Europe
Sweden,SWE,1995,5.0980244,52.499924,0.869,Europe
Sweden,SWE,1996,9.0436,54.273335,0.877,Europe
Sweden,SWE,1997,23.727947,56.678986,0.888,Europe
Sweden,SWE,1998,33.467514,58.052113,0.901,Europe
Sweden,SWE,1999,41.432785,59.562214,0.906,Europe
Sweden,SWE,2000,45.6877,62.9406,0.912,Europe
Sweden,SWE,2001,51.7657,61.542847,0.915,Europe
Sweden,SWE,2002,70.57,63.0572,0.918,Europe
Sweden,SWE,2003,79.13,65.40065,0.923,Europe
Sweden,SWE,2004,83.89,67.76625,0.908,Europe
Sweden,SWE,2005,84.83,67.8612,0.911,Europe
Sweden,SWE,2006,87.76,68.75627,0.915,Europe
Sweden,SWE,2007,82.01,71.080475,0.917,Europe
Sweden,SWE,2008,90.0,71.44491,0.913,Europe
Sweden,SWE,2009,91.0,69.216644,0.912,Europe
Sweden,SWE,2010,90.0,71.1375,0.918,Europe
Sweden,SWE,2011,92.77,75.29663,0.92,Europe
Sweden,SWE,2012,93.18,75.55018,0.92,Europe
Sweden,SWE,2013,94.7836,74.577156,0.94,Europe
Sweden,SWE,2014,92.5236,73.45989,0.943,Europe
Sweden,SWE,2015,90.6102,74.54128,0.945,Europe
Sweden,SWE,2016,89.6509,73.800705,0.947,Europe
Sweden,SWE,2017,93.0063,75.30726,0.949,Europe
Sweden,SWE,2018,89.247,74.248825,0.95,Europe
Sweden,SWE,2019,94.4934,80.12736,0.955,Europe
Sweden,SWE,2020,94.5394,81.9224,0.951,Europe
Sweden,SWE,2021,94.6703,83.16069,0.958,Europe
Sweden,SWE,2022,95.0097,81.12094,0.959,Europe
Sweden,SWE,2023,95.7033,80.735664,0.959,Europe
Switzerland,CHE,1990,0.5957142,47.971172,0.858,Europe
Switzerland,CHE,1991,1.179956,45.033833,0.86,Europe
Switzerland,CHE,1992,1.7517133,45.833256,0.863,Europe
Switzerland,CHE,1993,2.1672702,46.990116,0.867,Europe
Switzerland,CHE,1994,2.7200043,47.9702,0.87,Europe
Switzerland,CHE,1995,3.5520072,49.384583,0.872,Europe
Switzerland,CHE,1996,4.549657,50.94194,0.875,Europe
Switzerland,CHE,1997,15.1,53.21764,0.88,Europe
Switzerland,CHE,1998,24.8,53.730457,0.886,Europe
Switzerland,CHE,1999,34.0,53.733425,0.889,Europe
Switzerland,CHE,2000,47.1,54.414757,0.892,Europe
Switzerland,CHE,2001,55.1,54.831184,0.895,Europe
Switzerland,CHE,2002,61.4,55.72206,0.896,Europe
Switzerland,CHE,2003,65.1,56.066704,0.901,Europe
Switzerland,CHE,2004,67.8,56.729427,0.906,Europe
Switzerland,CHE,2005,70.1,60.574726,0.909,Europe
Switzerland,CHE,2006,75.7,63.326443,0.918,Europe
Switzerland,CHE,2007,77.2,68.32307,0.926,Europe
Switzerland,CHE,2008,79.2,72.58657,0.934,Europe
Switzerland,CHE,2009,81.3,71.86104,0.942,Europe
Switzerland,CHE,2010,83.9,76.004814,0.945,Europe
Switzerland,CHE,2011,85.193,84.594376,0.946,Europe
Switzerland,CHE,2012,85.2,86.639626,0.949,Europe
Switzerland,CHE,2013,86.34,86.26918,0.952,Europe
Switzerland,CHE,2014,83.6173,87.11647,0.956,Europe
Switzerland,CHE,2015,87.4791,85.66496,0.957,Europe
Switzerland,CHE,2016,89.1347,86.37685,0.959,Europe
Switzerland,CHE,2017,89.6861,88.95202,0.96,Europe
Switzerland,CHE,2018,91.8,89.29048,0.962,Europe
Switzerland,CHE,2019,93.1461,93.04306,0.965,Europe
Switzerland,CHE,2020,94.3499,95.010254,0.963,Europe
Switzerland,CHE,2021,95.5694,99.48323,0.968,Europe
Switzerland,CHE,2022,96.8046,101.32614,0.966,Europe
Switzerland,CHE,2023,97.3444,99.93163,0.97,Europe
Syria,SYR,1960,0.0,,,Asia
Syria,SYR,1965,0.0,,,Asia
Syria,SYR,1970,0.0,,,Asia
Syria,SYR,1975,0.0,,,Asia
Syria,SYR,1976,0.0,,,Asia
Syria,SYR,1977,0.0,,,Asia
Syria,SYR,1978,0.0,,,Asia
Syria,SYR,1979,0.0,,,Asia
Syria,SYR,1980,0.0,,,Asia
Syria,SYR,1981,0.0,,,Asia
Syria,SYR,1982,0.0,,,Asia
Syria,SYR,1983,0.0,,,Asia
Syria,SYR,1984,0.0,,,Asia
Syria,SYR,1985,0.0,,,Asia
Syria,SYR,1986,0.0,,,Asia
Syria,SYR,1987,0.0,,,Asia
Syria,SYR,1988,0.0,,,Asia
Syria,SYR,1989,0.0,,,Asia
Syria,SYR,1990,0.0,,0.572,Asia
Syria,SYR,1991,0.0,,0.577,Asia
Syria,SYR,1992,0.0,,0.582,Asia
Syria,SYR,1993,0.0,,0.583,Asia
Syria,SYR,1994,0.0,,0.587,Asia
Syria,SYR,1995,0.0,,0.587,Asia
Syria,SYR,1996,0.0,,0.59,Asia
Syria,SYR,1997,0.032607812,,0.593,Asia
Syria,SYR,1998,0.06368729,,0.595,Asia
Syria,SYR,1999,0.124295466,,0.595,Asia
Syria,SYR,2000,0.181699,,0.594,Asia
Syria,SYR,2001,0.353759,,0.602,Asia
Syria,SYR,2002,2.0931,,0.61,Asia
Syria,SYR,2003,3.39797,,0.621,Asia
Syria,SYR,2004,4.32159,,0.635,Asia
Syria,SYR,2005,5.64811,11.021681,0.646,Asia
Syria,SYR,2006,7.83255,9.560591,0.658,Asia
Syria,SYR,2007,11.5,9.610101,0.665,Asia
Syria,SYR,2008,14.0,9.967693,0.66,Asia
Syria,SYR,2009,17.3,10.044832,0.668,Asia
Syria,SYR,2010,20.7,11.514412,0.669,Asia
Syria,SYR,2011,22.5,11.494515,0.664,Asia
Syria,SYR,2012,24.3001,12.391226,0.626,Asia
Syria,SYR,2013,26.2,11.167972,0.567,Asia
Syria,SYR,2014,28.09,11.703975,0.561,Asia
Syria,SYR,2015,29.9798,11.647971,0.549,Asia
Syria,SYR,2016,31.8696,,0.552,Asia
Syria,SYR,2017,32.7,,0.551,Asia
Syria,SYR,2018,33.77,,0.557,Asia
Syria,SYR,2019,34.65,12.47723,0.569,Asia
Syria,SYR,2020,35.78,11.342836,0.57,Asia
Tajikistan,TJK,1990,0.0,,,Asia
Tajikistan,TJK,1991,0.0,,,Asia
Tajikistan,TJK,1992,0.0,,,Asia
Tajikistan,TJK,1993,0.0,,0.549,Asia
Tajikistan,TJK,1994,0.0,,0.538,Asia
Tajikistan,TJK,1995,0.0,,0.547,Asia
Tajikistan,TJK,1999,0.032791857,,0.546,Asia
Tajikistan,TJK,2000,0.0485996,,0.554,Asia
Tajikistan,TJK,2001,0.0512591,,0.563,Asia
Tajikistan,TJK,2002,0.0554628,,0.575,Asia
Tajikistan,TJK,2003,0.0645838,,0.587,Asia
Tajikistan,TJK,2004,0.0774799,,0.598,Asia
Tajikistan,TJK,2005,0.29869,4.458506,0.611,Asia
Tajikistan,TJK,2006,3.77241,4.851872,0.62,Asia
Tajikistan,TJK,2007,7.19762,5.2901044,0.625,Asia
Tajikistan,TJK,2008,8.78,5.4090257,0.634,Asia
Tajikistan,TJK,2009,10.07,5.227868,0.634,Asia
Tajikistan,TJK,2010,11.55,5.60813,0.639,Asia
Tajikistan,TJK,2011,13.03,6.557608,0.644,Asia
Tajikistan,TJK,2012,14.51,7.1508236,0.649,Asia
Tajikistan,TJK,2013,16.0,6.7272897,0.655,Asia
Tajikistan,TJK,2014,17.49,7.4810624,0.657,Asia
Tajikistan,TJK,2015,18.98,5.9705787,0.658,Asia
Tajikistan,TJK,2016,20.47,6.062849,0.661,Asia
Tajikistan,TJK,2017,21.96,6.618755,0.666,Asia
Tajikistan,TJK,2020,27.5441,7.988447,0.664,Asia
Tajikistan,TJK,2021,28.34,8.096345,0.672,Asia
Tajikistan,TJK,2022,36.0872,8.606749,0.687,Asia
Tanzania,TZA,1990,0.0,,0.381,Africa
Tanzania,TZA,1991,0.0,,0.382,Africa
Tanzania,TZA,1992,0.0,,0.381,Africa
Tanzania,TZA,1993,0.0,,0.382,Africa
Tanzania,TZA,1994,0.0,,0.38,Africa
Tanzania,TZA,1995,0.0,,0.38,Africa
Tanzania,TZA,1996,0.001622155,,0.383,Africa
Tanzania,TZA,1997,0.007900283,,0.388,Africa
Tanzania,TZA,1998,0.009244125,,0.396,Africa
Tanzania,TZA,1999,0.07513089,,0.404,Africa
Tanzania,TZA,2000,0.117194,,0.414,Africa
Tanzania,TZA,2001,0.1713,,0.422,Africa
Tanzania,TZA,2002,0.222484,,0.433,Africa
Tanzania,TZA,2003,0.676963,,0.444,Africa
Tanzania,TZA,2004,0.877575,,0.455,Africa
Tanzania,TZA,2005,1.1,2.4594154,0.465,Africa
Tanzania,TZA,2006,1.3,2.5249279,0.477,Africa
Tanzania,TZA,2007,1.6,2.6508598,0.486,Africa
Tanzania,TZA,2008,1.9,2.7862515,0.495,Africa
Tanzania,TZA,2009,2.4,2.9172902,0.504,Africa
Tanzania,TZA,2010,2.9,3.2826262,0.513,Africa
Tanzania,TZA,2011,3.2,3.9036906,0.516,Africa
Tanzania,TZA,2012,3.95,3.7067542,0.519,Africa
Tanzania,TZA,2013,4.4,3.409559,0.521,Africa
Tanzania,TZA,2014,7.0,3.2254248,0.521,Africa
Tanzania,TZA,2015,10.0,3.4261239,0.52,Africa
Tanzania,TZA,2016,13.5042,3.3870692,0.52,Africa
Tanzania,TZA,2017,16.0,3.30354,0.528,Africa
Tanzania,TZA,2018,17.1,3.5375965,0.537,Africa
Tanzania,TZA,2019,18.2773,3.7469046,0.546,Africa
Tanzania,TZA,2020,25.6424,4.019205,0.554,Africa
Tanzania,TZA,2021,29.7016,4.1193023,0.548,Africa
Tanzania,TZA,2022,31.8913,4.226683,0.554,Africa
Thailand,THA,1960,0.0,,,Asia
Thailand,THA,1965,0.0,,,Asia
Thailand,THA,1970,0.0,2.8166142,,Asia
Thailand,THA,1975,0.0,3.1763265,,Asia
Thailand,THA,1976,0.0,3.3673012,,Asia
Thailand,THA,1977,0.0,3.6349614,,Asia
Thailand,THA,1978,0.0,3.6768467,,Asia
Thailand,THA,1979,0.0,3.7778955,,Asia
Thailand,THA,1980,0.0,3.6021376,,Asia
Thailand,THA,1981,0.0,3.8283467,,Asia
Thailand,THA,1982,0.0,4.3026447,,Asia
Thailand,THA,1983,0.0,3.7295332,,Asia
Thailand,THA,1984,0.0,3.702476,,Asia
Thailand,THA,1985,0.0,3.8528259,,Asia
Thailand,THA,1986,0.0,3.7873468,,Asia
Thailand,THA,1987,0.0,3.9726238,,Asia
Thailand,THA,1988,0.0,4.1896367,,Asia
Thailand,THA,1989,0.0,4.35096,,Asia
Thailand,THA,1990,0.0,4.9664707,0.584,Asia
Thailand,THA,1991,5.22e-05,5.069115,0.593,Asia
Thailand,THA,1992,0.000343725,5.3959785,0.603,Asia
Thailand,THA,1993,0.013580966,5.8769093,0.612,Asia
Thailand,THA,1994,0.03861432,6.4689207,0.62,Asia
Thailand,THA,1995,0.07482534,7.081656,0.628,Asia
Thailand,THA,1996,0.11547214,7.9488363,0.634,Asia
Thailand,THA,1997,0.36052218,7.319621,0.639,Asia
Thailand,THA,1998,1.091219,6.378929,0.642,Asia
Thailand,THA,1999,2.4262424,6.565673,0.65,Asia
Thailand,THA,2000,3.68904,6.633584,0.657,Asia
Thailand,THA,2001,5.55633,7.017102,0.667,Asia
Thailand,THA,2002,7.53125,7.398919,0.678,Asia
Thailand,THA,2003,9.29903,7.800051,0.69,Asia
Thailand,THA,2004,10.6773,8.184596,0.699,Asia
Thailand,THA,2005,15.026,9.0982485,0.707,Asia
Thailand,THA,2006,17.1607,9.566036,0.71,Asia
Thailand,THA,2007,20.03,10.143932,0.721,Asia
Thailand,THA,2008,18.2,10.70147,0.723,Asia
Thailand,THA,2009,20.1,10.456538,0.725,Asia
Thailand,THA,2010,22.4,11.747734,0.742,Asia
Thailand,THA,2011,23.6699,12.628325,0.747,Asia
Thailand,THA,2012,26.46,14.015151,0.75,Asia
Thailand,THA,2013,28.94,14.217212,0.752,Asia
Thailand,THA,2014,34.8861,14.125287,0.784,Asia
Thailand,THA,2015,39.3161,14.475631,0.788,Asia
Thailand,THA,2016,47.505,15.2124605,0.792,Asia
Thailand,THA,2017,52.8919,16.220163,0.794,Asia
Thailand,THA,2018,56.8175,16.804295,0.796,Asia
Thailand,THA,2019,66.6524,17.634335,0.8,Asia
Thailand,THA,2020,77.8437,17.596155,0.798,Asia
Thailand,THA,2021,85.2696,18.212358,0.8,Asia
Thailand,THA,2022,87.9772,17.574179,0.792,Asia
Thailand,THA,2023,89.5352,19.039349,0.798,Asia
Togo,TGO,1960,0.0,,,Africa
Togo,TGO,1965,0.0,,,Africa
Togo,TGO,1970,0.0,,,Africa
Togo,TGO,1975,0.0,,,Africa
Togo,TGO,1976,0.0,,,Africa
Togo,TGO,1977,0.0,,,Africa
Togo,TGO,1978,0.0,,,Africa
Togo,TGO,1979,0.0,,,Africa
Togo,TGO,1980,0.0,,,Africa
Togo,TGO,1981,0.0,,,Africa
Togo,TGO,1982,0.0,,,Africa
Togo,TGO,1983,0.0,,,Africa
Togo,TGO,1984,0.0,,,Africa
Togo,TGO,1985,0.0,,,Africa
Togo,TGO,1986,0.0,,,Africa
Togo,TGO,1987,0.0,,,Africa
Togo,TGO,1988,0.0,,,Africa
Togo,TGO,1989,0.0,,,Africa
Togo,TGO,1990,0.0,,0.412,Africa
Togo,TGO,1991,0.0,,0.415,Africa
Togo,TGO,1992,0.0,,0.406,Africa
Togo,TGO,1993,0.0,,0.404,Africa
Togo,TGO,1994,0.0,,0.413,Africa
Togo,TGO,1995,0.0,,0.425,Africa
Togo,TGO,1996,0.010929139,,0.433,Africa
Togo,TGO,1997,0.21113947,,0.441,Africa
Togo,TGO,1998,0.30558392,,0.442,Africa
Togo,TGO,1999,0.59036326,,0.446,Africa
Togo,TGO,2000,0.8,,0.448,Africa
Togo,TGO,2001,0.9,,0.452,Africa
Togo,TGO,2002,1.0,,0.455,Africa
Togo,TGO,2003,1.2,,0.46,Africa
Togo,TGO,2004,1.5,,0.461,Africa
Togo,TGO,2005,1.8,,0.46,Africa
Togo,TGO,2006,2.0,,0.465,Africa
Togo,TGO,2007,2.2,,0.458,Africa
Togo,TGO,2008,2.4,,0.465,Africa
Togo,TGO,2009,2.6,,0.473,Africa
Togo,TGO,2010,3.0,,0.483,Africa
Togo,TGO,2011,3.5,,0.495,Africa
Togo,TGO,2012,4.0,,0.5,Africa
Togo,TGO,2013,4.5,,0.507,Africa
Togo,TGO,2014,5.7,,0.514,Africa
Togo,TGO,2015,7.12,,0.523,Africa
Togo,TGO,2016,11.31,,0.528,Africa
Togo,TGO,2017,12.3602,,0.534,Africa
Togo,TGO,2018,15.5,,0.542,Africa
Togo,TGO,2019,20.7273,,0.549,Africa
Togo,TGO,2020,29.0237,,0.554,Africa
Togo,TGO,2021,32.5051,,0.56,Africa
Togo,TGO,2022,37.6212,,0.567,Africa
Tonga,TON,1990,0.0,,0.641,Oceania
Tonga,TON,1991,0.0,,0.649,Oceania
Tonga,TON,1992,0.0,,0.654,Oceania
Tonga,TON,1993,0.0,,0.66,Oceania
Tonga,TON,1994,0.0,,0.67,Oceania
Tonga,TON,1995,0.12323112,,0.675,Oceania
Tonga,TON,1996,0.16379346,,0.678,Oceania
Tonga,TON,1997,0.5108661,,0.68,Oceania
Tonga,TON,1998,0.76513433,,0.685,Oceania
Tonga,TON,1999,1.0179671,,0.688,Oceania
Tonga,TON,2000,2.4344,,0.688,Oceania
Tonga,TON,2001,2.82537,,0.693,Oceania
Tonga,TON,2002,2.9073,,0.7,Oceania
Tonga,TON,2003,2.98582,,0.703,Oceania
Tonga,TON,2004,3.95237,,0.705,Oceania
Tonga,TON,2005,4.90778,,0.706,Oceania
Tonga,TON,2006,5.85394,,0.708,Oceania
Tonga,TON,2007,7.17987,,0.71,Oceania
Tonga,TON,2008,8.11077,,0.717,Oceania
Tonga,TON,2009,10.0,,0.718,Oceania
Tonga,TON,2010,16.0,,0.724,Oceania
Tonga,TON,2011,25.0,,0.731,Oceania
Tonga,TON,2012,30.0,,0.735,Oceania
Tonga,TON,2013,32.754,,0.737,Oceania
Tonga,TON,2014,35.9544,,0.74,Oceania
Tonga,TON,2015,38.6513,,0.743,Oceania
Tonga,TON,2016,39.95,,0.749,Oceania
Tonga,TON,2017,46.2,,0.755,Oceania
Tonga,TON,2018,53.4,,0.759,Oceania
Tonga,TON,2019,61.78963,,0.763,Oceania
Tonga,TON,2020,66.64843,,0.765,Oceania
Tonga,TON,2021,57.5486,,0.763,Oceania
Trinidad and Tobago,TTO,1990,0.0,,0.661,Americas
Trinidad and Tobago,TTO,1991,0.0,26.847864,0.665,Americas
Trinidad and Tobago,TTO,1992,0.0,25.54953,0.665,Americas
Trinidad and Tobago,TTO,1993,0.0,23.778893,0.667,Americas
Trinidad and Tobago,TTO,1994,0.0,22.867819,0.672,Americas
Trinidad and Tobago,TTO,1995,0.1581499,21.975727,0.677,Americas
Trinidad and Tobago,TTO,1996,0.39308053,20.761293,0.684,Americas
Trinidad and Tobago,TTO,1997,1.1731746,20.336733,0.692,Americas
Trinidad and Tobago,TTO,1998,2.7248254,19.168415,0.7,Americas
Trinidad and Tobago,TTO,1999,5.814251,22.095907,0.708,Americas
Trinidad and Tobago,TTO,2000,7.72141,25.71159,0.714,Americas
Trinidad and Tobago,TTO,2001,15.3846,23.811144,0.721,Americas
Trinidad and Tobago,TTO,2002,21.9987,24.674236,0.73,Americas
Trinidad and Tobago,TTO,2003,25.9718,31.395561,0.74,Americas
Trinidad and Tobago,TTO,2004,27.0243,33.00452,0.75,Americas
Trinidad and Tobago,TTO,2005,28.9767,39.611603,0.756,Americas
Trinidad and Tobago,TTO,2006,30.0037,47.44722,0.766,Americas
Trinidad and Tobago,TTO,2007,32.3,50.66816,0.774,Americas
Trinidad and Tobago,TTO,2008,34.8,58.80551,0.782,Americas
Trinidad and Tobago,TTO,2009,44.3,45.190567,0.782,Americas
Trinidad and Tobago,TTO,2010,48.5,49.554546,0.789,Americas
Trinidad and Tobago,TTO,2011,55.2,56.037594,0.792,Americas
Trinidad and Tobago,TTO,2012,57.5,55.42046,0.796,Americas
Trinidad and Tobago,TTO,2013,59.9,53.877033,0.802,Americas
Trinidad and Tobago,TTO,2014,62.4,52.449078,0.805,Americas
Trinidad and Tobago,TTO,2015,65.1,47.985466,0.808,Americas
Trinidad and Tobago,TTO,2016,67.8,43.233383,0.806,Americas
Trinidad and Tobago,TTO,2017,70.6,43.32541,0.806,Americas
Trinidad and Tobago,TTO,2018,72.8,43.24508,0.803,Americas
Trinidad and Tobago,TTO,2019,75.0,44.9884,0.805,Americas
Trinidad and Tobago,TTO,2020,77.2813,44.946587,0.8,Americas
Trinidad and Tobago,TTO,2021,79.0,47.711666,0.796,Americas
Trinidad and Tobago,TTO,2022,79.9843,46.88207,0.805,Americas
Tunisia,TUN,1990,0.0,,0.569,Africa
Tunisia,TUN,1991,0.0,,0.575,Africa
Tunisia,TUN,1992,0.0,,0.582,Africa
Tunisia,TUN,1993,0.0,,0.587,Africa
Tunisia,TUN,1994,0.007379544,,0.598,Africa
Tunisia,TUN,1995,0.011191954,,0.606,Africa
Tunisia,TUN,1996,0.027615372,,0.616,Africa
Tunisia,TUN,1997,0.043656975,,0.623,Africa
Tunisia,TUN,1998,0.10794096,,0.636,Africa
Tunisia,TUN,1999,1.6024947,,0.646,Africa
Tunisia,TUN,2000,2.75074,,0.654,Africa
Tunisia,TUN,2001,4.29797,,0.661,Africa
Tunisia,TUN,2002,5.25289,,0.667,Africa
Tunisia,TUN,2003,6.49085,,0.673,Africa
Tunisia,TUN,2004,8.52882,,0.683,Africa
Tunisia,TUN,2005,9.65509,14.176201,0.69,Africa
Tunisia,TUN,2006,12.9864,14.429316,0.697,Africa
Tunisia,TUN,2007,17.1,15.182602,0.703,Africa
Tunisia,TUN,2008,27.53,15.751016,0.709,Africa
Tunisia,TUN,2009,34.07,16.435621,0.713,Africa
Tunisia,TUN,2010,36.8,17.065113,0.717,Africa
Tunisia,TUN,2011,39.1,17.645477,0.718,Africa
Tunisia,TUN,2012,41.4416,18.116611,0.72,Africa
Tunisia,TUN,2013,43.8,16.980402,0.722,Africa
Tunisia,TUN,2014,46.16,17.046808,0.725,Africa
Tunisia,TUN,2015,46.5,17.064772,0.728,Africa
Tunisia,TUN,2016,49.6,17.317915,0.733,Africa
Tunisia,TUN,2017,55.5002,17.039062,0.737,Africa
Tunisia,TUN,2018,64.1908,17.44739,0.742,Africa
Tunisia,TUN,2019,66.7,18.072878,0.74,Africa
Tunisia,TUN,2020,68.5564,17.487206,0.733,Africa
Tunisia,TUN,2021,68.3155,17.001617,0.728,Africa
Tunisia,TUN,2022,73.8379,17.583492,0.745,Africa
Turkey,TUR,1990,0.0,22.739357,0.598,Asia
Turkey,TUR,1991,0.0,20.891582,0.602,Asia
Turkey,TUR,1992,0.0,21.247732,0.608,Asia
Turkey,TUR,1993,0.008457732,24.177973,0.615,Asia
Turkey,TUR,1994,0.049869183,20.91097,0.616,Asia
Turkey,TUR,1995,0.081691206,22.708874,0.623,Asia
Turkey,TUR,1996,0.19272494,24.08818,0.63,Asia
Turkey,TUR,1997,0.47369543,25.108702,0.638,Asia
Turkey,TUR,1998,0.69880515,24.07644,0.649,Asia
Turkey,TUR,1999,2.2921176,21.98228,0.652,Asia
Turkey,TUR,2000,3.76169,24.512747,0.669,Asia
Turkey,TUR,2001,5.18948,23.750864,0.675,Asia
Turkey,TUR,2002,11.38,23.53937,0.685,Asia
Turkey,TUR,2003,12.33,22.85436,0.691,Asia
Turkey,TUR,2004,14.58,25.659742,0.696,Asia
Turkey,TUR,2005,15.46,27.701159,0.701,Asia
Turkey,TUR,2006,18.24,30.204082,0.711,Asia
Turkey,TUR,2007,28.63,32.92979,0.719,Asia
Turkey,TUR,2008,34.37,34.368958,0.721,Asia
Turkey,TUR,2009,36.4,34.040092,0.728,Asia
Turkey,TUR,2010,39.82,36.116432,0.75,Asia
Turkey,TUR,2011,43.0657,39.551506,0.764,Asia
Turkey,TUR,2012,45.13,40.59714,0.772,Asia
Turkey,TUR,2013,46.25,42.31441,0.802,Asia
Turkey,TUR,2014,51.0374,44.338398,0.813,Asia
Turkey,TUR,2015,53.745,46.236073,0.821,Asia
Turkey,TUR,2016,58.3477,46.469788,0.826,Asia
Turkey,TUR,2017,64.6846,47.88645,0.833,Asia
Turkey,TUR,2018,71.0428,47.813248,0.838,Asia
Turkey,TUR,2019,73.9767,49.21171,0.841,Asia
Turkey,TUR,2020,77.6696,57.219536,0.838,Asia
Turkey,TUR,2021,81.4084,52.483856,0.841,Asia
Turkey,TUR,2022,83.4372,54.152428,0.853,Asia
Turkey,TUR,2023,85.9607,56.52384,0.853,Asia
Turkmenistan,TKM,1990,0.0,,,Asia
Turkmenistan,TKM,1991,0.0,,,Asia
Turkmenistan,TKM,1992,0.0,,,Asia
Turkmenistan,TKM,1993,0.0,,,Asia
Turkmenistan,TKM,1994,0.0,,,Asia
Turkmenistan,TKM,1995,0.0,,,Asia
Turkmenistan,TKM,1999,0.04502077,,,Asia
Turkmenistan,TKM,2000,0.133282,,,Asia
Turkmenistan,TKM,2001,0.17521,,,Asia
Turkmenistan,TKM,2002,0.302132,,,Asia
Turkmenistan,TKM,2003,0.425183,,,Asia
Turkmenistan,TKM,2004,0.754054,,,Asia
Turkmenistan,TKM,2005,0.997257,10.889915,0.653,Asia
Turkmenistan,TKM,2006,1.31957,11.174841,0.662,Asia
Turkmenistan,TKM,2007,1.40636,11.5636635,0.673,Asia
Turkmenistan,TKM,2008,1.75,11.741373,0.683,Asia
Turkmenistan,TKM,2009,1.95,17.00483,0.69,Asia
Turkmenistan,TKM,2010,3.0,18.478338,0.7,Asia
Turkmenistan,TKM,2011,5.0,18.105446,0.709,Asia
Turkmenistan,TKM,2012,7.1958,17.989304,0.714,Asia
Turkmenistan,TKM,2013,9.6,17.885477,0.716,Asia
Turkmenistan,TKM,2014,12.2,17.601583,0.719,Asia
Turkmenistan,TKM,2015,14.9968,17.056036,0.725,Asia
Turkmenistan,TKM,2016,17.9903,16.5741,0.729,Asia
Turkmenistan,TKM,2017,21.251,16.933619,0.732,Asia
Turks and Caicos Islands,TCA,1990,0.0,,,Americas
Turks and Caicos Islands,TCA,1991,0.0,,,Americas
Turks and Caicos Islands,TCA,1992,0.0,,,Americas
Turks and Caicos Islands,TCA,1993,0.0,,,Americas
Turks and Caicos Islands,TCA,1994,0.0,,,Americas
Turks and Caicos Islands,TCA,1995,0.0,,,Americas
Tuvalu,TUV,1990,0.0,,0.566,Oceania
Tuvalu,TUV,1991,0.0,,0.57,Oceania
Tuvalu,TUV,1992,0.0,,0.566,Oceania
Tuvalu,TUV,1993,0.0,,0.579,Oceania
Tuvalu,TUV,1994,0.0,,0.586,Oceania
Tuvalu,TUV,1995,0.0,,0.587,Oceania
Tuvalu,TUV,2000,5.24164,,0.61,Oceania
Tuvalu,TUV,2001,5.7,,0.613,Oceania
Tuvalu,TUV,2002,6.3,,0.621,Oceania
Tuvalu,TUV,2003,6.9,,0.621,Oceania
Tuvalu,TUV,2004,7.6,,0.621,Oceania
Tuvalu,TUV,2005,8.3,,0.621,Oceania
Tuvalu,TUV,2006,9.1,,0.625,Oceania
Tuvalu,TUV,2007,10.0,,0.63,Oceania
Tuvalu,TUV,2008,11.2,,0.636,Oceania
Tuvalu,TUV,2009,12.8,,0.635,Oceania
Tuvalu,TUV,2010,14.6,,0.636,Oceania
Tuvalu,TUV,2011,16.5,,0.641,Oceania
Tuvalu,TUV,2012,18.7,,0.642,Oceania
Tuvalu,TUV,2013,21.2,,0.647,Oceania
Tuvalu,TUV,2014,24.1,,0.65,Oceania
Tuvalu,TUV,2015,27.3,,0.658,Oceania
Tuvalu,TUV,2016,31.0,,0.664,Oceania
Tuvalu,TUV,2017,35.2,,0.668,Oceania
Tuvalu,TUV,2020,75.4424,,0.681,Oceania
Tuvalu,TUV,2021,82.2681,,0.681,Oceania
Tuvalu,TUV,2022,81.1913,,0.686,Oceania
Uganda,UGA,1990,0.0,,0.342,Africa
Uganda,UGA,1991,0.0,,0.345,Africa
Uganda,UGA,1992,0.0,,0.339,Africa
Uganda,UGA,1993,0.0,,0.347,Africa
Uganda,UGA,1994,0.0,,0.35,Africa
Uganda,UGA,1995,0.002863471,,0.356,Africa
Uganda,UGA,1996,0.004625948,,0.367,Africa
Uganda,UGA,1997,0.010319341,,0.376,Africa
Uganda,UGA,1998,0.06528947,,0.386,Africa
Uganda,UGA,1999,0.10554394,,0.398,Africa
Uganda,UGA,2000,0.163714,,0.407,Africa
Uganda,UGA,2001,0.237945,,0.418,Africa
Uganda,UGA,2002,0.384094,,0.432,Africa
Uganda,UGA,2003,0.46485,,0.446,Africa
Uganda,UGA,2004,0.719971,,0.461,Africa
Uganda,UGA,2005,1.74221,3.616084,0.47,Africa
Uganda,UGA,2006,2.52936,3.9112842,0.481,Africa
Uganda,UGA,2007,3.67197,4.2158747,0.492,Africa
Uganda,UGA,2008,3.88,4.604315,0.502,Africa
Uganda,UGA,2009,4.1,4.982397,0.509,Africa
Uganda,UGA,2010,4.3,6.3068557,0.514,Africa
Uganda,UGA,2011,4.6,7.1294155,0.522,Africa
Uganda,UGA,2012,4.8,5.069215,0.526,Africa
Uganda,UGA,2013,5.1,3.6770692,0.532,Africa
Uganda,UGA,2014,5.4,6.1606436,0.539,Africa
Uganda,UGA,2015,5.8,5.12184,0.547,Africa
Uganda,UGA,2016,5.9,4.483873,0.553,Africa
Uganda,UGA,2017,5.9,4.1323576,0.557,Africa
Uganda,UGA,2018,6.0,4.547936,0.563,Africa
Uganda,UGA,2019,6.017815,4.8846607,0.569,Africa
Uganda,UGA,2020,7.4,4.2007093,0.571,Africa
Uganda,UGA,2021,10.0,3.3082304,0.573,Africa
Ukraine,UKR,1990,0.0,,0.75,Europe
Ukraine,UKR,1991,0.0,,0.743,Europe
Ukraine,UKR,1992,0.0,,0.733,Europe
Ukraine,UKR,1993,0.00077697,,0.721,Europe
Ukraine,UKR,1994,0.013641246,,0.706,Europe
Ukraine,UKR,1995,0.043083984,,0.702,Europe
Ukraine,UKR,1996,0.09858038,,0.701,Europe
Ukraine,UKR,1997,0.19882189,,0.706,Europe
Ukraine,UKR,1998,0.3010758,,0.71,Europe
Ukraine,UKR,1999,0.40538543,,0.714,Europe
Ukraine,UKR,2000,0.716184,,0.716,Europe
Ukraine,UKR,2001,1.23876,,0.728,Europe
Ukraine,UKR,2002,1.87389,,0.736,Europe
Ukraine,UKR,2003,3.14813,,0.745,Europe
Ukraine,UKR,2004,3.48948,,0.751,Europe
Ukraine,UKR,2005,3.74976,9.985818,0.757,Europe
Ukraine,UKR,2006,4.50612,10.909371,0.762,Europe
Ukraine,UKR,2007,6.55,12.210857,0.77,Europe
Ukraine,UKR,2008,11.0,13.0491495,0.776,Europe
Ukraine,UKR,2009,17.9,11.378683,0.773,Europe
Ukraine,UKR,2010,23.3,11.607736,0.782,Europe
Ukraine,UKR,2011,28.7083,13.029414,0.786,Europe
Ukraine,UKR,2012,35.27,13.598371,0.789,Europe
Ukraine,UKR,2013,40.9541,14.506031,0.789,Europe
Ukraine,UKR,2014,46.236,14.472163,0.788,Europe
Ukraine,UKR,2015,48.8846,15.440828,0.778,Europe
Ukraine,UKR,2016,53.001,16.455778,0.78,Europe
Ukraine,UKR,2017,58.8895,16.845766,0.785,Europe
Ukraine,UKR,2018,62.5532,17.198265,0.784,Europe
Ukraine,UKR,2019,70.1248,18.405897,0.789,Europe
Ukraine,UKR,2020,75.0379,19.819386,0.783,Europe
Ukraine,UKR,2021,79.2183,21.64999,0.772,Europe
United Arab Emirates,ARE,1990,0.0,,0.713,Asia
United Arab Emirates,ARE,1991,0.0,,0.724,Asia
United Arab Emirates,ARE,1992,0.0,,0.729,Asia
United Arab Emirates,ARE,1993,0.0,,0.736,Asia
United Arab Emirates,ARE,1994,0.0,,0.742,Asia
United Arab Emirates,ARE,1995,0.10293917,,0.747,Asia
United Arab Emirates,ARE,1996,0.37539354,,0.753,Asia
United Arab Emirates,ARE,1997,3.2955928,,0.761,Asia
United Arab Emirates,ARE,1998,6.908303,,0.77,Asia
United Arab Emirates,ARE,1999,14.942699,,0.78,Asia
United Arab Emirates,ARE,2000,23.6253,,0.79,Asia
United Arab Emirates,ARE,2001,26.2718,,0.798,Asia
United Arab Emirates,ARE,2002,28.3165,,0.805,Asia
United Arab Emirates,ARE,2003,29.478,,0.81,Asia
United Arab Emirates,ARE,2004,30.1313,,0.815,Asia
United Arab Emirates,ARE,2005,40.0,86.64857,0.819,Asia
United Arab Emirates,ARE,2006,52.0,88.36783,0.823,Asia
United Arab Emirates,ARE,2007,61.0,79.72488,0.827,Asia
United Arab Emirates,ARE,2008,63.0,73.82729,0.831,Asia
United Arab Emirates,ARE,2009,64.0,53.704025,0.832,Asia
United Arab Emirates,ARE,2010,68.0,52.73671,0.835,Asia
United Arab Emirates,ARE,2011,78.0,59.930607,0.839,Asia
United Arab Emirates,ARE,2012,85.0,61.987694,0.843,Asia
United Arab Emirates,ARE,2013,88.0,59.68808,0.846,Asia
United Arab Emirates,ARE,2014,90.4,60.91756,0.853,Asia
United Arab Emirates,ARE,2015,90.5,49.87166,0.857,Asia
United Arab Emirates,ARE,2016,90.6,47.35865,0.861,Asia
United Arab Emirates,ARE,2017,94.8199,43.613617,0.884,Asia
United Arab Emirates,ARE,2018,98.45,45.923405,0.901,Asia
United Arab Emirates,ARE,2019,99.15,47.47686,0.915,Asia
United Arab Emirates,ARE,2020,100.0,48.741535,0.909,Asia
United Arab Emirates,ARE,2021,100.0,44.59965,0.903,Asia
United Arab Emirates,ARE,2022,100.0,49.460045,0.921,Asia
United Arab Emirates,ARE,2023,100.0,52.13346,0.94,Asia
United Kingdom,GBR,1990,0.087355316,39.927418,0.812,Europe
United Kingdom,GBR,1991,0.17423092,40.96872,0.816,Europe
United Kingdom,GBR,1992,0.26061517,42.58305,0.824,Europe
United Kingdom,GBR,1993,0.519762,44.848793,0.827,Europe
United Kingdom,GBR,1994,1.0366092,45.90097,0.836,Europe
United Kingdom,GBR,1995,1.8951683,50.397476,0.835,Europe
United Kingdom,GBR,1996,4.1236506,52.780224,0.841,Europe
United Kingdom,GBR,1997,7.385399,55.18963,0.849,Europe
United Kingdom,GBR,1998,13.669983,56.392914,0.856,Europe
United Kingdom,GBR,1999,21.293638,58.364075,0.862,Europe
United Kingdom,GBR,2000,26.8218,62.019405,0.87,Europe
United Kingdom,GBR,2001,33.4811,63.436264,0.876,Europe
United Kingdom,GBR,2002,56.48,63.061485,0.881,Europe
United Kingdom,GBR,2003,64.82,62.760895,0.886,Europe
United Kingdom,GBR,2004,65.61,63.706306,0.897,Europe
United Kingdom,GBR,2005,70.0,66.20453,0.903,Europe
United Kingdom,GBR,2006,68.82,66.2685,0.902,Europe
United Kingdom,GBR,2007,75.09,65.108116,0.905,Europe
United Kingdom,GBR,2008,78.39,65.44837,0.91,Europe
United Kingdom,GBR,2009,83.56,63.142673,0.915,Europe
United Kingdom,GBR,2010,85.0,62.195778,0.921,Europe
United Kingdom,GBR,2011,85.38,62.844765,0.916,Europe
United Kingdom,GBR,2012,87.48,63.155174,0.917,Europe
United Kingdom,GBR,2013,89.8441,63.77222,0.931,Europe
United Kingdom,GBR,2014,91.6133,62.419716,0.932,Europe
United Kingdom,GBR,2015,92.0003,63.72775,0.931,Europe
United Kingdom,GBR,2016,94.7758,63.4797,0.934,Europe
United Kingdom,GBR,2017,90.4246,65.88062,0.937,Europe
United Kingdom,GBR,2018,90.692,64.60273,0.936,Europe
United Kingdom,GBR,2019,92.5166,66.17737,0.941,Europe
United Kingdom,GBR,2020,94.8182,70.25431,0.93,Europe
United Kingdom,GBR,2021,95.2591,68.41783,0.941,Europe
United Kingdom,GBR,2022,95.3412,68.378075,0.946,Europe
United States,USA,1990,0.7847285,48.246418,0.878,Americas
United States,USA,1991,1.1631937,48.753185,0.878,Americas
United States,USA,1992,1.7242025,50.641438,0.882,Americas
United States,USA,1993,2.2716732,51.0151,0.884,Americas
United States,USA,1994,4.8627806,51.541924,0.887,Americas
United States,USA,1995,9.237088,52.000492,0.888,Americas
United States,USA,1996,16.419353,53.23023,0.89,Americas
United States,USA,1997,21.616402,54.376328,0.893,Americas
United States,USA,1998,30.093197,55.81051,0.895,Americas
United States,USA,1999,35.848724,57.530106,0.895,Americas
United States,USA,2000,43.0792,59.149975,0.895,Americas
United States,USA,2001,49.0808,60.27278,0.897,Americas
United States,USA,2002,58.7854,61.876675,0.898,Americas
United States,USA,2003,61.6971,63.79642,0.9,Americas
United States,USA,2004,64.7583,65.511055,0.905,Americas
United States,USA,2005,67.9681,66.79082,0.907,Americas
United States,USA,2006,68.9312,67.335144,0.911,Americas
United States,USA,2007,75.0,68.14117,0.914,Americas
United States,USA,2008,74.0,68.95971,0.914,Americas
United States,USA,2009,71.0,71.02365,0.915,Americas
United States,USA,2010,71.69,72.9431,0.919,Americas
United States,USA,2011,69.7295,72.994804,0.92,Americas
United States,USA,2012,74.7,73.444336,0.923,Americas
United States,USA,2013,71.4,74.135895,0.925,Americas
United States,USA,2014,73.0,74.58594,0.926,Americas
United States,USA,2015,74.5542,74.986916,0.928,Americas
United States,USA,2016,85.5444,75.29495,0.929,Americas
United States,USA,2017,87.2749,76.11291,0.931,Americas
United States,USA,2018,88.4989,76.83071,0.934,Americas
United States,USA,2019,89.4303,77.74209,0.936,Americas
United States,USA,2020,96.5768,81.08247,0.925,Americas
United States,USA,2021,96.7792,82.3028,0.921,Americas
United States,USA,2022,97.1299,81.94824,0.93,Americas
United States Virgin Islands,VIR,1990,0.0,,,Americas
United States Virgin Islands,VIR,1991,0.0,,,Americas
United States Virgin Islands,VIR,1992,0.0,,,Americas
United States Virgin Islands,VIR,1993,0.0,,,Americas
United States Virgin Islands,VIR,1994,0.9406453,,,Americas
United States Virgin Islands,VIR,1995,2.8019576,,,Americas
United States Virgin Islands,VIR,1996,4.647186,,,Americas
United States Virgin Islands,VIR,1997,6.948369,,,Americas
United States Virgin Islands,VIR,1998,9.24522,,,Americas
United States Virgin Islands,VIR,1999,11.074606,,,Americas
United States Virgin Islands,VIR,2000,13.8151,,,Americas
United States Virgin Islands,VIR,2001,18.3758,,,Americas
United States Virgin Islands,VIR,2002,27.4944,,,Americas
United States Virgin Islands,VIR,2003,27.4291,,,Americas
United States Virgin Islands,VIR,2004,27.377,,,Americas
United States Virgin Islands,VIR,2005,27.3443,,,Americas
United States Virgin Islands,VIR,2006,27.3326,,,Americas
United States Virgin Islands,VIR,2007,27.3393,,,Americas
United States Virgin Islands,VIR,2008,27.3618,,,Americas
United States Virgin Islands,VIR,2009,27.3965,,,Americas
United States Virgin Islands,VIR,2010,31.22,,,Americas
United States Virgin Islands,VIR,2011,35.6,,,Americas
United States Virgin Islands,VIR,2012,40.5479,,,Americas
United States Virgin Islands,VIR,2013,45.3,,,Americas
United States Virgin Islands,VIR,2014,50.07,,,Americas
United States Virgin Islands,VIR,2015,54.8391,,,Americas
United States Virgin Islands,VIR,2016,59.6083,,,Americas
United States Virgin Islands,VIR,2017,64.3775,,,Americas
Upper-middle-income countries,,1990,0.0,,0.55,
Upper-middle-income countries,,1990,0.0,,0.514,
Upper-middle-income countries,,1990,0.0,,0.674,
Upper-middle-income countries,,1990,0.0,,0.7739702,
Upper-middle-income countries,,1990,0.0,,0.569,
Upper-middle-income countries,,1990,0.0,,0.8043755,
Upper-middle-income countries,,1990,0.0,,0.648,
Upper-middle-income countries,,1990,0.0,,0.346,
Upper-middle-income countries,,1990,0.0,,0.439,
Upper-middle-income countries,,1990,0.0,,0.6497253,
Upper-middle-income countries,,1990,0.0,,0.454,
Upper-middle-income countries,,1990,0.0,,0.405,
Upper-middle-income countries,,1990,0.0,,0.797,
Upper-middle-income countries,,1991,0.0007216798,,0.552,
Upper-middle-income countries,,1991,0.0007216798,,0.522,
Upper-middle-income countries,,1991,0.0007216798,,0.671,
Upper-middle-income countries,,1991,0.0007216798,,0.7779599,
Upper-middle-income countries,,1991,0.0007216798,,0.574,
Upper-middle-income countries,,1991,0.0007216798,,0.806783,
Upper-middle-income countries,,1991,0.0007216798,,0.653,
Upper-middle-income countries,,1991,0.0007216798,,0.348,
Upper-middle-income countries,,1991,0.0007216798,,0.44,
Upper-middle-income countries,,1991,0.0007216798,,0.6547653,
Upper-middle-income countries,,1991,0.0007216798,,0.458,
Upper-middle-income countries,,1991,0.0007216798,,0.409,
Upper-middle-income countries,,1991,0.0007216798,,0.8,
Upper-middle-income countries,,1992,0.0024545249,,0.561,
Upper-middle-income countries,,1992,0.0024545249,,0.531,
Upper-middle-income countries,,1992,0.0024545249,,0.664,
Upper-middle-income countries,,1992,0.0024545249,,0.78332764,
Upper-middle-income countries,,1992,0.0024545249,,0.58,
Upper-middle-income countries,,1992,0.0024545249,,0.80932313,
Upper-middle-income countries,,1992,0.0024545249,,0.657,
Upper-middle-income countries,,1992,0.0024545249,,0.352,
Upper-middle-income countries,,1992,0.0024545249,,0.445,
Upper-middle-income countries,,1992,0.0024545249,,0.65902275,
Upper-middle-income countries,,1992,0.0024545249,,0.464,
Upper-middle-income countries,,1992,0.0024545249,,0.408,
Upper-middle-income countries,,1992,0.0024545249,,0.802,
Upper-middle-income countries,,1993,0.0067543313,,0.571,
Upper-middle-income countries,,1993,0.0067543313,,0.541,
Upper-middle-income countries,,1993,0.0067543313,,0.659,
Upper-middle-income countries,,1993,0.0067543313,,0.79047537,
Upper-middle-income countries,,1993,0.0067543313,,0.586,
Upper-middle-income countries,,1993,0.0067543313,,0.81150347,
Upper-middle-income countries,,1993,0.0067543313,,0.661,
Upper-middle-income countries,,1993,0.0067543313,,0.356,
Upper-middle-income countries,,1993,0.0067543313,,0.449,
Upper-middle-income countries,,1993,0.0067543313,,0.66415447,
Upper-middle-income countries,,1993,0.0067543313,,0.468,
Upper-middle-income countries,,1993,0.0067543313,,0.411,
Upper-middle-income countries,,1993,0.0067543313,,0.804,
Upper-middle-income countries,,1994,0.016722864,,0.577,
Upper-middle-income countries,,1994,0.016722864,,0.55,
Upper-middle-income countries,,1994,0.016722864,,0.654,
Upper-middle-income countries,,1994,0.016722864,,0.7999784,
Upper-middle-income countries,,1994,0.016722864,,0.591,
Upper-middle-income countries,,1994,0.016722864,,0.81610936,
Upper-middle-income countries,,1994,0.016722864,,0.666,
Upper-middle-income countries,,1994,0.016722864,,0.361,
Upper-middle-income countries,,1994,0.016722864,,0.453,
Upper-middle-income countries,,1994,0.016722864,,0.66946566,
Upper-middle-income countries,,1994,0.016722864,,0.472,
Upper-middle-income countries,,1994,0.016722864,,0.413,
Upper-middle-income countries,,1994,0.016722864,,0.809,
Upper-middle-income countries,,1995,0.042839173,,0.582,
Upper-middle-income countries,,1995,0.042839173,,0.559,
Upper-middle-income countries,,1995,0.042839173,,0.7735119,
Upper-middle-income countries,,1995,0.042839173,,0.658,
Upper-middle-income countries,,1995,0.042839173,,0.8133682,
Upper-middle-income countries,,1995,0.042839173,,0.599,
Upper-middle-income countries,,1995,0.042839173,,0.8224163,
Upper-middle-income countries,,1995,0.042839173,,0.67,
Upper-middle-income countries,,1995,0.042839173,,0.368,
Upper-middle-income countries,,1995,0.042839173,,0.459,
Upper-middle-income countries,,1995,0.042839173,,0.6756636,
Upper-middle-income countries,,1995,0.042839173,,0.478,
Upper-middle-income countries,,1995,0.042839173,,0.42,
Upper-middle-income countries,,1995,0.042839173,,0.812,
Upper-middle-income countries,,1996,0.10465934,,0.59,
Upper-middle-income countries,,1996,0.10465934,,0.57,
Upper-middle-income countries,,1996,0.10465934,,0.7801411,
Upper-middle-income countries,,1996,0.10465934,,0.662,
Upper-middle-income countries,,1996,0.10465934,,0.82013655,
Upper-middle-income countries,,1996,0.10465934,,0.607,
Upper-middle-income countries,,1996,0.10465934,,0.82840586,
Upper-middle-income countries,,1996,0.10465934,,0.676,
Upper-middle-income countries,,1996,0.10465934,,0.373,
Upper-middle-income countries,,1996,0.10465934,,0.466,
Upper-middle-income countries,,1996,0.10465934,,0.6810407,
Upper-middle-income countries,,1996,0.10465934,,0.484,
Upper-middle-income countries,,1996,0.10465934,,0.423,
Upper-middle-income countries,,1996,0.10465934,,0.818,
Upper-middle-income countries,,1997,0.23022975,,0.596,
Upper-middle-income countries,,1997,0.23022975,,0.579,
Upper-middle-income countries,,1997,0.23022975,,0.7872637,
Upper-middle-income countries,,1997,0.23022975,,0.668,
Upper-middle-income countries,,1997,0.23022975,,0.8263604,
Upper-middle-income countries,,1997,0.23022975,,0.615,
Upper-middle-income countries,,1997,0.23022975,,0.83428735,
Upper-middle-income countries,,1997,0.23022975,,0.683,
Upper-middle-income countries,,1997,0.23022975,,0.378,
Upper-middle-income countries,,1997,0.23022975,,0.472,
Upper-middle-income countries,,1997,0.23022975,,0.6869894,
Upper-middle-income countries,,1997,0.23022975,,0.49,
Upper-middle-income countries,,1997,0.23022975,,0.427,
Upper-middle-income countries,,1997,0.23022975,,0.824,
Upper-middle-income countries,,1998,0.52532464,,0.603,
Upper-middle-income countries,,1998,0.52532464,,0.586,
Upper-middle-income countries,,1998,0.52532464,,0.7928959,
Upper-middle-income countries,,1998,0.52532464,,0.674,
Upper-middle-income countries,,1998,0.52532464,,0.8325962,
Upper-middle-income countries,,1998,0.52532464,,0.622,
Upper-middle-income countries,,1998,0.52532464,,0.83827734,
Upper-middle-income countries,,1998,0.52532464,,0.688,
Upper-middle-income countries,,1998,0.52532464,,0.382,
Upper-middle-income countries,,1998,0.52532464,,0.478,
Upper-middle-income countries,,1998,0.52532464,,0.6915652,
Upper-middle-income countries,,1998,0.52532464,,0.496,
Upper-middle-income countries,,1998,0.52532464,,0.43,
Upper-middle-income countries,,1998,0.52532464,,0.829,
Upper-middle-income countries,,1999,1.151327,,0.609,
Upper-middle-income countries,,1999,1.151327,,0.594,
Upper-middle-income countries,,1999,1.151327,,0.7974899,
Upper-middle-income countries,,1999,1.151327,,0.676,
Upper-middle-income countries,,1999,1.151327,,0.8380795,
Upper-middle-income countries,,1999,1.151327,,0.628,
Upper-middle-income countries,,1999,1.151327,,0.84187406,
Upper-middle-income countries,,1999,1.151327,,0.692,
Upper-middle-income countries,,1999,1.151327,,0.39,
Upper-middle-income countries,,1999,1.151327,,0.48673937,
Upper-middle-income countries,,1999,1.151327,,0.485,
Upper-middle-income countries,,1999,1.151327,,0.69540364,
Upper-middle-income countries,,1999,1.151327,,0.503,
Upper-middle-income countries,,1999,1.151327,,0.433,
Upper-middle-income countries,,1999,1.151327,,0.832,
Upper-middle-income countries,,2000,2.3075514,,0.4245854,
Upper-middle-income countries,,2000,2.3075514,,0.615,
Upper-middle-income countries,,2000,2.3075514,,0.569869,
Upper-middle-income countries,,2000,2.3075514,,0.604,
Upper-middle-income countries,,2000,2.3075514,,0.8080217,
Upper-middle-income countries,,2000,2.3075514,,0.686,
Upper-middle-income countries,,2000,2.3075514,,0.8433045,
Upper-middle-income countries,,2000,2.3075514,,0.636,
Upper-middle-income countries,,2000,2.3075514,,0.84814763,
Upper-middle-income countries,,2000,2.3075514,,0.697,
Upper-middle-income countries,,2000,2.3075514,,0.393,
Upper-middle-income countries,,2000,2.3075514,,0.49990252,
Upper-middle-income countries,,2000,2.3075514,,0.491,
Upper-middle-income countries,,2000,2.3075514,,0.81713676,
Upper-middle-income countries,,2000,2.3075514,,0.70062786,
Upper-middle-income countries,,2000,2.3075514,,0.508,
Upper-middle-income countries,,2000,2.3075514,,0.435,
Upper-middle-income countries,,2000,2.3075514,,0.6285039,
Upper-middle-income countries,,2000,2.3075514,,0.838,
Upper-middle-income countries,,2001,3.3926528,,0.4292593,
Upper-middle-income countries,,2001,3.3926528,,0.621,
Upper-middle-income countries,,2001,3.3926528,,0.5783103,
Upper-middle-income countries,,2001,3.3926528,,0.612,
Upper-middle-income countries,,2001,3.3926528,,0.81529015,
Upper-middle-income countries,,2001,3.3926528,,0.693,
Upper-middle-income countries,,2001,3.3926528,,0.84985864,
Upper-middle-income countries,,2001,3.3926528,,0.643,
Upper-middle-income countries,,2001,3.3926528,,0.8533231,
Upper-middle-income countries,,2001,3.3926528,,0.702,
Upper-middle-income countries,,2001,3.3926528,,0.401,
Upper-middle-income countries,,2001,3.3926528,,0.5078028,
Upper-middle-income countries,,2001,3.3926528,,0.5,
Upper-middle-income countries,,2001,3.3926528,,0.819591,
Upper-middle-income countries,,2001,3.3926528,,0.7054202,
Upper-middle-income countries,,2001,3.3926528,,0.517,
Upper-middle-income countries,,2001,3.3926528,,0.441,
Upper-middle-income countries,,2001,3.3926528,,0.63662523,
Upper-middle-income countries,,2001,3.3926528,,0.843,
Upper-middle-income countries,,2002,5.598555,,0.43494922,
Upper-middle-income countries,,2002,5.598555,,0.626,
Upper-middle-income countries,,2002,5.598555,,0.5859656,
Upper-middle-income countries,,2002,5.598555,,0.622,
Upper-middle-income countries,,2002,5.598555,,0.8208476,
Upper-middle-income countries,,2002,5.598555,,0.701,
Upper-middle-income countries,,2002,5.598555,,0.85488456,
Upper-middle-income countries,,2002,5.598555,,0.651,
Upper-middle-income countries,,2002,5.598555,,0.85723525,
Upper-middle-income countries,,2002,5.598555,,0.706,
Upper-middle-income countries,,2002,5.598555,,0.407,
Upper-middle-income countries,,2002,5.598555,,0.5139684,
Upper-middle-income countries,,2002,5.598555,,0.506,
Upper-middle-income countries,,2002,5.598555,,0.8224308,
Upper-middle-income countries,,2002,5.598555,,0.71004105,
Upper-middle-income countries,,2002,5.598555,,0.523,
Upper-middle-income countries,,2002,5.598555,,0.449,
Upper-middle-income countries,,2002,5.598555,,0.645688,
Upper-middle-income countries,,2002,5.598555,,0.847,
Upper-middle-income countries,,2003,7.1778064,,0.44065332,
Upper-middle-income countries,,2003,7.1778064,,0.63,
Upper-middle-income countries,,2003,7.1778064,,0.5955544,
Upper-middle-income countries,,2003,7.1778064,,0.632,
Upper-middle-income countries,,2003,7.1778064,,0.8275237,
Upper-middle-income countries,,2003,7.1778064,,0.709,
Upper-middle-income countries,,2003,7.1778064,,0.85958296,
Upper-middle-income countries,,2003,7.1778064,,0.659,
Upper-middle-income countries,,2003,7.1778064,,0.8615973,
Upper-middle-income countries,,2003,7.1778064,,0.711,
Upper-middle-income countries,,2003,7.1778064,,0.414,
Upper-middle-income countries,,2003,7.1778064,,0.5242137,
Upper-middle-income countries,,2003,7.1778064,,0.516,
Upper-middle-income countries,,2003,7.1778064,,0.8255375,
Upper-middle-income countries,,2003,7.1778064,,0.7139729,
Upper-middle-income countries,,2003,7.1778064,,0.535,
Upper-middle-income countries,,2003,7.1778064,,0.457,
Upper-middle-income countries,,2003,7.1778064,,0.65426606,
Upper-middle-income countries,,2003,7.1778064,,0.852,
Upper-middle-income countries,,2004,8.80531,,0.44817433,
Upper-middle-income countries,,2004,8.80531,,0.638,
Upper-middle-income countries,,2004,8.80531,,0.6048904,
Upper-middle-income countries,,2004,8.80531,,0.641,
Upper-middle-income countries,,2004,8.80531,,0.83400583,
Upper-middle-income countries,,2004,8.80531,,0.716,
Upper-middle-income countries,,2004,8.80531,,0.8654416,
Upper-middle-income countries,,2004,8.80531,,0.666,
Upper-middle-income countries,,2004,8.80531,,0.8671708,
Upper-middle-income countries,,2004,8.80531,,0.717,
Upper-middle-income countries,,2004,8.80531,,0.424,
Upper-middle-income countries,,2004,8.80531,,0.533825,
Upper-middle-income countries,,2004,8.80531,,0.526,
Upper-middle-income countries,,2004,8.80531,,0.83012056,
Upper-middle-income countries,,2004,8.80531,,0.7216664,
Upper-middle-income countries,,2004,8.80531,,0.543,
Upper-middle-income countries,,2004,8.80531,,0.466,
Upper-middle-income countries,,2004,8.80531,,0.66330206,
Upper-middle-income countries,,2004,8.80531,,0.857,
Upper-middle-income countries,,2005,10.2,,0.461668,
Upper-middle-income countries,,2005,10.2,,0.645,
Upper-middle-income countries,,2005,10.2,,0.61573684,
Upper-middle-income countries,,2005,10.2,,0.652,
Upper-middle-income countries,,2005,10.2,,0.84263706,
Upper-middle-income countries,,2005,10.2,,0.72,
Upper-middle-income countries,,2005,10.2,,0.8698894,
Upper-middle-income countries,,2005,10.2,,0.675,
Upper-middle-income countries,,2005,10.2,,0.87086254,
Upper-middle-income countries,,2005,10.2,,0.723,
Upper-middle-income countries,,2005,10.2,,0.433,
Upper-middle-income countries,,2005,10.2,,0.34204078,
Upper-middle-income countries,,2005,10.2,,0.5434632,
Upper-middle-income countries,,2005,10.2,,0.535,
Upper-middle-income countries,,2005,10.2,,0.8332466,
Upper-middle-income countries,,2005,10.2,,0.80804354,
Upper-middle-income countries,,2005,10.2,,0.727708,
Upper-middle-income countries,,2005,10.2,,0.552,
Upper-middle-income countries,,2005,10.2,,0.473,
Upper-middle-income countries,,2005,10.2,,0.6755118,
Upper-middle-income countries,,2005,10.2,,0.861,
Upper-middle-income countries,,2006,12.6,,0.46813595,
Upper-middle-income countries,,2006,12.6,,0.652,
Upper-middle-income countries,,2006,12.6,,0.6248776,
Upper-middle-income countries,,2006,12.6,,0.662,
Upper-middle-income countries,,2006,12.6,,0.848911,
Upper-middle-income countries,,2006,12.6,,0.728,
Upper-middle-income countries,,2006,12.6,,0.87523013,
Upper-middle-income countries,,2006,12.6,,0.683,
Upper-middle-income countries,,2006,12.6,,0.87583596,
Upper-middle-income countries,,2006,12.6,,0.729,
Upper-middle-income countries,,2006,12.6,,0.442,
Upper-middle-income countries,,2006,12.6,,0.35059604,
Upper-middle-income countries,,2006,12.6,,0.55155903,
Upper-middle-income countries,,2006,12.6,,0.543,
Upper-middle-income countries,,2006,12.6,,0.8386846,
Upper-middle-income countries,,2006,12.6,,0.8101854,
Upper-middle-income countries,,2006,12.6,,0.73351294,
Upper-middle-income countries,,2006,12.6,,0.561,
Upper-middle-income countries,,2006,12.6,,0.481,
Upper-middle-income countries,,2006,12.6,,0.6853619,
Upper-middle-income countries,,2006,12.6,,0.866,
Upper-middle-income countries,,2007,16.7,,0.4750963,
Upper-middle-income countries,,2007,16.7,,0.658,
Upper-middle-income countries,,2007,16.7,,0.63415104,
Upper-middle-income countries,,2007,16.7,,0.673,
Upper-middle-income countries,,2007,16.7,,0.8548727,
Upper-middle-income countries,,2007,16.7,,0.736,
Upper-middle-income countries,,2007,16.7,,0.87925476,
Upper-middle-income countries,,2007,16.7,,0.692,
Upper-middle-income countries,,2007,16.7,,0.8802514,
Upper-middle-income countries,,2007,16.7,,0.736,
Upper-middle-income countries,,2007,16.7,,0.45,
Upper-middle-income countries,,2007,16.7,,0.3596332,
Upper-middle-income countries,,2007,16.7,,0.5593327,
Upper-middle-income countries,,2007,16.7,,0.551,
Upper-middle-income countries,,2007,16.7,,0.84200835,
Upper-middle-income countries,,2007,16.7,,0.8121299,
Upper-middle-income countries,,2007,16.7,,0.74158055,
Upper-middle-income countries,,2007,16.7,,0.569,
Upper-middle-income countries,,2007,16.7,,0.489,
Upper-middle-income countries,,2007,16.7,,0.6958714,
Upper-middle-income countries,,2007,16.7,,0.87,
Upper-middle-income countries,,2008,21.3,,0.49759457,
Upper-middle-income countries,,2008,21.3,,0.661,
Upper-middle-income countries,,2008,21.3,,0.64034575,
Upper-middle-income countries,,2008,21.3,,0.68,
Upper-middle-income countries,,2008,21.3,,0.8590917,
Upper-middle-income countries,,2008,21.3,,0.74,
Upper-middle-income countries,,2008,21.3,,0.88218033,
Upper-middle-income countries,,2008,21.3,,0.699,
Upper-middle-income countries,,2008,21.3,,0.8827478,
Upper-middle-income countries,,2008,21.3,,0.742,
Upper-middle-income countries,,2008,21.3,,0.457,
Upper-middle-income countries,,2008,21.3,,0.39877075,
Upper-middle-income countries,,2008,21.3,,0.56541926,
Upper-middle-income countries,,2008,21.3,,0.558,
Upper-middle-income countries,,2008,21.3,,0.8433985,
Upper-middle-income countries,,2008,21.3,,0.8153273,
Upper-middle-income countries,,2008,21.3,,0.7485009,
Upper-middle-income countries,,2008,21.3,,0.575,
Upper-middle-income countries,,2008,21.3,,0.497,
Upper-middle-income countries,,2008,21.3,,0.7032563,
Upper-middle-income countries,,2008,21.3,,0.872,
Upper-middle-income countries,,2009,25.8,,0.5021216,
Upper-middle-income countries,,2009,25.8,,0.666,
Upper-middle-income countries,,2009,25.8,,0.64756656,
Upper-middle-income countries,,2009,25.8,,0.69,
Upper-middle-income countries,,2009,25.8,,0.8599548,
Upper-middle-income countries,,2009,25.8,,0.742,
Upper-middle-income countries,,2009,25.8,,0.8833343,
Upper-middle-income countries,,2009,25.8,,0.706,
Upper-middle-income countries,,2009,25.8,,0.8837552,
Upper-middle-income countries,,2009,25.8,,0.743,
Upper-middle-income countries,,2009,25.8,,0.461,
Upper-middle-income countries,,2009,25.8,,0.402766,
Upper-middle-income countries,,2009,25.8,,0.5710855,
Upper-middle-income countries,,2009,25.8,,0.565,
Upper-middle-income countries,,2009,25.8,,0.8439207,
Upper-middle-income countries,,2009,25.8,,0.81803006,
Upper-middle-income countries,,2009,25.8,,0.7512326,
Upper-middle-income countries,,2009,25.8,,0.58,
Upper-middle-income countries,,2009,25.8,,0.503,
Upper-middle-income countries,,2009,25.8,,0.71126586,
Upper-middle-income countries,,2009,25.8,,0.874,
Upper-middle-income countries,,2010,30.6,,0.513888,
Upper-middle-income countries,,2010,30.6,,0.67,
Upper-middle-income countries,,2010,30.6,,0.65679175,
Upper-middle-income countries,,2010,30.6,,0.699,
Upper-middle-income countries,,2010,30.6,,0.8645471,
Upper-middle-income countries,,2010,30.6,,0.753,
Upper-middle-income countries,,2010,30.6,,0.8875532,
Upper-middle-income countries,,2010,30.6,,0.714,
Upper-middle-income countries,,2010,30.6,,0.88799495,
Upper-middle-income countries,,2010,30.6,,0.747,
Upper-middle-income countries,,2010,30.6,,0.467,
Upper-middle-income countries,,2010,30.6,,0.42096916,
Upper-middle-income countries,,2010,30.6,,0.57957613,
Upper-middle-income countries,,2010,30.6,,0.573,
Upper-middle-income countries,,2010,30.6,,0.84561443,
Upper-middle-income countries,,2010,30.6,,0.82062435,
Upper-middle-income countries,,2010,30.6,,0.75787014,
Upper-middle-income countries,,2010,30.6,,0.59,
Upper-middle-income countries,,2010,30.6,,0.51,
Upper-middle-income countries,,2010,30.6,,0.72018623,
Upper-middle-income countries,,2010,30.6,,0.879,
Upper-middle-income countries,,2011,34.6,,0.52003187,
Upper-middle-income countries,,2011,34.6,,0.672,
Upper-middle-income countries,,2011,34.6,,0.66498727,
Upper-middle-income countries,,2011,34.6,,0.706,
Upper-middle-income countries,,2011,34.6,,0.87022907,
Upper-middle-income countries,,2011,34.6,,0.761,
Upper-middle-income countries,,2011,34.6,,0.89193636,
Upper-middle-income countries,,2011,34.6,,0.72,
Upper-middle-income countries,,2011,34.6,,0.8916487,
Upper-middle-income countries,,2011,34.6,,0.753,
Upper-middle-income countries,,2011,34.6,,0.471,
Upper-middle-income countries,,2011,34.6,,0.4269735,
Upper-middle-income countries,,2011,34.6,,0.5894755,
Upper-middle-income countries,,2011,34.6,,0.584,
Upper-middle-income countries,,2011,34.6,,0.8494359,
Upper-middle-income countries,,2011,34.6,,0.8243534,
Upper-middle-income countries,,2011,34.6,,0.7633919,
Upper-middle-income countries,,2011,34.6,,0.601,
Upper-middle-income countries,,2011,34.6,,0.517,
Upper-middle-income countries,,2011,34.6,,0.7270223,
Upper-middle-income countries,,2011,34.6,,0.883,
Upper-middle-income countries,,2012,38.3,,0.5260907,
Upper-middle-income countries,,2012,38.3,,0.68,
Upper-middle-income countries,,2012,38.3,,0.67128,
Upper-middle-income countries,,2012,38.3,,0.713,
Upper-middle-income countries,,2012,38.3,,0.87196416,
Upper-middle-income countries,,2012,38.3,,0.767,
Upper-middle-income countries,,2012,38.3,,0.8927878,
Upper-middle-income countries,,2012,38.3,,0.727,
Upper-middle-income countries,,2012,38.3,,0.8941138,
Upper-middle-income countries,,2012,38.3,,0.758,
Upper-middle-income countries,,2012,38.3,,0.477,
Upper-middle-income countries,,2012,38.3,,0.43000394,
Upper-middle-income countries,,2012,38.3,,0.5956914,
Upper-middle-income countries,,2012,38.3,,0.59,
Upper-middle-income countries,,2012,38.3,,0.8532949,
Upper-middle-income countries,,2012,38.3,,0.82798356,
Upper-middle-income countries,,2012,38.3,,0.7674748,
Upper-middle-income countries,,2012,38.3,,0.606,
Upper-middle-income countries,,2012,38.3,,0.523,
Upper-middle-income countries,,2012,38.3,,0.73412,
Upper-middle-income countries,,2012,38.3,,0.886,
Upper-middle-income countries,,2013,41.5,,0.53123987,
Upper-middle-income countries,,2013,41.5,,0.683,
Upper-middle-income countries,,2013,41.5,,0.677284,
Upper-middle-income countries,,2013,41.5,,0.72,
Upper-middle-income countries,,2013,41.5,,0.87687457,
Upper-middle-income countries,,2013,41.5,,0.78,
Upper-middle-income countries,,2013,41.5,,0.8967906,
Upper-middle-income countries,,2013,41.5,,0.733,
Upper-middle-income countries,,2013,41.5,,0.8981406,
Upper-middle-income countries,,2013,41.5,,0.762,
Upper-middle-income countries,,2013,41.5,,0.482,
Upper-middle-income countries,,2013,41.5,,0.432075,
Upper-middle-income countries,,2013,41.5,,0.60151386,
Upper-middle-income countries,,2013,41.5,,0.595,
Upper-middle-income countries,,2013,41.5,,0.85496044,
Upper-middle-income countries,,2013,41.5,,0.8279558,
Upper-middle-income countries,,2013,41.5,,0.7731587,
Upper-middle-income countries,,2013,41.5,,0.611,
Upper-middle-income countries,,2013,41.5,,0.528,
Upper-middle-income countries,,2013,41.5,,0.7406829,
Upper-middle-income countries,,2013,41.5,,0.892,
Upper-middle-income countries,,2014,44.3,,0.5367227,
Upper-middle-income countries,,2014,44.3,,0.688,
Upper-middle-income countries,,2014,44.3,,0.68550044,
Upper-middle-income countries,,2014,44.3,,0.728,
Upper-middle-income countries,,2014,44.3,,0.87929887,
Upper-middle-income countries,,2014,44.3,,0.785,
Upper-middle-income countries,,2014,44.3,,0.8999237,
Upper-middle-income countries,,2014,44.3,,0.739,
Upper-middle-income countries,,2014,44.3,,0.90055966,
Upper-middle-income countries,,2014,44.3,,0.765,
Upper-middle-income countries,,2014,44.3,,0.488,
Upper-middle-income countries,,2014,44.3,,0.43649974,
Upper-middle-income countries,,2014,44.3,,0.60980934,
Upper-middle-income countries,,2014,44.3,,0.604,
Upper-middle-income countries,,2014,44.3,,0.85716856,
Upper-middle-income countries,,2014,44.3,,0.8310525,
Upper-middle-income countries,,2014,44.3,,0.7760436,
Upper-middle-income countries,,2014,44.3,,0.62,
Upper-middle-income countries,,2014,44.3,,0.534,
Upper-middle-income countries,,2014,44.3,,0.7478326,
Upper-middle-income countries,,2014,44.3,,0.895,
Upper-middle-income countries,,2015,47.9,,0.5425902,
Upper-middle-income countries,,2015,47.9,,0.693,
Upper-middle-income countries,,2015,47.9,,0.6922845,
Upper-middle-income countries,,2015,47.9,,0.735,
Upper-middle-income countries,,2015,47.9,,0.88032347,
Upper-middle-income countries,,2015,47.9,,0.789,
Upper-middle-income countries,,2015,47.9,,0.9017791,
Upper-middle-income countries,,2015,47.9,,0.744,
Upper-middle-income countries,,2015,47.9,,0.9027572,
Upper-middle-income countries,,2015,47.9,,0.767,
Upper-middle-income countries,,2015,47.9,,0.491,
Upper-middle-income countries,,2015,47.9,,0.43883622,
Upper-middle-income countries,,2015,47.9,,0.6173714,
Upper-middle-income countries,,2015,47.9,,0.611,
Upper-middle-income countries,,2015,47.9,,0.8591236,
Upper-middle-income countries,,2015,47.9,,0.8333656,
Upper-middle-income countries,,2015,47.9,,0.7772507,
Upper-middle-income countries,,2015,47.9,,0.627,
Upper-middle-income countries,,2015,47.9,,0.54,
Upper-middle-income countries,,2015,47.9,,0.7533915,
Upper-middle-income countries,,2015,47.9,,0.898,
Upper-middle-income countries,,2016,51.4,,0.5466387,
Upper-middle-income countries,,2016,51.4,,0.698,
Upper-middle-income countries,,2016,51.4,,0.6996885,
Upper-middle-income countries,,2016,51.4,,0.742,
Upper-middle-income countries,,2016,51.4,,0.8832819,
Upper-middle-income countries,,2016,51.4,,0.793,
Upper-middle-income countries,,2016,51.4,,0.9050324,
Upper-middle-income countries,,2016,51.4,,0.749,
Upper-middle-income countries,,2016,51.4,,0.90514636,
Upper-middle-income countries,,2016,51.4,,0.769,
Upper-middle-income countries,,2016,51.4,,0.497,
Upper-middle-income countries,,2016,51.4,,0.4427982,
Upper-middle-income countries,,2016,51.4,,0.62547666,
Upper-middle-income countries,,2016,51.4,,0.62,
Upper-middle-income countries,,2016,51.4,,0.86142576,
Upper-middle-income countries,,2016,51.4,,0.83567315,
Upper-middle-income countries,,2016,51.4,,0.7784721,
Upper-middle-income countries,,2016,51.4,,0.637,
Upper-middle-income countries,,2016,51.4,,0.543,
Upper-middle-income countries,,2016,51.4,,0.7588624,
Upper-middle-income countries,,2016,51.4,,0.9,
Upper-middle-income countries,,2017,54.7,,0.5504002,
Upper-middle-income countries,,2017,54.7,,0.702,
Upper-middle-income countries,,2017,54.7,,0.7046988,
Upper-middle-income countries,,2017,54.7,,0.749,
Upper-middle-income countries,,2017,54.7,,0.8861951,
Upper-middle-income countries,,2017,54.7,,0.8,
Upper-middle-income countries,,2017,54.7,,0.9075523,
Upper-middle-income countries,,2017,54.7,,0.754,
Upper-middle-income countries,,2017,54.7,,0.90792,
Upper-middle-income countries,,2017,54.7,,0.772,
Upper-middle-income countries,,2017,54.7,,0.5,
Upper-middle-income countries,,2017,54.7,,0.44619104,
Upper-middle-income countries,,2017,54.7,,0.62979513,
Upper-middle-income countries,,2017,54.7,,0.624,
Upper-middle-income countries,,2017,54.7,,0.8636879,
Upper-middle-income countries,,2017,54.7,,0.83694863,
Upper-middle-income countries,,2017,54.7,,0.7811188,
Upper-middle-income countries,,2017,54.7,,0.641,
Upper-middle-income countries,,2017,54.7,,0.546,
Upper-middle-income countries,,2017,54.7,,0.7643767,
Upper-middle-income countries,,2017,54.7,,0.903,
Upper-middle-income countries,,2018,59.5,,0.5558327,
Upper-middle-income countries,,2018,59.5,,0.707,
Upper-middle-income countries,,2018,59.5,,0.7085525,
Upper-middle-income countries,,2018,59.5,,0.756,
Upper-middle-income countries,,2018,59.5,,0.88933504,
Upper-middle-income countries,,2018,59.5,,0.804,
Upper-middle-income countries,,2018,59.5,,0.9103591,
Upper-middle-income countries,,2018,59.5,,0.76,
Upper-middle-income countries,,2018,59.5,,0.91105837,
Upper-middle-income countries,,2018,59.5,,0.774,
Upper-middle-income countries,,2018,59.5,,0.504,
Upper-middle-income countries,,2018,59.5,,0.4525536,
Upper-middle-income countries,,2018,59.5,,0.6321534,
Upper-middle-income countries,,2018,59.5,,0.627,
Upper-middle-income countries,,2018,59.5,,0.8665236,
Upper-middle-income countries,,2018,59.5,,0.84073627,
Upper-middle-income countries,,2018,59.5,,0.7836532,
Upper-middle-income countries,,2018,59.5,,0.642,
Upper-middle-income countries,,2018,59.5,,0.551,
Upper-middle-income countries,,2018,59.5,,0.7702497,
Upper-middle-income countries,,2018,59.5,,0.906,
Upper-middle-income countries,,2019,64.6,,0.56035364,
Upper-middle-income countries,,2019,64.6,,0.712,
Upper-middle-income countries,,2019,64.6,,0.7126623,
Upper-middle-income countries,,2019,64.6,,0.761,
Upper-middle-income countries,,2019,64.6,,0.89306754,
Upper-middle-income countries,,2019,64.6,,0.808,
Upper-middle-income countries,,2019,64.6,,0.9143795,
Upper-middle-income countries,,2019,64.6,,0.765,
Upper-middle-income countries,,2019,64.6,,0.91397655,
Upper-middle-income countries,,2019,64.6,,0.776,
Upper-middle-income countries,,2019,64.6,,0.507,
Upper-middle-income countries,,2019,64.6,,0.45707306,
Upper-middle-income countries,,2019,64.6,,0.63645244,
Upper-middle-income countries,,2019,64.6,,0.631,
Upper-middle-income countries,,2019,64.6,,0.8687238,
Upper-middle-income countries,,2019,64.6,,0.8431121,
Upper-middle-income countries,,2019,64.6,,0.78433996,
Upper-middle-income countries,,2019,64.6,,0.645,
Upper-middle-income countries,,2019,64.6,,0.557,
Upper-middle-income countries,,2019,64.6,,0.7744862,
Upper-middle-income countries,,2019,64.6,,0.909,
Upper-middle-income countries,,2020,70.3,,0.5594648,
Upper-middle-income countries,,2020,70.3,,0.707,
Upper-middle-income countries,,2020,70.3,,0.7130719,
Upper-middle-income countries,,2020,70.3,,0.764,
Upper-middle-income countries,,2020,70.3,,0.8829021,
Upper-middle-income countries,,2020,70.3,,0.802,
Upper-middle-income countries,,2020,70.3,,0.90954304,
Upper-middle-income countries,,2020,70.3,,0.763,
Upper-middle-income countries,,2020,70.3,,0.9056104,
Upper-middle-income countries,,2020,70.3,,0.764,
Upper-middle-income countries,,2020,70.3,,0.507,
Upper-middle-income countries,,2020,70.3,,0.45871836,
Upper-middle-income countries,,2020,70.3,,0.6364669,
Upper-middle-income countries,,2020,70.3,,0.631,
Upper-middle-income countries,,2020,70.3,,0.85540247,
Upper-middle-income countries,,2020,70.3,,0.84438473,
Upper-middle-income countries,,2020,70.3,,0.7736417,
Upper-middle-income countries,,2020,70.3,,0.645,
Upper-middle-income countries,,2020,70.3,,0.557,
Upper-middle-income countries,,2020,70.3,,0.7720838,
Upper-middle-income countries,,2020,70.3,,0.901,
Upper-middle-income countries,,2021,73.9,,0.56110394,
Upper-middle-income countries,,2021,73.9,,0.71,
Upper-middle-income countries,,2021,73.9,,0.71319216,
Upper-middle-income countries,,2021,73.9,,0.768,
Upper-middle-income countries,,2021,73.9,,0.88542944,
Upper-middle-income countries,,2021,73.9,,0.803,
Upper-middle-income countries,,2021,73.9,,0.914425,
Upper-middle-income countries,,2021,73.9,,0.766,
Upper-middle-income countries,,2021,73.9,,0.90697354,
Upper-middle-income countries,,2021,73.9,,0.762,
Upper-middle-income countries,,2021,73.9,,0.507,
Upper-middle-income countries,,2021,73.9,,0.4588084,
Upper-middle-income countries,,2021,73.9,,0.63409626,
Upper-middle-income countries,,2021,73.9,,0.629,
Upper-middle-income countries,,2021,73.9,,0.8522403,
Upper-middle-income countries,,2021,73.9,,0.84548646,
Upper-middle-income countries,,2021,73.9,,0.77192116,
Upper-middle-income countries,,2021,73.9,,0.641,
Upper-middle-income countries,,2021,73.9,,0.558,
Upper-middle-income countries,,2021,73.9,,0.77544844,
Upper-middle-income countries,,2021,73.9,,0.903,
Upper-middle-income countries,,2022,76.6,,0.5714846,
Upper-middle-income countries,,2022,76.6,,0.716,
Upper-middle-income countries,,2022,76.6,,0.7262154,
Upper-middle-income countries,,2022,76.6,,0.773,
Upper-middle-income countries,,2022,76.6,,0.89101297,
Upper-middle-income countries,,2022,76.6,,0.815,
Upper-middle-income countries,,2022,76.6,,0.91688347,
Upper-middle-income countries,,2022,76.6,,0.774,
Upper-middle-income countries,,2022,76.6,,0.91196257,
Upper-middle-income countries,,2022,76.6,,0.778,
Upper-middle-income countries,,2022,76.6,,0.512,
Upper-middle-income countries,,2022,76.6,,0.47149748,
Upper-middle-income countries,,2022,76.6,,0.6529091,
Upper-middle-income countries,,2022,76.6,,0.649,
Upper-middle-income countries,,2022,76.6,,0.86384416,
Upper-middle-income countries,,2022,76.6,,0.84466344,
Upper-middle-income countries,,2022,76.6,,0.7865941,
Upper-middle-income countries,,2022,76.6,,0.665,
Upper-middle-income countries,,2022,76.6,,0.565,
Upper-middle-income countries,,2022,76.6,,0.7832832,
Upper-middle-income countries,,2022,76.6,,0.908,
Upper-middle-income countries,,2023,80.0,,0.5760591,
Upper-middle-income countries,,2023,80.0,,0.719,
Upper-middle-income countries,,2023,80.0,,0.73009235,
Upper-middle-income countries,,2023,80.0,,,
Upper-middle-income countries,,2023,80.0,,,
Upper-middle-income countries,,2023,80.0,,,
Upper-middle-income countries,,2023,80.0,,0.775,
Upper-middle-income countries,,2023,80.0,,0.89665455,
Upper-middle-income countries,,2023,80.0,,0.818,
Upper-middle-income countries,,2023,80.0,,0.92227614,
Upper-middle-income countries,,2023,80.0,,,
Upper-middle-income countries,,2023,80.0,,,
Upper-middle-income countries,,2023,80.0,,,
Upper-middle-income countries,,2023,80.0,,,
Upper-middle-income countries,,2023,80.0,,0.777,
Upper-middle-income countries,,2023,80.0,,0.9179597,
Upper-middle-income countries,,2023,80.0,,,
Upper-middle-income countries,,2023,80.0,,,
Upper-middle-income countries,,2023,80.0,,,
Upper-middle-income countries,,2023,80.0,,,
Upper-middle-income countries,,2023,80.0,,,
Upper-middle-income countries,,2023,80.0,,0.783,
Upper-middle-income countries,,2023,80.0,,0.515,
Upper-middle-income countries,,2023,80.0,,0.47806427,
Upper-middle-income countries,,2023,80.0,,0.6585855,
Upper-middle-income countries,,2023,80.0,,0.656,
Upper-middle-income countries,,2023,80.0,,0.8702258,
Upper-middle-income countries,,2023,80.0,,0.84926206,
Upper-middle-income countries,,2023,80.0,,,
Upper-middle-income countries,,2023,80.0,,,
Upper-middle-income countries,,2023,80.0,,0.79245985,
Upper-middle-income countries,,2023,80.0,,0.672,
Upper-middle-income countries,,2023,80.0,,0.568,
Upper-middle-income countries,,2023,80.0,,,
Upper-middle-income countries,,2023,80.0,,0.78573513,
Upper-middle-income countries,,2023,80.0,,0.914,
Uruguay,URY,1990,0.0,15.444872,0.713,Americas
Uruguay,URY,1991,0.0,16.207277,0.717,Americas
Uruguay,URY,1992,0.0,18.156467,0.719,Americas
Uruguay,URY,1993,0.0,18.980314,0.722,Americas
Uruguay,URY,1994,0.062474385,20.154436,0.727,Americas
Uruguay,URY,1995,0.31012857,19.84499,0.729,Americas
Uruguay,URY,1996,1.8474721,21.116158,0.736,Americas
Uruguay,URY,1997,3.3632398,21.091763,0.747,Americas
Uruguay,URY,1998,6.987069,20.822218,0.757,Americas
Uruguay,URY,1999,9.972765,20.445757,0.76,Americas
Uruguay,URY,2000,10.5391,20.013767,0.764,Americas
Uruguay,URY,2001,11.1214,19.430437,0.771,Americas
Uruguay,URY,2002,11.4195,18.989973,0.775,Americas
Uruguay,URY,2003,15.9371,19.225391,0.78,Americas
Uruguay,URY,2004,17.0631,18.559896,0.779,Americas
Uruguay,URY,2005,20.0882,19.504658,0.778,Americas
Uruguay,URY,2006,29.4,19.544134,0.777,Americas
Uruguay,URY,2007,34.0,20.684324,0.78,Americas
Uruguay,URY,2008,39.3,22.426348,0.783,Americas
Uruguay,URY,2009,41.8,23.68828,0.787,Americas
Uruguay,URY,2010,46.4,27.248896,0.796,Americas
Uruguay,URY,2011,51.4047,29.227512,0.801,Americas
Uruguay,URY,2012,54.4538,30.719692,0.804,Americas
Uruguay,URY,2013,57.69,31.5063,0.812,Americas
Uruguay,URY,2014,61.4625,32.828636,0.816,Americas
Uruguay,URY,2015,64.5708,33.966007,0.818,Americas
Uruguay,URY,2016,66.4,35.260612,0.821,Americas
Uruguay,URY,2017,70.3224,35.62978,0.827,Americas
Uruguay,URY,2018,80.7268,35.771927,0.826,Americas
Uruguay,URY,2019,83.3515,38.193,0.83,Americas
Uruguay,URY,2020,85.471,40.156452,0.837,Americas
Uruguay,URY,2021,87.6444,38.698734,0.837,Americas
Uruguay,URY,2022,89.873,38.517204,0.852,Americas
Uzbekistan,UZB,1990,0.0,,,Asia
Uzbekistan,UZB,1991,0.0,,,Asia
Uzbekistan,UZB,1992,0.0,,,Asia
Uzbekistan,UZB,1993,0.0,,,Asia
Uzbekistan,UZB,1994,0.0,,,Asia
Uzbekistan,UZB,1995,0.001527093,,,Asia
Uzbekistan,UZB,1996,0.004285074,,,Asia
Uzbekistan,UZB,1997,0.010536935,,,Asia
Uzbekistan,UZB,1998,0.020754438,,,Asia
Uzbekistan,UZB,1999,0.030688344,,,Asia
Uzbekistan,UZB,2000,0.484347,,0.603,Asia
Uzbekistan,UZB,2001,0.597568,,0.61,Asia
Uzbekistan,UZB,2002,1.08194,,0.618,Asia
Uzbekistan,UZB,2003,1.9126,,0.625,Asia
Uzbekistan,UZB,2004,2.59373,,0.632,Asia
Uzbekistan,UZB,2005,3.34351,6.1134586,0.638,Asia
Uzbekistan,UZB,2006,6.38832,6.1043005,0.644,Asia
Uzbekistan,UZB,2007,7.4906,6.652316,0.658,Asia
Uzbekistan,UZB,2008,9.08011,6.680322,0.663,Asia
Uzbekistan,UZB,2009,11.9,7.1471505,0.672,Asia
Uzbekistan,UZB,2010,15.9,6.962992,0.681,Asia
Uzbekistan,UZB,2011,18.6,7.4772396,0.686,Asia
Uzbekistan,UZB,2012,23.6,7.7414923,0.692,Asia
Uzbekistan,UZB,2013,26.8,7.9355993,0.698,Asia
Uzbekistan,UZB,2014,35.5,8.186527,0.703,Asia
Uzbekistan,UZB,2015,42.8,8.576579,0.707,Asia
Uzbekistan,UZB,2016,46.7913,8.470675,0.714,Asia
Uzbekistan,UZB,2017,48.7,8.759643,0.719,Asia
Uzbekistan,UZB,2018,55.2,9.8572235,0.725,Asia
Uzbekistan,UZB,2019,70.4,9.942096,0.73,Asia
Uzbekistan,UZB,2020,71.1,10.293637,0.723,Asia
Uzbekistan,UZB,2021,76.5904,10.830035,0.727,Asia
Uzbekistan,UZB,2022,83.9,11.576005,0.737,Asia
Uzbekistan,UZB,2023,89.0136,11.938715,0.74,Asia
Vanuatu,VUT,1990,0.0,,,Oceania
Vanuatu,VUT,1991,0.0,,,Oceania
Vanuatu,VUT,1992,0.0,,,Oceania
Vanuatu,VUT,1993,0.0,,,Oceania
Vanuatu,VUT,1994,0.0,,,Oceania
Vanuatu,VUT,1995,0.0,,,Oceania
Vanuatu,VUT,1996,0.056845635,,,Oceania
Vanuatu,VUT,1997,0.13950582,,,Oceania
Vanuatu,VUT,1998,0.27418596,,,Oceania
Vanuatu,VUT,1999,0.53830004,,,Oceania
Vanuatu,VUT,2000,2.10834,,,Oceania
Vanuatu,VUT,2001,2.83057,,,Oceania
Vanuatu,VUT,2002,3.51004,,,Oceania
Vanuatu,VUT,2003,3.9033,,,Oceania
Vanuatu,VUT,2004,4.7466,,,Oceania
Vanuatu,VUT,2005,5.08233,,0.561,Oceania
Vanuatu,VUT,2006,5.85059,,0.567,Oceania
Vanuatu,VUT,2007,6.8,,0.57,Oceania
Vanuatu,VUT,2008,7.26912,,0.578,Oceania
Vanuatu,VUT,2009,7.5,,0.579,Oceania
Vanuatu,VUT,2010,8.0,,0.582,Oceania
Vanuatu,VUT,2011,9.2,,0.587,Oceania
Vanuatu,VUT,2012,10.598,,0.587,Oceania
Vanuatu,VUT,2013,11.3,,0.592,Oceania
Vanuatu,VUT,2014,18.8,,0.597,Oceania
Vanuatu,VUT,2015,22.3514,,0.599,Oceania
Vanuatu,VUT,2016,24.0,,0.603,Oceania
Vanuatu,VUT,2017,30.8,,0.607,Oceania
Vanuatu,VUT,2018,39.5,,0.612,Oceania
Vanuatu,VUT,2019,50.7305,,0.622,Oceania
Vanuatu,VUT,2020,64.286,,0.617,Oceania
Vanuatu,VUT,2021,68.612,,0.615,Oceania
Vanuatu,VUT,2022,69.8888,,0.621,Oceania
Venezuela,VEN,1990,0.0,15.428179,0.658,Americas
Venezuela,VEN,1991,0.0,15.948638,0.669,Americas
Venezuela,VEN,1992,0.012082134,16.006231,0.676,Americas
Venezuela,VEN,1993,0.041587234,14.965662,0.68,Americas
Venezuela,VEN,1994,0.055486977,13.815713,0.681,Americas
Venezuela,VEN,1995,0.12221485,13.827156,0.687,Americas
Venezuela,VEN,1996,0.24826057,13.438407,0.69,Americas
Venezuela,VEN,1997,0.39095932,12.944048,0.698,Americas
Venezuela,VEN,1998,1.3839904,11.352047,0.7,Americas
Venezuela,VEN,1999,2.8398259,11.88049,0.698,Americas
Venezuela,VEN,2000,3.3596,14.073105,0.703,Americas
Venezuela,VEN,2001,4.636,13.128458,0.708,Americas
Venezuela,VEN,2002,4.91045,12.256613,0.716,Americas
Venezuela,VEN,2003,7.49996,11.970776,0.707,Americas
Venezuela,VEN,2004,8.40447,14.239686,0.718,Americas
Venezuela,VEN,2005,12.553,17.611109,0.728,Americas
Venezuela,VEN,2006,15.2247,19.9599,0.736,Americas
Venezuela,VEN,2007,20.83,22.529364,0.753,Americas
Venezuela,VEN,2008,25.88,25.99299,0.759,Americas
Venezuela,VEN,2009,32.7,22.290731,0.76,Americas
Venezuela,VEN,2010,37.37,26.679781,0.764,Americas
Venezuela,VEN,2011,40.22,29.277555,0.77,Americas
Venezuela,VEN,2012,49.0501,30.055267,0.772,Americas
Venezuela,VEN,2013,54.9,28.037857,0.773,Americas
Venezuela,VEN,2014,57.0,18.444345,0.77,Americas
Venezuela,VEN,2015,58.0,,0.768,Americas
Venezuela,VEN,2016,60.0,,0.761,Americas
Venezuela,VEN,2017,61.6,,0.749,Americas
Vietnam,VNM,1990,0.0,1.3145646,0.499,Asia
Vietnam,VNM,1991,0.0,1.4495797,0.509,Asia
Vietnam,VNM,1992,0.0,1.5295556,0.521,Asia
Vietnam,VNM,1993,0.0,1.6978365,0.531,Asia
Vietnam,VNM,1994,0.0,1.7597606,0.543,Asia
Vietnam,VNM,1995,0.0,1.8729107,0.556,Asia
Vietnam,VNM,1996,0.000134813,2.0880613,0.567,Asia
Vietnam,VNM,1997,0.003981962,2.3240025,0.578,Asia
Vietnam,VNM,1998,0.013078543,2.2898283,0.588,Asia
Vietnam,VNM,1999,0.12892666,2.2263224,0.596,Asia
Vietnam,VNM,2000,0.254248,2.3180463,0.604,Asia
Vietnam,VNM,2001,1.26565,2.5863342,0.612,Asia
Vietnam,VNM,2002,1.855,2.7358446,0.621,Asia
Vietnam,VNM,2003,3.78028,2.8816855,0.63,Asia
Vietnam,VNM,2004,7.64241,3.1066086,0.638,Asia
Vietnam,VNM,2005,12.7399,3.325247,0.647,Asia
Vietnam,VNM,2006,17.2546,3.5764976,0.656,Asia
Vietnam,VNM,2007,20.7554,4.1368814,0.664,Asia
Vietnam,VNM,2008,23.92,4.6194744,0.672,Asia
Vietnam,VNM,2009,26.55,4.8155694,0.679,Asia
Vietnam,VNM,2010,30.65,5.547646,0.686,Asia
Vietnam,VNM,2011,35.07,5.9329395,0.693,Asia
Vietnam,VNM,2012,36.8,6.3238335,0.698,Asia
Vietnam,VNM,2013,38.5,6.6097536,0.704,Asia
Vietnam,VNM,2014,41.0,7.166942,0.711,Asia
Vietnam,VNM,2015,45.0,7.4363456,0.717,Asia
Vietnam,VNM,2016,53.0,7.7724657,0.723,Asia
Vietnam,VNM,2017,58.14,8.676572,0.729,Asia
Vietnam,VNM,2018,69.8479,8.861669,0.737,Asia
Vietnam,VNM,2019,68.6616,9.733969,0.744,Asia
Vietnam,VNM,2020,70.3,10.401819,0.755,Asia
Vietnam,VNM,2021,74.21,11.199046,0.754,Asia
Vietnam,VNM,2022,78.59,11.031121,0.764,Asia
Vietnam,VNM,2023,78.08,11.03451,0.766,Asia
World,OWID_WRL,1990,0.048824694,,0.608,
World,OWID_WRL,1991,0.07881051,,0.611,
World,OWID_WRL,1992,0.12518632,,0.614,
World,OWID_WRL,1993,0.17900668,,0.617,
World,OWID_WRL,1994,0.36050814,,0.62,
World,OWID_WRL,1995,0.68308204,,0.625,
World,OWID_WRL,1996,1.3265672,,0.631,
World,OWID_WRL,1997,2.042697,,0.636,
World,OWID_WRL,1998,3.1405797,,0.641,
World,OWID_WRL,1999,4.6329026,,0.646,
World,OWID_WRL,2000,6.720288,,0.651,
World,OWID_WRL,2001,8.022651,,0.657,
World,OWID_WRL,2002,10.478108,,0.662,
World,OWID_WRL,2003,12.161165,,0.669,
World,OWID_WRL,2004,14.037434,,0.675,
World,OWID_WRL,2005,15.6,,0.681,
World,OWID_WRL,2006,17.3,,0.688,
World,OWID_WRL,2007,20.3,,0.694,
World,OWID_WRL,2008,22.8,,0.698,
World,OWID_WRL,2009,25.4,,0.701,
World,OWID_WRL,2010,28.5,,0.707,
World,OWID_WRL,2011,31.0,,0.713,
World,OWID_WRL,2012,33.5,,0.717,
World,OWID_WRL,2013,35.4,,0.721,
World,OWID_WRL,2014,37.5,,0.726,
World,OWID_WRL,2015,39.9,,0.731,
World,OWID_WRL,2016,42.9,,0.735,
World,OWID_WRL,2017,45.4,,0.739,
World,OWID_WRL,2018,48.6,,0.741,
World,OWID_WRL,2019,53.2,,0.745,
World,OWID_WRL,2020,59.3,,0.742,
World,OWID_WRL,2021,62.2,,0.742,
World,OWID_WRL,2022,64.4,,0.752,
World,OWID_WRL,2023,67.4,,0.756,
Yemen,YEM,1990,0.0,,0.359,Asia
Yemen,YEM,1991,0.0,,0.364,Asia
Yemen,YEM,1992,0.0,,0.37,Asia
Yemen,YEM,1993,0.0,,0.377,Asia
Yemen,YEM,1994,0.0,,0.382,Asia
Yemen,YEM,1995,0.0,,0.393,Asia
Yemen,YEM,1996,0.000621081,,0.405,Asia
Yemen,YEM,1997,0.015025295,,0.413,Asia
Yemen,YEM,1998,0.023323243,,0.423,Asia
Yemen,YEM,1999,0.056628674,,0.429,Asia
Yemen,YEM,2000,0.0825004,,0.439,Asia
Yemen,YEM,2001,0.0908025,,0.449,Asia
Yemen,YEM,2002,0.518796,,0.458,Asia
Yemen,YEM,2003,0.604734,,0.467,Asia
Yemen,YEM,2004,0.881223,,0.475,Asia
Yemen,YEM,2005,1.0486,7.884461,0.481,Asia
Yemen,YEM,2006,1.24782,7.982443,0.486,Asia
Yemen,YEM,2007,5.01,8.281414,0.489,Asia
Yemen,YEM,2008,6.89,8.765694,0.492,Asia
Yemen,YEM,2009,9.96,8.53448,0.497,Asia
Yemen,YEM,2010,12.35,9.900771,0.502,Asia
Yemen,YEM,2011,14.905,8.742189,0.501,Asia
Yemen,YEM,2012,17.4465,8.147151,0.503,Asia
Yemen,YEM,2013,20.0,8.1600065,0.507,Asia
Yemen,YEM,2014,22.55,7.8891764,0.502,Asia
Yemen,YEM,2015,24.0854,7.181151,0.475,Asia
Yemen,YEM,2016,24.5792,5.578133,0.467,Asia
Yemen,YEM,2017,26.7184,4.1834826,0.459,Asia
Yemen,YEM,2020,13.8152,3.529208,0.459,Asia
Yemen,YEM,2021,14.8881,3.5599043,0.458,Asia
Yemen,YEM,2022,17.6948,3.4357433,0.466,Asia
Zambia,ZMB,1990,0.0,,0.422,Africa
Zambia,ZMB,1991,0.0,,0.416,Africa
Zambia,ZMB,1992,0.0,,0.414,Africa
Zambia,ZMB,1993,0.0,,0.417,Africa
Zambia,ZMB,1994,0.006776105,,0.413,Africa
Zambia,ZMB,1995,0.008783623,,0.413,Africa
Zambia,ZMB,1996,0.009069176,,0.415,Africa
Zambia,ZMB,1997,0.009329658,,0.418,Africa
Zambia,ZMB,1998,0.030226182,,0.418,Africa
Zambia,ZMB,1999,0.14705317,,0.423,Africa
Zambia,ZMB,2000,0.191072,,0.429,Africa
Zambia,ZMB,2001,0.23313,,0.437,Africa
Zambia,ZMB,2002,0.477751,,0.445,Africa
Zambia,ZMB,2003,0.980483,,0.458,Africa
Zambia,ZMB,2004,1.1,,0.468,Africa
Zambia,ZMB,2005,1.3,3.88996,0.48,Africa
Zambia,ZMB,2006,1.6,4.3782797,0.492,Africa
Zambia,ZMB,2007,1.9,5.7030125,0.504,Africa
Zambia,ZMB,2008,2.2,5.9238334,0.514,Africa
Zambia,ZMB,2009,2.5,6.468854,0.526,Africa
Zambia,ZMB,2010,3.0,7.071295,0.533,Africa
Zambia,ZMB,2011,3.5,7.8384986,0.538,Africa
Zambia,ZMB,2012,4.1,7.4221535,0.551,Africa
Zambia,ZMB,2013,4.8,6.9650087,0.557,Africa
Zambia,ZMB,2014,6.5,6.862733,0.559,Africa
Zambia,ZMB,2015,8.8,6.380543,0.565,Africa
Zambia,ZMB,2016,10.3,6.0975194,0.565,Africa
Zambia,ZMB,2017,12.2,6.1247315,0.57,Africa
Zambia,ZMB,2018,14.3,6.234076,0.575,Africa
Zambia,ZMB,2019,18.7,5.590863,0.578,Africa
Zambia,ZMB,2020,24.4992,4.912979,0.578,Africa
Zambia,ZMB,2021,26.9505,5.159984,0.574,Africa
Zambia,ZMB,2022,31.2342,5.439212,0.589,Africa
Zimbabwe,ZWE,1990,0.0,,0.5,Africa
Zimbabwe,ZWE,1991,0.0,,0.502,Africa
Zimbabwe,ZWE,1992,0.0,,0.487,Africa
Zimbabwe,ZWE,1993,0.0,,0.483,Africa
Zimbabwe,ZWE,1994,0.00173928,,0.482,Africa
Zimbabwe,ZWE,1995,0.00768354,,0.477,Africa
Zimbabwe,ZWE,1996,0.016790483,,0.472,Africa
Zimbabwe,ZWE,1997,0.03308033,,0.472,Africa
Zimbabwe,ZWE,1998,0.08164848,,0.467,Africa
Zimbabwe,ZWE,1999,0.16167553,,0.462,Africa
Zimbabwe,ZWE,2000,0.401434,,0.458,Africa
Zimbabwe,ZWE,2001,0.799846,,0.456,Africa
Zimbabwe,ZWE,2002,1.1,,0.459,Africa
Zimbabwe,ZWE,2003,1.8,,0.45,Africa
Zimbabwe,ZWE,2004,2.1,,0.453,Africa
Zimbabwe,ZWE,2005,2.4,0.76634395,0.455,Africa
Zimbabwe,ZWE,2006,2.4,2.4286366,0.457,Africa
Zimbabwe,ZWE,2007,3.0,2.6648512,0.459,Africa
Zimbabwe,ZWE,2008,3.5,1.9334495,0.456,Africa
Zimbabwe,ZWE,2009,4.0,3.3946054,0.488,Africa
Zimbabwe,ZWE,2010,6.4,3.257652,0.512,Africa
Zimbabwe,ZWE,2011,8.4,3.8090942,0.529,Africa
Zimbabwe,ZWE,2012,12.0,4.208882,0.545,Africa
Zimbabwe,ZWE,2013,15.5,4.3619394,0.554,Africa
Zimbabwe,ZWE,2014,16.3647,4.420427,0.56,Africa
Zimbabwe,ZWE,2015,22.7428,4.5761194,0.567,Africa
Zimbabwe,ZWE,2016,23.12,4.7721243,0.57,Africa
Zimbabwe,ZWE,2017,24.4,5.2420154,0.575,Africa
Zimbabwe,ZWE,2018,25.0,2.8527808,0.586,Africa
Zimbabwe,ZWE,2019,26.5883,4.4940133,0.584,Africa
Zimbabwe,ZWE,2020,29.2986,4.6748276,0.582,Africa
Zimbabwe,ZWE,2021,32.4616,4.1696596,0.581,Africa
Zimbabwe,ZWE,2022,32.5615,4.13962,0.594,Africa
